CONTRATO,FECHA_PEDIDO,MOTIVO_PEDIDO,PAQUETE_x,DETALLE_PEDIDO1,DETALLE_PEDIDO2,FECHA_CUMPLIMIENTO,COD_TECNICO,ESTATUS_x,ZONA,MODEM(S)_x,ESTATUS_y,PAQUETE_y,FECHA_INSTALACION,MODEM(S)_y,DIAS_ANTIGUEDAD,DIAS_ATENCION
42295,2026-02-01,EQUIPO DA?ADO,INTERNET FIBRA 60MB,CLIENTE ENTERADO CAMBIO DE EQUIPO  SIN COSTO ULISES,nan,2026-02-01,1500046,ACTIVO,VIRREY,XPONDD45BHEA,AC,INT20,2023-08-02,XPONDD45BHEA,914.0,0
45662,2026-02-01,NO NAVEGA. LEDS FIJOS/RUIDO,BASICO TV + INTERNET FIBRA 250MB ($399),SIN SEÑAL EN AMBOS SERV,nan,2026-02-04,1500036,ACTIVO,ATAPANEO,XPON1DE0044A,AC,BASINTF250,,XPON1DE0044A,,3
38705,2026-02-01,NO NAVEGA. LEDS FIJOS/RUIDO,BASICO TV + INTERNET FIBRA 60MB,LOS ROJO,nan,2026-02-03,5555555,ACTIVO,MADERO,XPONDD2BDAAE,AC,BASINT20,,XPONDD2BDAAE,,2
39243,2026-02-01,NO NAVEGA. LEDS PARPADEANDO/NO AMARRA,INTERNET FIBRA 60MB,LOS ROJO,nan,2026-02-03,1500047,ACTIVO,MADERO,48575443A73628A9,AC,INT20,,48575443A73628A9,,2
46347,2026-02-01,NO NAVEGA. LEDS PARPADEANDO/NO AMARRA,INTERNET FIBRA 75MB,LOS ROJO,"ER, FUERA DE LINEA",2026-02-05,1501177,ACTIVO,RICARDO FLORES MAGON,CDTCAFA3B6A2,AC,INT30,,CDTCAFA3B6A2,,4
2029,2026-02-03,NO NAVEGA. LEDS FIJOS/RUIDO,BASICO TV + INTERNET FIBRA 120MB,PIDE VISITA POR POCO ALCANCE EN EL MODEM,nan,2026-02-03,1500374,ACTIVO,VIRREY,HWTCAF91329D,AC,BASINT50,2014-04-02,HWTCAF91329D,4325.0,0
43743,2026-02-03,NO NAVEGA. LEDS PARPADEANDO/NO AMARRA,INTERNET FIBRA 60MB,LOS ROJO,nan,2026-02-03,1500047,ACTIVO,MADERO,OPTI359D1B5D,AC,INT20,2023-06-12,OPTI359D1B5D,967.0,0
7605,2026-02-03,NO NAVEGA. LEDS PARPADEANDO/NO AMARRA,INTERNET FIBRA 75MB,LOS ROJO,nan,2026-02-03,1500039,ACTIVO,PEDREGAL,48575443BA456986,AC,INT30,,48575443BA456986,,0
343508,2026-02-03,NO NAVEGA. LEDS PARPADEANDO/NO AMARRA,BASICO TV + INTERNET FIBRA 45MB (NO VIGENTE),LOS ROJO,nan,2026-02-03,1500047,ACTIVO,MADERO,XPONDD438ACB,AC,BASINT10,,XPONDD438ACB,,0
38928,2026-02-03,NO NAVEGA. LEDS PARPADEANDO/NO AMARRA,BASICO TV + INTERNET FIBRA 250MB ($399),LOS ROJO,nan,2026-02-03,1500047,ACTIVO,MADERO,HWTCAFAB572B,AC,BASINTF250,2021-09-08,HWTCAFAB572B,1609.0,0
43975,2026-02-03,NO NAVEGA. LEDS PARPADEANDO/NO AMARRA,INTERNET FIBRA 60MB,LOS ROJO,nan,2026-02-03,1500047,ACTIVO,MADERO,OPTI37B0A8DD,AC,INT20,2024-07-02,OPTI37B0A8DD,581.0,0
29173,2026-02-03,NO NAVEGA. LEDS PARPADEANDO/NO AMARRA,INTERNET FIBRA 60MB,LOS ROJO,nan,2026-02-03,1500039,ACTIVO,PEDREGAL,XPON1D968C93,AC,INT20,,XPON1D968C93,,0
46226,2026-02-03,NO NAVEGA. LEDS FIJOS/RUIDO,BASICO TV + INTERNET FIBRA 250MB ($399),nan,nan,2026-02-03,1500039,ACTIVO,PERIODISMO,XPONDD919C06,AC,BASINTF250,,XPONDD919C06,,0
23485,2026-02-03,NO NAVEGA. LEDS FIJOS/RUIDO,BASICO TV + INTERNET FIBRA 75MB,FUERA DE LINEA,nan,2026-02-04,1500047,ACTIVO,MADERO,XPONDD3FBB47,AC,BASINT30,2016-12-02,XPONDD3FBB47,3350.0,1
44404,2026-02-03,NO NAVEGA. LEDS FIJOS/RUIDO,BASICO TV + INTERNET FIBRA 150MB,CLIENTE COMENTA QUE NO ENCIENDE EL MODEM,nan,2026-02-04,1500039,ACTIVO,PEDREGAL,XPONDD2AC919,AC,BASINT100,,XPONDD2AC919,,1
46255,2026-02-03,NO NAVEGA. LEDS PARPADEANDO/NO AMARRA,INTERNET FIBRA 60MB,LOS ROJO,nan,2026-02-04,1500047,ACTIVO,PRADOS VERDES,HWTCAFAA1D75,AC,INT20,,HWTCAFAA1D75,,1
43212,2026-02-03,NO NAVEGA. LEDS FIJOS/RUIDO,INTERNET FIBRA 60MB,MODEM NO PRENDE,nan,2026-02-04,1500047,ACTIVO,PUNHUATO,XPONDD439C4B,AC,INT20,2023-11-08,XPONDD439C4B,818.0,1
1057,2026-02-03,NO NAVEGA. LEDS FIJOS/RUIDO,BASICO TV + INTERNET FIBRA 60MB,nan,MA. SE MANDA A CONFIRMAR,2026-02-04,1500862,ACTIVO,BELO,XPONDD3027C6,AC,BASINT20,2014-04-01,XPONDD3027C6,4326.0,1
38661,2026-02-03,NO NAVEGA. LEDS PARPADEANDO/NO AMARRA,BASICO TV + INTERNET FIBRA 120MB,SIN SEÑAL AMBOS SERVICIOS,nan,2026-02-04,1500047,ACTIVO,MADERO,nan,AC,BASINT50,,nan,,1
38138,2026-02-03,NO NAVEGA. LEDS PARPADEANDO/NO AMARRA,INTERNET FIBRA 75MB,LOS ROJO,nan,2026-02-04,1500374,ACTIVO,MIL CUMBRES,XPONDD5FFE7C,AC,INT30,,XPONDD5FFE7C,,1
28347,2026-02-03,NO NAVEGA. LEDS PARPADEANDO/NO AMARRA,BASICO TV + INTERNET FIBRA 60MB,nan,nan,2026-02-04,1500039,ACTIVO,PEDREGAL,XPONDD291630,AC,BASINT20,,XPONDD291630,,1
29755,2026-02-03,NO NAVEGA. LEDS PARPADEANDO/NO AMARRA,INTERNET FIBRA 60MB,FUERA DE LINEA,nan,2026-02-04,1500039,ACTIVO,PEDREGAL,HWTCAFAA0959,AC,INT20,,HWTCAFAA0959,,1
344440,2026-02-03,NO NAVEGA. LEDS PARPADEANDO/NO AMARRA,BASICO TV + INTERNET FIBRA 60MB,SIN SEÑAL AMBOS SERVICIOS,nan,2026-02-04,1500039,ACTIVO,PERIODISMO,XPONDD3F619F,AC,BASINT20,,XPONDD3F619F,,1
347200,2026-02-03,NO NAVEGA. LEDS FIJOS/RUIDO,BASICO TV + INTERNET FIBRA 60MB,PIDE VISITA POR FALLAS CONSTANTES,nan,2026-02-03,1500039,ACTIVO,PERIODISMO,XPONAF411455,AC,BASINT20,,XPONAF411455,,0
36885,2026-02-03,CAMBIO DE ACOMETIDA,INTERNET FIBRA 45MB (NO VIGENTE),TEC SOLICITA,nan,2026-02-03,1500039,ACTIVO,PEDREGAL,444437322E11A5D8,AC,INT10,,444437322E11A5D8,,0
42199,2026-02-03,NO NAVEGA. LEDS PARPADEANDO/NO AMARRA,BASICO TV + INTERNET FIBRA 60MB,TIENE NIVELBAJO REQUIEREVISITA TECNICA,nan,2026-02-04,1500047,CORTADO,PRADOS VERDES,XPONDD3A38A0,CO,BASINT20,,XPONDD3A38A0,,1
7605,2026-02-03,CAMBIO DE ACOMETIDA,INTERNET FIBRA 75MB,TIT ENTERADO DE CAMBIO DE ACOMETIDA SIN COSTO DEL MODEM AL POSTE SOLICITA TEC DAVID E,nan,2026-02-03,1500039,ACTIVO,PEDREGAL,48575443BA456986,AC,INT30,,48575443BA456986,,0
45690,2026-02-03,NO NAVEGA. LEDS PARPADEANDO/NO AMARRA,BASICO TV + INTERNET FIBRA 250MB ($399),nan,"ER, SE RECOMIENDA VISITA",2026-02-04,1500503,ACTIVO,SANTIAGUITO,HWTCAF3AD58E,AC,BASINTF250,,HWTCAF3AD58E,,1
41431,2026-02-03,NO NAVEGA. LEDS PARPADEANDO/NO AMARRA,INTERNET FIBRA 75MB,LE PUEDES GENERAR OS NO TENGO ACCESO AL EQUIPO,nan,2026-02-04,1500047,ACTIVO,MADERO,XPON1D42F030,AC,INT30,,XPON1D42F030,,1
40889,2026-02-03,EQUIPO DA?ADO,INTERNET FIBRA 75MB,TIT ACEPTA CAMBIO DE MODEM SIN COSTO TEC JORGE,nan,2026-02-05,1500046,ACTIVO,PERIODISMO,OPTI38CO6FB5,AC,INT30,2022-02-06,OPTI38CO6FB5,1458.0,2
38314,2026-02-03,NO NAVEGA. LEDS PARPADEANDO/NO AMARRA,BASICO TV + INTERNET FIBRA 60MB,LOS ROJO,nan,2026-02-04,1500039,ACTIVO,PEDREGAL,XPONDD4C731A,AC,BASINT20,,XPONDD4C731A,,1
30495,2026-02-03,NO NAVEGA. LEDS PARPADEANDO/NO AMARRA,BASICO TV + INTERNET FIBRA 250MB ($399),LOS ROJO AMBOS SERVICIOS,nan,2026-02-05,1500047,ACTIVO,PRADOS VERDES,CDTCAFA3E11A,AC,BASINTF250,2026-03-02,CDTCAFA3E11A,-27.0,2
29686,2026-02-03,NO NAVEGA. LEDS PARPADEANDO/NO AMARRA,BASICO TV + INTERNET FIBRA 250MB ($399),LOS ROJO,nan,2026-02-04,1500047,ACTIVO,MADERO,CDTCAFA3B312,AC,BASINTF250,,CDTCAFA3B312,,1
45038,2026-02-03,NO NAVEGA. LEDS PARPADEANDO/NO AMARRA,BASICO TV + INTERNET FIBRA 250MB ($399),LOS ROJO,nan,2026-02-04,1500039,ACTIVO,PEDREGAL,XPON1D42DA7C,AC,BASINTF250,2025-11-02,XPON1D42DA7C,93.0,1
42824,2026-02-03,NO NAVEGA. LEDS PARPADEANDO/NO AMARRA,BASICO TV + INTERNET FIBRA 250MB ($399),LOS ROJO AMBOS SERVICIOS,nan,2026-02-04,1500374,BAJA,VISTA BELLA,nan,BA,BASINTF250,,nan,,1
46226,2026-02-03,EQUIPO DA?ADO,BASICO TV + INTERNET FIBRA 250MB ($399),CLIENTE ENTERADO PODE DAVID,nan,2026-02-03,1500039,ACTIVO,PERIODISMO,XPONDD919C06,AC,BASINTF250,,XPONDD919C06,,0
40211,2026-02-03,NO NAVEGA. LEDS PARPADEANDO/NO AMARRA,INTERNET FIBRA 75MB,nan,nan,2026-02-04,1500503,ACTIVO,SANTIAGUITO,4857544375396E9C,AC,INT30,,4857544375396E9C,,1
29173,2026-02-03,EQUIPO DA?ADO,INTERNET FIBRA 60MB,CAMBIO DE MODEM SIN COSTO TIT ENTERADO PIDE DAVID E,nan,2026-02-03,1500039,ACTIVO,PEDREGAL,XPON1D968C93,AC,INT20,,XPON1D968C93,,0
335780,2026-02-03,NO NAVEGA. LEDS PARPADEANDO/NO AMARRA,INTERNET FIBRA 120MB,LOS ROJO,nan,2026-02-04,1500039,ACTIVO,PERIODISMO,HWTCAFAA1DA5,AC,INT50,2023-07-08,HWTCAFAA1DA5,941.0,1
29945,2026-02-03,NO NAVEGA. LEDS PARPADEANDO/NO AMARRA,INTERNET FIBRA 60MB,LOS ROJO,nan,2026-02-04,1500047,ACTIVO,PUNHUATO,XPONDD5FE1F4,AC,INT20,2017-02-02,XPONDD5FE1F4,3288.0,1
30686,2026-02-04,NO NAVEGA. LEDS FIJOS/RUIDO,INTERNET FIBRA 45MB (NO VIGENTE),FOCO ROJO,nan,2026-02-05,1500047,ACTIVO,MADERO,XPONDD37CE8C,AC,INT10,,XPONDD37CE8C,,1
26158,2026-02-04,NO NAVEGA. LEDS PARPADEANDO/NO AMARRA,BASICO TV + INTERNET FIBRA 250MB ($399),nan,JV SE ATENDIO CON EL TECNICO,2026-02-06,1501451,ACTIVO,VIRREY,XPONDD7EB29E,AC,BASINTF250,2025-11-11,XPONDD7EB29E,85.0,2
8257,2026-02-04,MALA INSTALACION (INTERNET),BASICO TV + INTERNET FIBRA 250MB ($399),nan,nan,2026-02-06,1500374,ACTIVO,VIRREY,XPONDD91A2C6,AC,BASINTF250,2016-12-02,XPONDD91A2C6,3351.0,2
45351,2026-02-04,NO NAVEGA. LEDS FIJOS/RUIDO,BASICO TV + INTERNET FIBRA 250MB ($399),SEÑAL INTERMITENTE SOLICITA VISITA,nan,2026-02-06,1500374,BAJA,VIRREY,nan,BA,BASINTF250,,nan,,2
37890,2026-02-04,NO NAVEGA. LEDS PARPADEANDO/NO AMARRA,INTERNET FIBRA 60MB,nan,nan,2026-02-04,1500039,ACTIVO,PEDREGAL,48575443D0319F5B,AC,INT20,,48575443D0319F5B,,0
44536,2026-02-04,NO NAVEGA. LEDS PARPADEANDO/NO AMARRA,INTERNET FIBRA 75MB,LOS ROJO,nan,2026-02-05,1500039,ACTIVO,PEDREGAL,XPONDD5300C4,AC,INT30,2024-08-08,XPONDD5300C4,545.0,1
40946,2026-02-04,NO NAVEGA. LEDS PARPADEANDO/NO AMARRA,INTERNET FIBRA 75MB,LOS ROJO,nan,2026-02-05,1500039,ACTIVO,PEDREGAL,485754431C5861A9,AC,INT30,2022-10-06,485754431C5861A9,1217.0,1
29755,2026-02-04,MODEM DAÑADO/PERDIDO (COBRO),INTERNET FIBRA 60MB,TIT ACEPTA CARGO DE 500 PESOS EN 2 PARCIALIDADES SOLICITA TEC DAVID E,CAMBIO DE MODEM POR PLAGA,2026-02-04,1500039,ACTIVO,PEDREGAL,HWTCAFAA0959,AC,INT20,,HWTCAFAA0959,,0
38314,2026-02-04,MODEM DAÑADO/PERDIDO (COBRO),BASICO TV + INTERNET FIBRA 60MB,TIT ACEPTA CARGO PARA ESTE MES,nan,2026-02-04,1500039,ACTIVO,PEDREGAL,XPONDD4C731A,AC,BASINT20,,XPONDD4C731A,,0
38138,2026-02-04,CAMBIO DE ACOMETIDA,INTERNET FIBRA 75MB,CLIENTE ENTERADA CAMBIO DE ACOMETIDA FERNANDO,nan,2026-02-04,1500374,ACTIVO,MIL CUMBRES,XPONDD5FFE7C,AC,INT30,,XPONDD5FFE7C,,0
10326,2026-02-04,NO NAVEGA. LEDS PARPADEANDO/NO AMARRA,BASICO TV + INTERNET FIBRA 250MB ($399),AMBOS SERVICIOS,LOS ROJO,2026-02-06,1500374,ACTIVO,VIRREY,XPONDD91960E,AC,BASINTF250,,XPONDD91960E,,2
29686,2026-02-04,EQUIPO DA?ADO,BASICO TV + INTERNET FIBRA 250MB ($399),CLIENTE ENTERADO SIN COSTO PIDE DANIEL,nan,2026-02-04,1500047,ACTIVO,MADERO,CDTCAFA3B312,AC,BASINTF250,,CDTCAFA3B312,,0
44365,2026-02-04,NO NAVEGA. LEDS PARPADEANDO/NO AMARRA,INTERNET FIBRA 60MB,LOS ROJO,nan,2026-02-09,1500374,ACTIVO,VIRREY,XPONDD4C5852,AC,INT20,,XPONDD4C5852,,5
41431,2026-02-04,EQUIPO DA?ADO,INTERNET FIBRA 75MB,CAMBIO DE MODEM SIN COSTO TIT ENTERADO,nan,2026-02-05,1500047,ACTIVO,MADERO,XPON1D42F030,AC,INT30,,XPON1D42F030,,1
38661,2026-02-04,NO NAVEGA. LEDS PARPADEANDO/NO AMARRA,BASICO TV + INTERNET FIBRA 120MB,nan,nan,2026-02-05,1500047,ACTIVO,MADERO,nan,AC,BASINT50,,nan,,1
46075,2026-02-04,NO NAVEGA. LEDS PARPADEANDO/NO AMARRA,BASICO TV + INTERNET FIBRA 250MB ($399),LOS ROJO,nan,2026-02-06,1500374,ACTIVO,VIRREY,XPONDD7EA736,AC,BASINTF250,,XPONDD7EA736,,2
344440,2026-02-04,CAMBIO DE ACOMETIDA,BASICO TV + INTERNET FIBRA 60MB,CAMBIO DE COMETIDA SIN COSTO TIT ENTERADA,nan,2026-02-04,1500039,ACTIVO,PERIODISMO,XPONDD3F619F,AC,BASINT20,,XPONDD3F619F,,0
42904,2026-02-04,NO NAVEGA. LEDS PARPADEANDO/NO AMARRA,BASICO TV + INTERNET FIBRA 60MB,LOS ROJO,FUERA DE LINEA,2026-02-07,1500374,ACTIVO,VIRREY,XPONDD3E5BA9,AC,BASINT20,2023-02-06,XPONDD3E5BA9,1094.0,3
30998,2026-02-04,NO NAVEGA. LEDS PARPADEANDO/NO AMARRA,BASICO TV + INTERNET FIBRA 60MB,SIN SEÑAL,nan,2026-02-06,1500039,ACTIVO,PEDREGAL,XPONDD2BDDCE,AC,BASINT20,,XPONDD2BDDCE,,2
335780,2026-02-04,EQUIPO DA?ADO,INTERNET FIBRA 120MB,TIT ACEPTA CAMBIO DE MODEM SIN COSTO TEC DAVID E,nan,2026-02-04,1500039,ACTIVO,PERIODISMO,HWTCAFAA1DA5,AC,INT50,2023-07-08,HWTCAFAA1DA5,942.0,0
44117,2026-02-04,NO NAVEGA. LEDS FIJOS/RUIDO,BASICO TV + INTERNET FIBRA 120MB,nan,nan,2026-02-05,1500039,ACTIVO,PERIODISMO,XPONDD4C7A5A,AC,BASINT50,2024-11-03,XPONDD4C7A5A,458.0,1
43212,2026-02-04,NO NAVEGA. LEDS PARPADEANDO/NO AMARRA,INTERNET FIBRA 60MB,SIN SEÑAL,nan,2026-02-05,1500047,ACTIVO,PUNHUATO,XPONDD439C4B,AC,INT20,2023-11-08,XPONDD439C4B,819.0,1
44902,2026-02-05,NO NAVEGA. LEDS PARPADEANDO/NO AMARRA,INTERNET FIBRA 60MB,LOS ROJO. ACOMETIDA DAÑADA,"ER, FUERA DE LINEA",2026-02-07,1501177,ACTIVO,NINO ARTILLERO,XPONDD91A5DE,AC,INT20,,XPONDD91A5DE,,2
38149,2026-02-05,NO NAVEGA. LEDS PARPADEANDO/NO AMARRA,INTERNET FIBRA 60MB,nan,nan,2026-02-06,1500374,ACTIVO,VIRREY,XPONDD531B74,AC,INT20,,XPONDD531B74,,1
32839,2026-02-05,NO NAVEGA. LEDS PARPADEANDO/NO AMARRA,INTERNET FIBRA 60MB,LOS ROJO,nan,2026-02-06,1500374,ACTIVO,VIRREY,XPONDD52F464,AC,INT20,2020-09-10,XPONDD52F464,1974.0,1
46481,2026-02-05,NO NAVEGA. LEDS PARPADEANDO/NO AMARRA,INTERNET FIBRA 60MB,LOS ROJO,nan,2026-02-06,1500047,ACTIVO,PRADOS VERDES,XPONDD5CB7C6,AC,INT20,2026-04-02,XPONDD5CB7C6,-56.0,1
30686,2026-02-05,CAMBIO DE ACOMETIDA,INTERNET FIBRA 45MB (NO VIGENTE),CAMBIO DE COMETIDA SIN COSTOTIT ENETERADO,nan,2026-02-05,1500047,ACTIVO,MADERO,XPONDD37CE8C,AC,INT10,,XPONDD37CE8C,,0
43820,2026-02-05,NO NAVEGA. LEDS PARPADEANDO/NO AMARRA,BASICO TV + INTERNET FIBRA 60MB,LOS ROJO,JE FUERA DE LINEA REQUIERE VISITA,2026-02-09,1500039,ACTIVO,PERIODISMO,OPTI38C00925,AC,BASINT20,,OPTI38C00925,,4
37051,2026-02-05,NO NAVEGA. LEDS PARPADEANDO/NO AMARRA,BASICO TV + INTERNET FIBRA 60MB,LOS ROJO,nan,2026-02-07,1501465,ACTIVO,PEDREGAL,XPONDD290350,AC,BASINT20,2020-04-09,XPONDD290350,2128.0,2
44938,2026-02-05,NO NAVEGA. LEDS PARPADEANDO/NO AMARRA,INTERNET FIBRA 60MB,LOS ROJO,"ER, SE MANDA CONFIRMAR",2026-02-06,1501177,CORTADO,NINO ARTILLERO,XPONDD5CB30E,CO,INT20,2025-06-01,XPONDD5CB30E,249.0,1
44856,2026-02-05,NO NAVEGA. LEDS PARPADEANDO/NO AMARRA,INTERNET FIBRA 75MB,LOS ROJO SOLO PUEDE ANTEDER DE 3 EN ADELANTE,nan,2026-02-06,1500039,ACTIVO,PEDREGAL,XPONDD4C5C5A,AC,INT30,,XPONDD4C5C5A,,1
39672,2026-02-05,NO NAVEGA. LEDS PARPADEANDO/NO AMARRA,INTERNET FIBRA 60MB,LOS ROJO,nan,2026-02-09,1500374,ACTIVO,MIL CUMBRES,XPONDD4CDE6A,AC,INT20,2024-12-06,XPONDD4CDE6A,426.0,4
45499,2026-02-05,NO NAVEGA. LEDS PARPADEANDO/NO AMARRA,INTERNET FIBRA 75MB,LOS ROJO,nan,2026-02-09,1500039,ACTIVO,PEDREGAL,XPONDD439A0B,AC,INT30,,XPONDD439A0B,,4
344825,2026-02-05,NO NAVEGA. LEDS PARPADEANDO/NO AMARRA,INTERNET FIBRA 60MB,LOS ROJO,nan,2026-02-06,1500047,ACTIVO,PRADOS VERDES,4857544317416B9F,AC,INT20,2014-04-07,4857544317416B9F,4322.0,1
43696,2026-02-05,EQUIPO DA?ADO,BASICO TELECABLE FIBRA,CAMBIO SIN COSTO TIT ENTERADO,nan,2026-02-05,1500036,ACTIVO,MADERO,XPONDD5C212D,nan,nan,,nan,,0
43696,2026-02-05,EQUIPO DA?ADO,BASICO TELECABLE FIBRA,CAMBIO SIN COSTO TIT ENTERADO,nan,2026-02-05,1500036,ACTIVO,MADERO,XPONDD5C212D,nan,nan,,nan,,0
28347,2026-02-05,NO NAVEGA. LEDS PARPADEANDO/NO AMARRA,BASICO TV + INTERNET FIBRA 60MB,LOS ROJO,EN LINEA,2026-02-08,1500039,ACTIVO,PEDREGAL,XPONDD291630,AC,BASINT20,,XPONDD291630,,3
46492,2026-02-06,NO NAVEGA. LEDS PARPADEANDO/NO AMARRA,INTERNET FIBRA 75MB,LOS ROJO,nan,2026-02-06,1500039,ACTIVO,PEDREGAL,HWTCAFAA09D1,AC,INT30,2026-06-02,HWTCAFAA09D1,-116.0,0
43564,2026-02-06,NO NAVEGA. LEDS PARPADEANDO/NO AMARRA,INTERNET FIBRA 75MB,LOS ROJO,nan,2026-02-08,1500374,ACTIVO,VIRREY,48575443938D9C8B,AC,INT30,2023-06-10,48575443938D9C8B,972.0,2
28459,2026-02-06,NO NAVEGA. LEDS PARPADEANDO/NO AMARRA,BASICO TV + INTERNET FIBRA 75MB,REQUIERE VISITA,nan,2026-02-06,1500047,ACTIVO,PRADOS VERDES,OEMT3C1D26E4,AC,BASINT30,2016-07-10,OEMT3C1D26E4,3498.0,0
43608,2026-02-06,NO NAVEGA. LEDS PARPADEANDO/NO AMARRA,BASICO TV + INTERNET FIBRA 60MB,SIN SEÑAL AMBOS SERVICIOS,nan,2026-02-08,1500039,BAJA,PEDREGAL,nan,BA,BASINT20,2023-01-11,nan,1122.0,2
12136,2026-02-06,NO NAVEGA. LEDS PARPADEANDO/NO AMARRA,INTERNET FIBRA 75MB,LOS ROJO,EN LINEA,2026-02-08,1500039,ACTIVO,PEDREGAL,XPONDD41E8A3,AC,INT30,2024-05-12,XPONDD41E8A3,635.0,2
45038,2026-02-06,NO NAVEGA. LEDS PARPADEANDO/NO AMARRA,BASICO TV + INTERNET FIBRA 250MB ($399),FOCO ROJO,EN LINEA,2026-02-08,1500039,ACTIVO,PEDREGAL,XPON1D42DA7C,AC,BASINTF250,2025-11-02,XPON1D42DA7C,96.0,2
29755,2026-02-06,NO NAVEGA. LEDS PARPADEANDO/NO AMARRA,INTERNET FIBRA 60MB,LOS ROJO,nan,2026-02-08,1500039,ACTIVO,PEDREGAL,HWTCAFAA0959,AC,INT20,,HWTCAFAA0959,,2
46033,2026-02-06,NO NAVEGA. LEDS PARPADEANDO/NO AMARRA,BASICO TV + INTERNET FIBRA 250MB ($399),ESTA FUERA DE LINEA REQ VISITA,nan,2026-02-06,1500047,ACTIVO,MADERO,HWTCAFAB2D2B,AC,BASINTF250,2025-10-12,HWTCAFAB2D2B,117.0,0
3429,2026-02-06,NO NAVEGA. LEDS PARPADEANDO/NO AMARRA,INTERNET FIBRA 60MB,nan,nan,2026-02-09,1500039,ACTIVO,PEDREGAL,XPONDD3C2958,AC,INT20,2023-06-12,XPONDD3C2958,970.0,3
345322,2026-02-07,NO NAVEGA. LEDS PARPADEANDO/NO AMARRA,INTERNET FIBRA 60MB,LOS ROJO,"ER, FUERA DE LINEA",2026-02-09,1500047,ACTIVO,MADERO,nan,AC,INT20,2025-08-01,nan,190.0,2
45550,2026-02-07,NO NAVEGA. LEDS PARPADEANDO/NO AMARRA,BASICO TV + INTERNET FIBRA 250MB ($399),LOS ROJO,JE FUERA DE LINEA REQUIERE VISITA,2026-02-09,1500047,ACTIVO,MADERO,HWTCAF3AD462,AC,BASINTF250,,HWTCAF3AD462,,2
44902,2026-02-07,CAMBIO DE ACOMETIDA,INTERNET FIBRA 60MB,CAMBIO DE COMETIDA SIN COSTO TIT ENTERADO,nan,2026-02-07,1501177,ACTIVO,NINO ARTILLERO,XPONDD91A5DE,AC,INT20,,XPONDD91A5DE,,0
621,2026-02-07,NO NAVEGA. LEDS PARPADEANDO/NO AMARRA,BASICO TV + INTERNET FIBRA 250MB ($399),nan,nan,2026-02-10,1500374,ACTIVO,VIRREY,XPONDD7EAE5E,AC,BASINTF250,,XPONDD7EAE5E,,3
621,2026-02-07,NO NAVEGA. LEDS PARPADEANDO/NO AMARRA,BASICO TV + INTERNET FIBRA 250MB ($399),nan,nan,2026-02-10,1500374,ACTIVO,VIRREY,XPONDD7EAE5E,AC,BASINTF250,,XPONDD7EAE5E,,3
8798,2026-02-07,NO NAVEGA. LEDS PARPADEANDO/NO AMARRA,INTERNET FIBRA 75MB,EL CARGADOR NO SIRVE,nan,2026-02-09,1500047,ACTIVO,MADERO,XPONDD530184,AC,INT30,2014-01-07,XPONDD530184,4414.0,2
21428,2026-02-07,NO NAVEGA. LEDS PARPADEANDO/NO AMARRA,BASICO TV + INTERNET FIBRA 45MB (NO VIGENTE),FOCO ROJO,"ER, FUERA DE LINEA",2026-02-09,1500039,ACTIVO,PEDREGAL,XPONDD251E37,AC,BASINT10,,XPONDD251E37,,2
37051,2026-02-07,CAMBIO DE ACOMETIDA,BASICO TV + INTERNET FIBRA 60MB,TEC SOLICITA OS TIT ENTERADO QUE NO TIENE COSTO,nan,2026-02-07,1501465,ACTIVO,PEDREGAL,XPONDD290350,AC,BASINT20,2020-04-09,XPONDD290350,2130.0,0
46334,2026-02-07,NO NAVEGA. LEDS PARPADEANDO/NO AMARRA,INTERNET FIBRA 120MB,FUERA DE LINEA REQUIERE VISITA TECNICA,"ER, SE MANDA CONFIRMAR, CONFIRMA",2026-02-08,5555555,ACTIVO,MADERO,XPONDD41EE13,AC,INT50,2026-08-01,XPONDD41EE13,-175.0,1
43207,2026-02-07,NO NAVEGA. LEDS PARPADEANDO/NO AMARRA,INTERNET FIBRA 60MB,FUERA DE LINEA REQUIERE VISITA,"ER, SE MANDA CONFIRMAR",2026-02-09,1500047,ACTIVO,MADERO,XPONDD41EF13,AC,INT20,,XPONDD41EF13,,2
37308,2026-02-07,NO NAVEGA. LEDS FIJOS/RUIDO,INTERNET FIBRA 45MB (NO VIGENTE),LEDS VERDES INTERMITENTES,"ER, SE MANDA CONFIRMAR",2026-02-09,1500047,ACTIVO,PRADOS VERDES,XPONDD5FF444,AC,INT10,,XPONDD5FF444,,2
6630,2026-02-07,NO NAVEGA. LEDS PARPADEANDO/NO AMARRA,BASICO TV + INTERNET FIBRA 250MB ($399),LOS ROJO,"ER, SE MANDA CONFIRMAR,  CONFIRMA",2026-02-08,5555555,ACTIVO,MADERO,XPONDD7EA106,AC,BASINTF250,,XPONDD7EA106,,1
46046,2026-02-07,NO NAVEGA. LEDS PARPADEANDO/NO AMARRA,BASICO TV + INTERNET FIBRA 250MB ($399),LOS ROJO. CONFIRMA SEÑAL CLIENTE JUAN DANIEL- UBER,"ER, FUERA DE LINEA",2026-02-08,5555555,ACTIVO,EL REALITO,XPONDD7EAD56,AC,BASINTF250,,XPONDD7EAD56,,1
37628,2026-02-08,NO NAVEGA. LEDS PARPADEANDO/NO AMARRA,INTERNET EXTREME (NO VIGENTE),LOS ROJO,NODOD APAGADO,2026-02-08,1500374,ACTIVO,PERIODISMO,14ABF0048AC2,AC,IESEP,,14ABF0048AC2,,0
9312,2026-02-08,NO NAVEGA. LEDS PARPADEANDO/NO AMARRA,BASICO TV + INTERNET FIBRA 60MB,LOS ROJO,"ER, FUERA DE LINEA",2026-02-09,1500047,ACTIVO,PRADOS VERDES,XPONDD32FB4E,AC,BASINT20,2014-11-08,XPONDD32FB4E,4110.0,1
38930,2026-02-08,NO NAVEGA. LEDS PARPADEANDO/NO AMARRA,BASICO TV + INTERNET FIBRA 60MB,CLIENTE ROMPIO EL CARGADOR,"ER, FUERA DE LINEA",2026-02-09,1500047,ACTIVO,MADERO,XPONDD3959E4,AC,BASINT20,,XPONDD3959E4,,1
41590,2026-02-08,NO NAVEGA. LEDS PARPADEANDO/NO AMARRA,BASICO TV + INTERNET FIBRA 250MB ($399),LOS ROJO,"ER, SE MANDA CONFIRMAR",2026-02-09,1500047,ACTIVO,PUNHUATO,HWTC5002682E,AC,BASINTF250,2025-04-04,HWTC5002682E,310.0,1
41590,2026-02-08,NO NAVEGA. LEDS PARPADEANDO/NO AMARRA,BASICO TV + INTERNET FIBRA 250MB ($399),LOS ROJO,"ER, SE MANDA CONFIRMAR",2026-02-09,1500047,ACTIVO,PUNHUATO,HWTC5002682E,AC,BASINTF250,2025-04-04,HWTC5002682E,310.0,1
9312,2026-02-08,NO NAVEGA. LEDS PARPADEANDO/NO AMARRA,BASICO TV + INTERNET FIBRA 60MB,nan,"ER, FUERA DE LINEA",2026-02-10,1500047,ACTIVO,PRADOS VERDES,XPONDD32FB4E,AC,BASINT20,2014-11-08,XPONDD32FB4E,4110.0,2
33621,2026-02-08,NO NAVEGA. LEDS FIJOS/RUIDO,INTERNET FIBRA 45MB (NO VIGENTE),nan,PIDE VISITA POR FALLA,2026-02-09,1500047,ACTIVO,MADERO,XPONDD6004B4,AC,INT10,2018-09-04,XPONDD6004B4,2714.0,1
12136,2026-02-08,NO NAVEGA. LEDS PARPADEANDO/NO AMARRA,INTERNET FIBRA 75MB,"LOS ROJO, DESDE OS ANTERIOR",nan,2026-02-09,1500039,ACTIVO,PEDREGAL,XPONDD41E8A3,AC,INT30,2024-05-12,XPONDD41E8A3,637.0,1
27835,2026-02-08,NO NAVEGA. LEDS PARPADEANDO/NO AMARRA,INTERNET FIBRA 60MB,LOS ROJO,nan,2026-02-09,1500039,ACTIVO,PEDREGAL,204E7FC187DD,AC,INT20,2019-03-10,204E7FC187DD,2527.0,1
42070,2026-02-08,NO NAVEGA. LEDS FIJOS/RUIDO,INTERNET FIBRA 60MB,nan,nan,2026-02-09,1500039,ACTIVO,PEDREGAL,XPONDD396604,AC,INT20,,XPONDD396604,,1
43608,2026-02-08,NO NAVEGA. LEDS FIJOS/RUIDO,BASICO TV + INTERNET FIBRA 60MB,nan,nan,2026-02-09,1500039,BAJA,PEDREGAL,nan,BA,BASINT20,2023-01-11,nan,1124.0,1
45104,2026-02-08,NO NAVEGA. LEDS PARPADEANDO/NO AMARRA,BASICO TV + INTERNET 50MB (DOBLE MEGAS) (NO VIGENTE),LOS ROJO,nan,2026-02-09,1500047,ACTIVO,PRADOS VERDES,XPON1D90364C,AC,BASINT50DM,,XPON1D90364C,,1
30455,2026-02-08,NO NAVEGA. LEDS FIJOS/RUIDO,INTERNET FIBRA 75MB,SIN CONEXION,nan,2026-02-12,1500374,ACTIVO,VIRREY,485754436489508B,AC,INT30,2021-04-12,485754436489508B,1763.0,4
343466,2026-02-09,NO NAVEGA. LEDS PARPADEANDO/NO AMARRA,BASICO TV + INTERNET FIBRA 60MB,SIN SEÑAL EN NINGUN SERVICIO,nan,2026-02-10,1500047,ACTIVO,MADERO,OEMT3C1D24AC,AC,BASINT20,2014-01-04,OEMT3C1D24AC,4419.0,1
46046,2026-02-09,NO NAVEGA. LEDS PARPADEANDO/NO AMARRA,BASICO TV + INTERNET FIBRA 250MB ($399),nan,nan,2026-02-10,1501177,ACTIVO,EL REALITO,XPONDD7EAD56,AC,BASINTF250,,XPONDD7EAD56,,1
43645,2026-02-09,NO NAVEGA. LEDS PARPADEANDO/NO AMARRA,INTERNET FIBRA 75MB,LOS ROJO,"ER, FUERA DE LINEA",2026-02-11,1501177,ACTIVO,EL REALITO,OPTI37AFFFBD,AC,INT30,2023-08-11,OPTI37AFFFBD,913.0,2
43005,2026-02-09,NO NAVEGA. LEDS PARPADEANDO/NO AMARRA,BASICO TV + INTERNET FIBRA 60MB,SIN SEÑAL AMBOS SERVICIOS,nan,2026-02-12,1500047,ACTIVO,MADERO,XPONDD3FC1A7,AC,BASINT20,2023-10-07,XPONDD3FC1A7,856.0,3
44902,2026-02-09,NO NAVEGA. LEDS PARPADEANDO/NO AMARRA,INTERNET FIBRA 60MB,LOS ROJO,"ER, FUERA DE LINEA",2026-02-10,1501177,ACTIVO,NINO ARTILLERO,XPONDD91A5DE,AC,INT20,,XPONDD91A5DE,,1
40135,2026-02-09,EQUIPO DA?ADO,BASICO TV + INTERNET FIBRA 75MB,CAMBIO DE EQUIPO SIN COSTO TIT ENTERADA,nan,2026-02-10,1500047,ACTIVO,MADERO,XPONDD2C07C6,AC,BASINT30,,XPONDD2C07C6,,1
44887,2026-02-09,NO NAVEGA. LEDS PARPADEANDO/NO AMARRA,INTERNET FIBRA 60MB,nan,nan,2026-02-13,1500374,ACTIVO,BELO,XPONDD5CB1A6,AC,INT20,,XPONDD5CB1A6,,4
45480,2026-02-09,NO NAVEGA. LEDS PARPADEANDO/NO AMARRA,INTERNET FIBRA 75MB,LOS ROJO,nan,2026-02-10,1500047,ACTIVO,ATAPANEO,HWTC1DD87A10,AC,INT30,,HWTC1DD87A10,,1
37385,2026-02-09,NO NAVEGA. LEDS PARPADEANDO/NO AMARRA,BASICO TV + INTERNET FIBRA 250MB ($399),CABLE TROZADO,nan,2026-02-10,1500374,ACTIVO,VIRREY,485754437423904C,AC,BASINTF250,,485754437423904C,,1
37385,2026-02-09,NO NAVEGA. LEDS PARPADEANDO/NO AMARRA,BASICO TV + INTERNET FIBRA 250MB ($399),CABLE TROZADO,nan,2026-02-10,1500374,ACTIVO,VIRREY,485754437423904C,AC,BASINTF250,,485754437423904C,,1
40180,2026-02-09,NO NAVEGA. LEDS PARPADEANDO/NO AMARRA,INTERNET FIBRA 75MB,SIN SEÑAL,nan,2026-02-10,1500047,ACTIVO,MADERO,XPONDD4CE262,AC,INT30,2022-09-02,XPONDD4CE262,1256.0,1
45814,2026-02-09,NO NAVEGA. LEDS PARPADEANDO/NO AMARRA,INTERNET FIBRA 75MB,FUERA DE LINEA REQUIERE VISITA,nan,2026-02-10,1500047,ACTIVO,MADERO,XPONDD5CBBBE,AC,INT30,2025-09-10,XPONDD5CBBBE,152.0,1
41590,2026-02-09,NO NAVEGA. LEDS PARPADEANDO/NO AMARRA,BASICO TV + INTERNET FIBRA 250MB ($399),LOS ROJO,nan,2026-02-10,1500047,ACTIVO,PUNHUATO,HWTC5002682E,AC,BASINTF250,2025-04-04,HWTC5002682E,311.0,1
41590,2026-02-09,NO NAVEGA. LEDS PARPADEANDO/NO AMARRA,BASICO TV + INTERNET FIBRA 250MB ($399),LOS ROJO,nan,2026-02-10,1500047,ACTIVO,PUNHUATO,HWTC5002682E,AC,BASINTF250,2025-04-04,HWTC5002682E,311.0,1
24608,2026-02-09,EQUIPO DA?ADO,BASICO TV + INTERNET FIBRA 250MB ($399),SIN COSTO TIT ENTERADO PIDE DAVID E,nan,2026-02-09,1500039,ACTIVO,PERIODISMO,HWTCAFAB563B,AC,BASINTF250,2026-08-01,HWTCAFAB563B,-173.0,0
33508,2026-02-09,NO NAVEGA. LEDS PARPADEANDO/NO AMARRA,INTERNET FIBRA 60MB,MODEM APAGADO,nan,2026-02-10,1500047,ACTIVO,MADERO,48575443D094B75B,AC,INT20,,48575443D094B75B,,1
28459,2026-02-09,NO NAVEGA. LEDS PARPADEANDO/NO AMARRA,BASICO TV + INTERNET FIBRA 75MB,LOS ROJO,nan,2026-02-10,1500036,ACTIVO,PRADOS VERDES,OEMT3C1D26E4,AC,BASINT30,2016-07-10,OEMT3C1D26E4,3501.0,1
347865,2026-02-09,NO NAVEGA. LEDS PARPADEANDO/NO AMARRA,INTERNET FIBRA 75MB,LOS ROJO,nan,2026-02-10,1500047,ACTIVO,PRADOS VERDES,HWTCAFAA181D,AC,INT30,2026-09-02,HWTCAFAA181D,-205.0,1
46482,2026-02-10,NO NAVEGA. LEDS PARPADEANDO/NO AMARRA,BASICO TV + INTERNET FIBRA 250MB ($399),LOS ROJO,nan,2026-02-11,1500047,ACTIVO,PRADOS VERDES,HWTC1DD89384,AC,BASINTF250,2026-09-02,HWTC1DD89384,-204.0,1
31573,2026-02-10,NO NAVEGA. LEDS PARPADEANDO/NO AMARRA,INTERNET FIBRA 60MB,LOS ROJO,nan,2026-02-11,1500047,ACTIVO,MADERO,XPONDD52FC2C,AC,INT20,2026-09-02,XPONDD52FC2C,-204.0,1
40180,2026-02-10,EQUIPO DA?ADO,INTERNET FIBRA 75MB,CLIENTE ENTERADO CAMBIO DE EQUIPO SIN COSTO DANIEL,nan,2026-02-10,1500047,ACTIVO,MADERO,XPONDD4CE262,AC,INT30,2022-09-02,XPONDD4CE262,1257.0,0
343955,2026-02-10,NO NAVEGA. LEDS PARPADEANDO/NO AMARRA,INTERNET FIBRA 120MB,nan,nan,2026-02-12,1500374,ACTIVO,VIRREY,XPONDD52DC74,AC,INT50,2014-09-04,XPONDD52DC74,4177.0,2
46457,2026-02-10,NO NAVEGA. LEDS PARPADEANDO/NO AMARRA,BASICO TV + INTERNET FIBRA 250MB ($399),LOS ROJO,nan,2026-02-11,1500039,ACTIVO,PERIODISMO,CDTCAFA3E55E,AC,BASINTF250,2026-09-02,CDTCAFA3E55E,-204.0,1
12136,2026-02-10,NO NAVEGA. LEDS FIJOS/RUIDO,INTERNET FIBRA 75MB,FOCO ROJO,nan,2026-02-10,1500039,ACTIVO,PEDREGAL,XPONDD41E8A3,AC,INT30,2024-05-12,XPONDD41E8A3,639.0,0
345052,2026-02-10,NO NAVEGA. LEDS FIJOS/RUIDO,BASICO TV + INTERNET FIBRA 75MB,PIDE VISITA POR FALLAS CONSTANTES,nan,2026-02-11,1500039,ACTIVO,PEDREGAL,XPONDD35416A,AC,BASINT30,,XPONDD35416A,,1
7975,2026-02-10,NO NAVEGA. LEDS PARPADEANDO/NO AMARRA,BASICO TV + INTERNET FIBRA 45MB (NO VIGENTE),FUERA DE LINEA,nan,2026-02-13,1500039,ACTIVO,PEDREGAL,XPONDD6F09B3,AC,BASINT10,,XPONDD6F09B3,,3
43401,2026-02-10,NO NAVEGA. LEDS PARPADEANDO/NO AMARRA,INTERNET FIBRA 120MB,MODEM APAGADO,nan,2026-02-11,1500047,ACTIVO,MADERO,4857544374B2894C,AC,INT50,,4857544374B2894C,,1
28430,2026-02-10,NO NAVEGA. LEDS PARPADEANDO/NO AMARRA,BASICO TV + INTERNET FIBRA 60MB,LOS ROJO AMBOS SERVICIO,nan,2026-02-11,1500039,ACTIVO,PERIODISMO,XPONDD353EC2,AC,BASINT20,2016-09-10,XPONDD353EC2,3440.0,1
42026,2026-02-10,NO NAVEGA. LEDS PARPADEANDO/NO AMARRA,BASICO TV + INTERNET FIBRA 60MB,nan,nan,2026-02-11,1500047,ACTIVO,PRADOS VERDES,XPONDD396A94,AC,BASINT20,2022-12-12,XPONDD396A94,1156.0,1
42537,2026-02-10,NO NAVEGA. LEDS PARPADEANDO/NO AMARRA,INTERNET FIBRA 75MB,LOS ROJO,nan,2026-02-11,1500047,ACTIVO,PUNHUATO,485754430D968085,AC,INT30,,485754430D968085,,1
42436,2026-02-10,NO NAVEGA. LEDS PARPADEANDO/NO AMARRA,INTERNET FIBRA 120MB,LOS ROJO,nan,2026-02-11,1500047,CORTADO,PUNHUATO,XPONDD41E5DB,CO,INT50,2023-07-03,XPONDD41E5DB,953.0,1
43437,2026-02-10,NO NAVEGA. LEDS PARPADEANDO/NO AMARRA,INTERNET FIBRA 120MB,FUERA DE LINEA REQUIERE VISITA,nan,2026-02-11,1500047,ACTIVO,PUNHUATO,4857544374B4624C,AC,INT50,,4857544374B4624C,,1
41986,2026-02-10,NO NAVEGA. LEDS PARPADEANDO/NO AMARRA,BASICO TV + INTERNET FIBRA 60MB,SIN SEÑAL EN AMBOS SERVICIOS,nan,2026-02-11,1500047,ACTIVO,PRADOS VERDES,XPONDD37CD84,AC,BASINT20,2022-01-12,XPONDD37CD84,1490.0,1
345229,2026-02-11,NO NAVEGA. LEDS PARPADEANDO/NO AMARRA,INTERNET FIBRA 75MB,LOS ROJO,nan,2026-02-11,1500039,ACTIVO,PERIODISMO,485754439FD3DCC5,AC,INT30,,485754439FD3DCC5,,0
44818,2026-02-11,NO NAVEGA. LEDS PARPADEANDO/NO AMARRA,INTERNET FIBRA 60MB,FOCO ROJO,nan,2026-02-11,1500039,ACTIVO,PEDREGAL,XPONDD4C53CA,AC,INT20,,XPONDD4C53CA,,0
40481,2026-02-11,NO NAVEGA. LEDS PARPADEANDO/NO AMARRA,INTERNET FIBRA 150MB,LOS ROJO,nan,2026-02-11,1500039,ACTIVO,PEDREGAL,48575443B88F8F9B,AC,INT100,2022-10-03,48575443B88F8F9B,1227.0,0
39759,2026-02-11,NO NAVEGA. LEDS FIJOS/RUIDO,BASICO TV + INTERNET FIBRA 250MB ($399),nan,nan,2026-02-12,1500047,ACTIVO,PRADOS VERDES,HWTCAF908851,AC,BASINTF250,,HWTCAF908851,,1
45933,2026-02-11,NO NAVEGA. LEDS PARPADEANDO/NO AMARRA,BASICO TV + INTERNET FIBRA 250MB ($399),EL NIVEL BAJO Y LA VARIACION DEL MISMO HACE QUE LE CAUSE ESA FALLA,nan,2026-02-13,1500039,ACTIVO,PERIODISMO,XPONDD7EA6D6,AC,BASINTF250,2025-04-11,XPONDD7EA6D6,306.0,2
44034,2026-02-11,NO NAVEGA. LEDS PARPADEANDO/NO AMARRA,BASICO TV + INTERNET FIBRA 75MB,nan,nan,2026-02-12,1500374,ACTIVO,VIRREY,XPONDD4C770A,AC,BASINT30,,XPONDD4C770A,,1
43629,2026-02-11,NO NAVEGA. LEDS PARPADEANDO/NO AMARRA,INTERNET FIBRA 60MB,LOS ROJO,nan,2026-02-13,1500039,ACTIVO,PEDREGAL,OPTI37B0C8BD,AC,INT20,2023-04-11,OPTI37B0C8BD,1037.0,2
41170,2026-02-11,NO NAVEGA. LEDS PARPADEANDO/NO AMARRA,BASICO TV + INTERNET FIBRA 75MB,LOS ROJO,nan,2026-02-12,1500047,ACTIVO,MADERO,XPONDD3F5A17,AC,BASINT30,2022-05-07,XPONDD3F5A17,1376.0,1
19624,2026-02-11,NO NAVEGA. LEDS FIJOS/RUIDO,BASICO TV + INTERNET FIBRA 250MB ($399),SEÑAL INTERMITENTE SOLCITA PASAN A DOM,nan,2026-02-12,1500047,ACTIVO,MADERO,HWTCAF8FFE8D,AC,BASINTF250,2015-06-11,HWTCAF8FFE8D,3898.0,1
40320,2026-02-11,NO NAVEGA. LEDS PARPADEANDO/NO AMARRA,BASICO TV + INTERNET FIBRA 120MB,nan,nan,2026-02-12,1500047,ACTIVO,PRADOS VERDES,XPONDD3C3C68,AC,BASINT50,,XPONDD3C3C68,,1
347053,2026-02-11,NO NAVEGA. LEDS PARPADEANDO/NO AMARRA,INTERNET FIBRA 75MB,PRESENTA DESCONEXIONES LE PUEDES GENERAR OS PARA CHECAR EN DOMICILIO,nan,2026-02-13,1500039,ACTIVO,PERIODISMO,485754439A652B58,AC,INT30,,485754439A652B58,,2
40190,2026-02-11,NO NAVEGA. LEDS FIJOS/RUIDO,BASICO TV + INTERNET FIBRA 120MB,nan,nan,2026-02-13,1500039,ACTIVO,PERIODISMO,XPONDD3306C6,AC,BASINT50,,XPONDD3306C6,,2
26974,2026-02-11,NO NAVEGA. LEDS PARPADEANDO/NO AMARRA,BASICO TV + INTERNET FIBRA 250MB ($399),LOS ROJO SIN SEÑAL EN AMBOS SERVICIOS,JV SE ATENDIO CON EL TECNICO,2026-02-13,1501451,ACTIVO,PRADOS VERDES,XPON2E1B63F7,AC,BASINTF250,,XPON2E1B63F7,,2
40383,2026-02-11,NO NAVEGA. LEDS PARPADEANDO/NO AMARRA,INTERNET FIBRA 75MB,LOS ROJO,nan,2026-02-12,1500047,ACTIVO,MADERO,485754437364D48B,AC,INT30,2022-04-03,485754437364D48B,1410.0,1
41933,2026-02-11,NO NAVEGA. LEDS PARPADEANDO/NO AMARRA,INTERNET FIBRA 150MB,nan,nan,2026-02-12,1500374,ACTIVO,VIRREY,485754434CB562C5,AC,INT100,,485754434CB562C5,,1
44818,2026-02-12,NO NAVEGA. LEDS PARPADEANDO/NO AMARRA,INTERNET FIBRA 60MB,SIN SEÑAL NO PASARON A DOM,nan,2026-02-13,1500039,ACTIVO,PEDREGAL,XPONDD4C53CA,AC,INT20,,XPONDD4C53CA,,1
23389,2026-02-12,EQUIPO DA?ADO,BASICO TELECABLE FIBRA,TEC SOLICITA ES EQUIPO DE TV,nan,2026-02-12,5555555,ACTIVO,VIRREY,XPONDD7E9A36,nan,nan,,nan,,0
42681,2026-02-12,NO NAVEGA. LEDS PARPADEANDO/NO AMARRA,INTERNET FIBRA 60MB,FOCO ROJO,nan,2026-02-13,1500047,ACTIVO,MADERO,XPONDD3E6A75,AC,INT20,,XPONDD3E6A75,,1
28425,2026-02-12,NO NAVEGA. LEDS PARPADEANDO/NO AMARRA,BASICO TV + INTERNET FIBRA 60MB,LOS ROJO,nan,2026-02-13,1500047,ACTIVO,MADERO,HWTCAF3AAC12,AC,BASINT20,2016-07-10,HWTCAF3AAC12,3504.0,1
28425,2026-02-12,NO NAVEGA. LEDS PARPADEANDO/NO AMARRA,BASICO TV + INTERNET FIBRA 60MB,LOS ROJO,nan,2026-02-13,1500047,ACTIVO,MADERO,HWTCAF3AAC12,AC,BASINT20,2016-07-10,HWTCAF3AAC12,3504.0,1
45480,2026-02-12,NO NAVEGA. LEDS PARPADEANDO/NO AMARRA,INTERNET FIBRA 75MB,LOS ROJO,nan,2026-02-14,1500036,ACTIVO,ATAPANEO,HWTC1DD87A10,AC,INT30,,HWTC1DD87A10,,2
43629,2026-02-12,CAMBIO DE ACOMETIDA,INTERNET FIBRA 60MB,TEC SOLICITA OS TIT ENTERADO QUE NO TIENE COSTO,nan,2026-02-13,1500039,ACTIVO,PEDREGAL,OPTI37B0C8BD,AC,INT20,2023-04-11,OPTI37B0C8BD,1038.0,1
16186,2026-02-12,NO NAVEGA. LEDS PARPADEANDO/NO AMARRA,BASICO TV + INTERNET FIBRA 75MB,LOS ROJO,nan,2026-02-13,1500047,ACTIVO,PRADOS VERDES,XPONDD291DE0,AC,BASINT30,,XPONDD291DE0,,1
38380,2026-02-12,NO NAVEGA. LEDS PARPADEANDO/NO AMARRA,INTERNET FIBRA 75MB,REQUIERE VISITA EL NIVEL ESTA MUY BAJO Y NECESITAN MEJORARLO,nan,2026-02-14,1500285,ACTIVO,VISTA BELLA,48575443A79B0D9A,AC,INT30,,48575443A79B0D9A,,2
6330,2026-02-12,NO NAVEGA. LEDS PARPADEANDO/NO AMARRA,BASICO TV + INTERNET FIBRA 75MB,LOS ROJO,nan,2026-02-13,1500039,ACTIVO,PERIODISMO,BTPTDD271592,AC,BASINT30,,BTPTDD271592,,1
46423,2026-02-12,NO NAVEGA. LEDS PARPADEANDO/NO AMARRA,BASICO TV + INTERNET FIBRA 250MB ($399),LOS ROJO,nan,2026-02-13,1500039,ACTIVO,PEDREGAL,CDTCAFA3E4FE,AC,BASINTF250,2026-06-02,CDTCAFA3E4FE,-110.0,1
42904,2026-02-12,NO NAVEGA. LEDS PARPADEANDO/NO AMARRA,BASICO TV + INTERNET FIBRA 60MB,LOS ROJO AMBOS SERVICIOS,JV OFFLINE REQ VISITA,2026-02-14,1500285,ACTIVO,VIRREY,XPONDD3E5BA9,AC,BASINT20,2023-02-06,XPONDD3E5BA9,1102.0,2
346146,2026-02-12,NO NAVEGA. LEDS PARPADEANDO/NO AMARRA,INTERNET FIBRA 60MB,LOS ROJO,nan,2026-02-13,1500374,ACTIVO,VIRREY,XPONDD2BE5F6,AC,INT20,,XPONDD2BE5F6,,1
46286,2026-02-13,NO NAVEGA. LEDS PARPADEANDO/NO AMARRA,BASICO TV + INTERNET FIBRA 250MB ($399),nan,"ER, VARIAS DESCONEXIONES",2026-02-16,1501177,ACTIVO,EL REALITO,XPONDD919616,AC,BASINTF250,2026-10-01,XPONDD919616,-230.0,3
22093,2026-02-13,NO NAVEGA. LEDS FIJOS/RUIDO,BASICO TV + INTERNET FIBRA 75MB,nan,nan,2026-02-13,1500047,ACTIVO,PRADOS VERDES,XPONDD3E7145,AC,BASINT30,2016-06-01,XPONDD3E7145,3544.0,0
46414,2026-02-13,NO NAVEGA. LEDS PARPADEANDO/NO AMARRA,BASICO TV + INTERNET FIBRA 250MB ($399),LOS ROJO,nan,2026-02-13,1500039,ACTIVO,PERIODISMO,CDTCAFA3E516,AC,BASINTF250,2026-06-02,CDTCAFA3E516,-109.0,0
46208,2026-02-13,NO NAVEGA. LEDS PARPADEANDO/NO AMARRA,BASICO TV + INTERNET FIBRA 250MB ($399),nan,nan,2026-02-13,1500047,ACTIVO,MADERO,HWTCAFAB56D7,AC,BASINTF250,,HWTCAFAB56D7,,0
348495,2026-02-13,NO NAVEGA. LEDS FIJOS/RUIDO,BASICO TV + INTERNET FIBRA 60MB,nan,nan,2026-02-13,1500047,ACTIVO,PRADOS VERDES,XPONDD3F5A47,AC,BASINT20,,XPONDD3F5A47,,0
10019,2026-02-13,NO NAVEGA. LEDS FIJOS/RUIDO,BASICO TV + INTERNET FIBRA 120MB,NO SABE CONECTARSE PIDE APOYO TECNICO ES UN ADULTO MAYOR,nan,2026-02-14,1500046,ACTIVO,PERIODISMO,XPONDD3D98A1,AC,BASINT50,2014-12-09,XPONDD3D98A1,4084.0,1
334937,2026-02-13,NO NAVEGA. LEDS PARPADEANDO/NO AMARRA,BASICO TV + INTERNET FIBRA 75MB,LOS ROJO,nan,2026-02-14,1500047,ACTIVO,PRADOS VERDES,XPONDD2BDADE,AC,BASINT30,2014-11-03,XPONDD2BDADE,4120.0,1
42681,2026-02-13,CAMBIO DE ACOMETIDA,INTERNET FIBRA 60MB,TEC SOLICITA OS TIT ENTERADO QUE NO TIENE COSTO,nan,2026-02-13,1500047,ACTIVO,MADERO,XPONDD3E6A75,AC,INT20,,XPONDD3E6A75,,0
38462,2026-02-13,NO NAVEGA. LEDS PARPADEANDO/NO AMARRA,INTERNET FIBRA 75MB,LOS ROJO,JV SE ATENDIO CON EL TECNICO,2026-02-14,1501451,ACTIVO,BELO,XPONDD43A11B,AC,INT30,,XPONDD43A11B,,1
45771,2026-02-13,NO NAVEGA. LEDS FIJOS/RUIDO,BASICO TV + INTERNET FIBRA 250MB ($399),nan,JE FUERA DE LINEA REQUIERE VISITA,2026-02-16,1500039,ACTIVO,PEDREGAL,HWTCAF3AA6BA,AC,BASINTF250,2025-07-10,HWTCAF3AA6BA,218.0,3
6630,2026-02-13,CAMBIO DE ACOMETIDA,BASICO TV + INTERNET FIBRA 250MB ($399),SIN COSTO TIT ENTERADO PIDE DAVID E,nan,2026-02-14,1500047,ACTIVO,MADERO,XPONDD7EA106,AC,BASINTF250,,XPONDD7EA106,,1
6330,2026-02-13,NO NAVEGA. LEDS PARPADEANDO/NO AMARRA,BASICO TV + INTERNET FIBRA 75MB,CAMBIO DE ACOMENTIDA SIN COSTO TIT ENTERADO,nan,2026-02-13,1500039,ACTIVO,PERIODISMO,BTPTDD271592,AC,BASINT30,,BTPTDD271592,,0
6330,2026-02-13,CAMBIO DE ACOMETIDA,BASICO TV + INTERNET FIBRA 75MB,SIN COSTO TIT ENERADO PIDE DAVID E,nan,2026-02-13,1500039,ACTIVO,PERIODISMO,BTPTDD271592,AC,BASINT30,,BTPTDD271592,,0
16881,2026-02-13,NO NAVEGA. LEDS PARPADEANDO/NO AMARRA,BASICO TV + INTERNET FIBRA 75MB,SE ENCUENTRA TRABADO REQUIERE VISITA,nan,2026-02-14,1500046,ACTIVO,PERIODISMO,OEMT3C1D271C,AC,BASINT30,,OEMT3C1D271C,,1
46537,2026-02-13,NO NAVEGA. LEDS PARPADEANDO/NO AMARRA,INTERNET FIBRA 75MB,LOS ROJO,nan,2026-02-14,1500046,ACTIVO,PERIODISMO,HWTCAFAA0AB5,AC,INT30,,HWTCAFAA0AB5,,1
37683,2026-02-14,NO NAVEGA. LEDS FIJOS/RUIDO,INTERNET FIBRA 60MB,NO TIENE ALCANCE LA SEÑAL,JE REQUIERE VISITA PARA HACER PRUEBAS DE ALCANCE,2026-02-15,1500285,ACTIVO,PRADOS VERDES,XPONDD5FEA24,AC,INT20,2021-12-01,XPONDD5FEA24,1536.0,1
46389,2026-02-14,NO NAVEGA. LEDS FIJOS/RUIDO,INTERNET FIBRA 60MB,REQUIERE VISITA,"GT, SE ENVIA A CC",2026-02-15,1500039,ACTIVO,PEDREGAL,HWTCAFA9F549,AC,INT20,,HWTCAFA9F549,,1
39617,2026-02-14,NO NAVEGA. LEDS PARPADEANDO/NO AMARRA,BASICO TV + INTERNET FIBRA 250MB ($399),LOS ROJO,JE FUERA DE LINEA REQUIERE VISITA,2026-02-15,1500285,ACTIVO,MADERO,HWTC50026366,AC,BASINTF250,2021-03-11,HWTC50026366,1801.0,1
35305,2026-02-14,NO NAVEGA. LEDS PARPADEANDO/NO AMARRA,BASICO TV + INTERNET FIBRA 250MB ($399),LOS ROJO SIN SEÑAL EN AMBOS SERVICIOS,JV OFFLINE REQ VISITA,2026-02-16,1500374,ACTIVO,BELO,XPONDD7EA026,AC,BASINTF250,2021-08-07,XPONDD7EA026,1652.0,2
42904,2026-02-14,CAMBIO DE ACOMETIDA,BASICO TV + INTERNET FIBRA 60MB,TEC SOLICITA,nan,2026-02-14,1500285,ACTIVO,VIRREY,XPONDD3E5BA9,AC,BASINT20,2023-02-06,XPONDD3E5BA9,1104.0,0
28345,2026-02-14,NO NAVEGA. LEDS PARPADEANDO/NO AMARRA,BASICO TV + INTERNET FIBRA 60MB,nan,"GT, SE ENVIA A CC",2026-02-15,1500285,ACTIVO,VIRREY,XPONDD52EADC,AC,BASINT20,2016-06-10,XPONDD52EADC,3536.0,1
26099,2026-02-14,NO NAVEGA. LEDS PARPADEANDO/NO AMARRA,INTERNET FIBRA 45MB (NO VIGENTE),SOLO PWR ENCENDIDO,JE NIVEL BAJO REQUIERE VISITA,2026-02-15,1500285,ACTIVO,MADERO,XPONDD45C02A,AC,INT10,,XPONDD45C02A,,1
39008,2026-02-14,NO NAVEGA. LEDS PARPADEANDO/NO AMARRA,BASICO TV + INTERNET FIBRA 75MB,LOS ROJO AMBOS SERVICIO,"ER, VARIAS DESCONEXIONES",2026-02-18,1500039,ACTIVO,PERIODISMO,BTPTDD271162,AC,BASINT30,,BTPTDD271162,,4
44709,2026-02-14,NO NAVEGA. LEDS PARPADEANDO/NO AMARRA,INTERNET FIBRA 60MB,LOS ROJO,"GT, OFFLINE",2026-02-16,1500039,ACTIVO,PEDREGAL,XPONDD45BB12,AC,INT20,2024-08-10,XPONDD45BB12,553.0,2
45647,2026-02-14,NO NAVEGA. LEDS PARPADEANDO/NO AMARRA,BASICO TV + INTERNET FIBRA 250MB ($399),LOS ROJO,GT.CAIDAS DE NIVEL,2026-02-15,1500039,ACTIVO,PEDREGAL,HWTCAF3AF2DA,AC,BASINTF250,2025-12-09,HWTCAF3AF2DA,67.0,1
27051,2026-02-14,NO NAVEGA. LEDS PARPADEANDO/NO AMARRA,BASICO TV + INTERNET FIBRA 75MB,LOS ROJO,"ER, FUERA DE LINEA",2026-02-15,1500039,ACTIVO,PEDREGAL,XPONDD2C0666,AC,BASINT30,,XPONDD2C0666,,1
28502,2026-02-14,NO NAVEGA. LEDS PARPADEANDO/NO AMARRA,BASICO TV + INTERNET FIBRA 250MB ($399),LOS ROJO,nan,2026-02-15,1500039,ACTIVO,PEDREGAL,XPONDD45BF0A,AC,BASINTF250,,XPONDD45BF0A,,1
28502,2026-02-14,NO NAVEGA. LEDS PARPADEANDO/NO AMARRA,BASICO TV + INTERNET FIBRA 250MB ($399),LOS ROJO,nan,2026-02-15,1500039,ACTIVO,PEDREGAL,XPONDD45BF0A,AC,BASINTF250,,XPONDD45BF0A,,1
45158,2026-02-14,NO NAVEGA. LEDS PARPADEANDO/NO AMARRA,BASICO TV + INTERNET FIBRA 250MB ($399),LOS ROJO,"GT, SE ENVIA A CC",2026-02-15,1500039,ACTIVO,PEDREGAL,HWTC1DD89360,AC,BASINTF250,,HWTC1DD89360,,1
344777,2026-02-14,NO NAVEGA. LEDS PARPADEANDO/NO AMARRA,INTERNET FIBRA 60MB,LOS ROJO,"GT,OFFLINE, REQUIERE VISITA",2026-02-16,1500046,ACTIVO,PEDREGAL,HWTCAFAA0ACD,AC,INT20,,HWTCAFAA0ACD,,2
5572,2026-02-15,NO NAVEGA. LEDS PARPADEANDO/NO AMARRA,BASICO TV + INTERNET FIBRA 60MB,FOCO ROJO,"GT, CAIDAS DE NIVEL",2026-02-15,1500046,ACTIVO,PEDREGAL,XPONDD590CC0,AC,BASINT20,,XPONDD590CC0,,0
39894,2026-02-15,NO NAVEGA. LEDS PARPADEANDO/NO AMARRA,INTERNET FIBRA 75MB,FOCO ROJO || CC CONFIRMA SEÑAL ||,"GT, SE ENVIA A CC",2026-02-15,5555555,ACTIVO,PEDREGAL,HWTCAFAA1CFD,AC,INT30,,HWTCAFAA1CFD,,0
9543,2026-02-15,NO NAVEGA. LEDS PARPADEANDO/NO AMARRA,INTERNET FIBRA 60MB,FOCO ROJO,nan,2026-02-18,1500039,ACTIVO,PEDREGAL,XPONDD3E6ACD,AC,INT20,,XPONDD3E6ACD,,3
8102,2026-02-15,NO NAVEGA. LEDS PARPADEANDO/NO AMARRA,INTERNET FIBRA 60MB,FOCO ROJO|| CC CONFIRMA SEÑAL ||,"GT,SE ENVIA A CC",2026-02-15,5555555,ACTIVO,PEDREGAL,XPONDD47C092,AC,INT20,,XPONDD47C092,,0
333773,2026-02-15,NO NAVEGA. LEDS PARPADEANDO/NO AMARRA,INTERNET FIBRA 75MB,FOCO ROJO,"GT.OFFLINE, REQUIERE VISITA",2026-02-16,1500374,BAJA,VIRREY,nan,BA,INT30,2025-04-12,nan,309.0,1
8630,2026-02-15,NO NAVEGA. LEDS PARPADEANDO/NO AMARRA,BASICO TV + INTERNET FIBRA 250MB ($399),LOS ROJO,nan,2026-02-16,1500047,ACTIVO,MADERO,HWTC50026432,AC,BASINTF250,,HWTC50026432,,1
2341,2026-02-16,NO NAVEGA. LEDS PARPADEANDO/NO AMARRA,BASICO TV + INTERNET FIBRA 45MB (NO VIGENTE),SIN SEÑAL EN NINGUN SERVICIO,nan,2026-02-17,1500374,ACTIVO,VIRREY,HWTC1DD89894,AC,BASINT10,2014-10-02,HWTC1DD89894,4155.0,1
19624,2026-02-16,NO NAVEGA. LEDS PARPADEANDO/NO AMARRA,BASICO TV + INTERNET FIBRA 250MB ($399),nan,nan,2026-02-16,1500047,ACTIVO,MADERO,HWTCAF8FFE8D,AC,BASINTF250,2015-06-11,HWTCAF8FFE8D,3903.0,0
44812,2026-02-16,NO NAVEGA. LEDS PARPADEANDO/NO AMARRA,BASICO TV + INTERNET FIBRA 60MB,LOS ROJO SIN SEÑAL EN AMBOS SERVICIOS,nan,2026-02-16,1500047,ACTIVO,MADERO,XPONDD58FDF8,AC,BASINT20,,XPONDD58FDF8,,0
30723,2026-02-16,NO NAVEGA. LEDS PARPADEANDO/NO AMARRA,BASICO TV + INTERNET FIBRA 75MB,LOS ROJO,nan,2026-02-17,1500374,ACTIVO,VIRREY,XPONDD396864,AC,BASINT30,,XPONDD396864,,1
43633,2026-02-16,NO NAVEGA. LEDS PARPADEANDO/NO AMARRA,BASICO TV + INTERNET FIBRA 60MB,nan,nan,2026-02-17,1500047,ACTIVO,PRADOS VERDES,XPONDD46A7E2,AC,BASINT20,2023-01-11,XPONDD46A7E2,1132.0,1
45213,2026-02-16,NO NAVEGA. LEDS PARPADEANDO/NO AMARRA,BASICO TV + INTERNET 50MB (DOBLE MEGAS) (NO VIGENTE),nan,nan,2026-02-18,1500039,ACTIVO,PEDREGAL,HWTC1DD89E4C,AC,BASINT50DM,,HWTC1DD89E4C,,2
45350,2026-02-16,NO NAVEGA. LEDS FIJOS/RUIDO,BASICO TV + INTERNET FIBRA 250MB ($399),nan,nan,2026-02-18,1500039,ACTIVO,PERIODISMO,XPONDD5EBBE0,AC,BASINTF250,2025-10-06,XPONDD5EBBE0,133.0,2
45350,2026-02-16,NO NAVEGA. LEDS FIJOS/RUIDO,BASICO TV + INTERNET FIBRA 250MB ($399),nan,nan,2026-02-18,1500039,ACTIVO,PERIODISMO,XPONDD5EBBE0,AC,BASINTF250,2025-10-06,XPONDD5EBBE0,133.0,2
44026,2026-02-16,NO NAVEGA. LEDS PARPADEANDO/NO AMARRA,BASICO TV + INTERNET FIBRA 250MB ($399),nan,nan,2026-02-18,1500039,ACTIVO,PERIODISMO,XPONAF19C748,AC,BASINTF250,,XPONAF19C748,,2
10313,2026-02-16,NO NAVEGA. LEDS PARPADEANDO/NO AMARRA,INTERNET FIBRA 60MB,nan,nan,2026-02-18,1500039,ACTIVO,PEDREGAL,XPON1D968CB7,AC,INT20,,XPON1D968CB7,,2
44684,2026-02-16,NO NAVEGA. LEDS PARPADEANDO/NO AMARRA,INTERNET FIBRA 60MB,nan,nan,2026-02-18,1500039,ACTIVO,PEDREGAL,XPONDD530E34,AC,INT20,2024-02-10,XPONDD530E34,737.0,2
15382,2026-02-16,NO NAVEGA. LEDS PARPADEANDO/NO AMARRA,BASICO TV + INTERNET FIBRA 75MB,nan,nan,2026-02-19,1500039,ACTIVO,PEDREGAL,485754433B789897,AC,BASINT30,2015-06-05,485754433B789897,3909.0,3
45690,2026-02-16,NO NAVEGA. LEDS PARPADEANDO/NO AMARRA,BASICO TV + INTERNET FIBRA 250MB ($399),nan,nan,2026-02-17,1500503,ACTIVO,SANTIAGUITO,HWTCAF3AD58E,AC,BASINTF250,,HWTCAF3AD58E,,1
19624,2026-02-16,EQUIPO DA?ADO,BASICO TV + INTERNET FIBRA 250MB ($399),TEC SOLICITA OS TIT ENTERADO QUE NO TIENE COSTO,nan,2026-02-16,1500047,ACTIVO,MADERO,HWTCAF8FFE8D,AC,BASINTF250,2015-06-11,HWTCAF8FFE8D,3903.0,0
35914,2026-02-16,NO NAVEGA. LEDS PARPADEANDO/NO AMARRA,INTERNET FIBRA 75MB,LOS ROJO,nan,2026-02-18,1500039,ACTIVO,PEDREGAL,XPONDD91A92E,AC,INT30,2019-08-10,XPONDD91A92E,2382.0,2
38796,2026-02-16,NO NAVEGA. LEDS FIJOS/RUIDO,INTERNET FIBRA 120MB,SEÑAL INTERMITENTE,nan,2026-02-17,1500374,ACTIVO,BELO,XPONDD35417A,AC,INT50,2021-08-07,XPONDD35417A,1654.0,1
39250,2026-02-16,NO NAVEGA. LEDS FIJOS/RUIDO,INTERNET FIBRA 60MB,nan,nan,2026-02-17,1500047,ACTIVO,MADERO,485754430E8DB66F,AC,INT20,,485754430E8DB66F,,1
46084,2026-02-16,NO NAVEGA. LEDS PARPADEANDO/NO AMARRA,BASICO TV + INTERNET FIBRA 250MB ($399),CLIENTE SOLICITO SU MODEM EN SEGUNDO PISO Y NO SE LO QUISIERON INSTALAR LO SOLICITA NUEVAMENTE,nan,2026-02-17,1500374,ACTIVO,VIRREY,HWTCAFAB6A1B,AC,BASINTF250,2025-09-12,HWTCAFAB6A1B,157.0,1
351880,2026-02-16,NO NAVEGA. LEDS PARPADEANDO/NO AMARRA,BASICO TV + INTERNET FIBRA 75MB,LOS ROJO,nan,2026-02-17,1500047,ACTIVO,PRADOS VERDES,BTPTDD2711FA,AC,BASINT30,2017-03-10,BTPTDD2711FA,3265.0,1
42238,2026-02-16,NO NAVEGA. LEDS PARPADEANDO/NO AMARRA,INTERNET FIBRA 60MB,NIVEL ELEVADO REQUIERE VISITA TECNICA,nan,2026-02-19,1500039,ACTIVO,PERIODISMO,HWTCAFAA0935,AC,INT20,,HWTCAFAA0935,,3
31349,2026-02-16,NO NAVEGA. LEDS PARPADEANDO/NO AMARRA,BASICO TV + INTERNET FIBRA 75MB,LOS ROJO,nan,2026-02-18,1500039,ACTIVO,PEDREGAL,XPONDD3E5A61,AC,BASINT30,,XPONDD3E5A61,,2
36311,2026-02-16,NO NAVEGA. LEDS PARPADEANDO/NO AMARRA,INTERNET FIBRA 60MB,LOS ROJO,nan,2026-02-18,1500039,ACTIVO,PEDREGAL,XPONDD3FD417,AC,INT20,,XPONDD3FD417,,2
333773,2026-02-16,NO NAVEGA. LEDS PARPADEANDO/NO AMARRA,INTERNET FIBRA 75MB,LOS ROJO,nan,2026-02-17,1500374,BAJA,VIRREY,nan,BA,INT30,2025-04-12,nan,310.0,1
41910,2026-02-17,NO NAVEGA. LEDS FIJOS/RUIDO,INTERNET FIBRA 60MB,PIDE VISITA POR POCO ALCANCE EN EL MODEM,nan,2026-02-17,1500047,ACTIVO,PUNHUATO,XPONDD52F4C4,AC,INT20,,XPONDD52F4C4,,0
24769,2026-02-17,NO NAVEGA. LEDS PARPADEANDO/NO AMARRA,BASICO TV + INTERNET FIBRA 250MB ($399),NO TIENE ALCANCE,nan,2026-02-18,1500374,ACTIVO,VIRREY,HWTCAF3ABF861,AC,BASINTF250,,HWTCAF3ABF861,,1
46491,2026-02-17,NO NAVEGA. LEDS PARPADEANDO/NO AMARRA,BASICO TV + INTERNET FIBRA 250MB ($399),LOS ROJO SIN SEÑAL EN AMBOS SERVICIOS,nan,2026-02-18,1500039,ACTIVO,PERIODISMO,CDTCAFA3B456,AC,BASINTF250,,CDTCAFA3B456,,1
9056,2026-02-17,NO NAVEGA. LEDS PARPADEANDO/NO AMARRA,BASICO TV + INTERNET FIBRA 45MB (NO VIGENTE),CLIENTE COMENTA QUE SU MODEM HACE UN RUIDO Y LO REINICIA SEGUIDO,nan,2026-02-19,1500047,ACTIVO,MADERO,"485754439F83B4A1, C43DC75FDCBF",AC,BASINT10,,"485754439F83B4A1, C43DC75FDCBF",,2
21252,2026-02-17,NO NAVEGA. LEDS PARPADEANDO/NO AMARRA,BASICO TV + INTERNET FIBRA 45MB (NO VIGENTE),DOWSN TREAM PARPADIANDO,nan,2026-02-18,1500046,ACTIVO,PERIODISMO,CDTCAFA3E5A6,AC,BASINT10,,CDTCAFA3E5A6,,1
2341,2026-02-17,CAMBIO DE ACOMETIDA,BASICO TV + INTERNET FIBRA 45MB (NO VIGENTE),TIT ACEPTA CAMBIO DE ACOMETIDA SIN COSTO TEC FERNANDO,nan,2026-02-17,1500374,ACTIVO,VIRREY,HWTC1DD89894,AC,BASINT10,2014-10-02,HWTC1DD89894,4156.0,0
6508,2026-02-17,NO NAVEGA. LEDS PARPADEANDO/NO AMARRA,BASICO TV + INTERNET FIBRA 75MB,nan,nan,2026-02-18,1500047,ACTIVO,MADERO,4857544371A5948B,AC,BASINT30,,4857544371A5948B,,1
31799,2026-02-17,NO NAVEGA. LEDS PARPADEANDO/NO AMARRA,INTERNET FIBRA 45MB (NO VIGENTE),LOS ROJO,nan,2026-02-21,1500039,ACTIVO,PERIODISMO,HWTC1DD8807C,AC,INT10,2017-03-08,HWTC1DD8807C,3268.0,4
36311,2026-02-17,CAMBIO DE ACOMETIDA,INTERNET FIBRA 60MB,"CLIENTE ENTERADO SIN COSTO, PIDE DAVID",nan,2026-02-18,1500039,ACTIVO,PEDREGAL,XPONDD3FD417,AC,INT20,,XPONDD3FD417,,1
46464,2026-02-17,NO NAVEGA. LEDS PARPADEANDO/NO AMARRA,BASICO TV + INTERNET FIBRA 250MB ($399),SE ENCUENTRA FUERA DE LINEA REQUIERE VISITA,nan,2026-02-18,1501399,ACTIVO,EL REALITO,HWTC50026C5A,AC,BASINTF250,,HWTC50026C5A,,1
32868,2026-02-17,NO NAVEGA. LEDS PARPADEANDO/NO AMARRA,INTERNET FIBRA 60MB,LOS ROJO,nan,2026-02-18,1500046,ACTIVO,PERIODISMO,HWTCAFAA0AC1,AC,INT20,,HWTCAFAA0AC1,,1
46450,2026-02-17,NO NAVEGA. LEDS PARPADEANDO/NO AMARRA,BASICO TV + INTERNET FIBRA 250MB ($399),LOS ROJO,nan,2026-02-18,1501177,ACTIVO,EL REALITO,HWTCAF912091,AC,BASINTF250,2026-10-02,HWTCAF912091,-227.0,1
46450,2026-02-17,NO NAVEGA. LEDS PARPADEANDO/NO AMARRA,BASICO TV + INTERNET FIBRA 250MB ($399),LOS ROJO,nan,2026-02-18,1501177,ACTIVO,EL REALITO,HWTCAF912091,AC,BASINTF250,2026-10-02,HWTCAF912091,-227.0,1
3347,2026-02-17,NO NAVEGA. LEDS PARPADEANDO/NO AMARRA,INTERNET FIBRA 60MB,LOS ROJO,nan,2026-02-19,1500039,ACTIVO,PERIODISMO,XPONDD5EB998,AC,INT20,,XPONDD5EB998,,2
34864,2026-02-18,NO NAVEGA. LEDS PARPADEANDO/NO AMARRA,INTERNET FIBRA 45MB (NO VIGENTE),PON PARPADEA,nan,2026-02-19,1500374,ACTIVO,BELO,48575443576E1971,AC,INT10,2018-05-11,48575443576E1971,2840.0,1
33772,2026-02-18,NO NAVEGA. LEDS PARPADEANDO/NO AMARRA,INTERNET FIBRA 60MB,TIENE EL NIVEL BAJO REQUIERE VISITA,nan,2026-02-18,1500047,ACTIVO,MADERO,XPONDD4CE1F2,AC,INT20,,XPONDD4CE1F2,,0
44552,2026-02-18,NO NAVEGA. LEDS PARPADEANDO/NO AMARRA,INTERNET FIBRA 60MB,SOLO PRENDE PWR,nan,2026-02-19,1500039,ACTIVO,PERIODISMO,48575443562B949A,AC,INT20,2024-12-08,48575443562B949A,437.0,1
29210,2026-02-18,NO NAVEGA. LEDS PARPADEANDO/NO AMARRA,INTERNET FIBRA 45MB (NO VIGENTE),LOS ROJO,nan,2026-02-19,1500047,ACTIVO,PRADOS VERDES,XPONDD47C2B2,AC,INT10,,XPONDD47C2B2,,1
42904,2026-02-18,NO NAVEGA. LEDS FIJOS/RUIDO,BASICO TV + INTERNET FIBRA 60MB,NIVEL BAJO REQUIERE VISITA TIT COMENTA QUE LA ULTIMA VEZ QUE PASO EL TECNICO AL DOMICILIO LE COMENTO QUE LA CAJA DEL POSTE ESTA MUY VIEJA,nan,2026-02-24,1500047,ACTIVO,VIRREY,XPONDD3E5BA9,AC,BASINT20,2023-02-06,XPONDD3E5BA9,1108.0,6
42874,2026-02-18,NO NAVEGA. LEDS PARPADEANDO/NO AMARRA,BASICO TV + INTERNET FIBRA 120MB,SIN SEÑAL AMBOS SERVICIOS,nan,2026-02-19,1500039,ACTIVO,PEDREGAL,XPONDD3E5AF1,AC,BASINT50,2023-02-06,XPONDD3E5AF1,1108.0,1
343435,2026-02-18,NO NAVEGA. LEDS PARPADEANDO/NO AMARRA,BASICO TV + INTERNET FIBRA 120MB,LOS ROJO AMBOS SERVICIOS,nan,2026-02-19,1500039,ACTIVO,PERIODISMO,XPONDD3FBB2F,AC,BASINT50,2023-05-08,XPONDD3FBB2F,1017.0,1
37062,2026-02-18,NO NAVEGA. LEDS PARPADEANDO/NO AMARRA,BASICO TV + INTERNET FIBRA 60MB,LOS ROJO,nan,2026-02-19,1500039,ACTIVO,PERIODISMO,"6CB0CE5C0298, XPONDD3C2FC0",AC,BASINT20,,"6CB0CE5C0298, XPONDD3C2FC0",,1
333773,2026-02-18,NO NAVEGA. LEDS PARPADEANDO/NO AMARRA,INTERNET FIBRA 75MB,LOS ROJO,nan,2026-02-24,1500285,BAJA,VIRREY,nan,BA,INT30,2025-04-12,nan,312.0,6
39008,2026-02-18,NO NAVEGA. LEDS PARPADEANDO/NO AMARRA,BASICO TV + INTERNET FIBRA 75MB,LOS ROJO,nan,2026-02-19,1500039,ACTIVO,PERIODISMO,BTPTDD271162,AC,BASINT30,,BTPTDD271162,,1
44974,2026-02-18,NO NAVEGA. LEDS PARPADEANDO/NO AMARRA,INTERNET FIBRA 75MB,LOS ROJO,nan,2026-02-24,1501451,ACTIVO,VIRREY,XPONDD4C6002,AC,INT30,,XPONDD4C6002,,6
42991,2026-02-18,NO NAVEGA. LEDS PARPADEANDO/NO AMARRA,INTERNET FIBRA 60MB,LOS ROJO,nan,2026-02-19,1500374,ACTIVO,VIRREY,XPONDD41E9A3,AC,INT20,,XPONDD41E9A3,,1
335433,2026-02-18,NO NAVEGA. LEDS PARPADEANDO/NO AMARRA,INTERNET FIBRA 75MB,LOS ROJO,nan,2026-02-19,1500039,ACTIVO,PEDREGAL,485754437427A44C,AC,INT30,2014-03-03,485754437427A44C,4370.0,1
38501,2026-02-18,NO NAVEGA. LEDS FIJOS/RUIDO,INTERNET FIBRA 60MB,LEDS INTERMITENTES,nan,2026-02-19,1500047,ACTIVO,MADERO,4857544313161AA9,AC,INT20,2021-09-06,4857544313161AA9,1626.0,1
5863,2026-02-18,NO NAVEGA. LEDS PARPADEANDO/NO AMARRA,BASICO TV + INTERNET FIBRA 75MB,SIN SEÑAL EN AMBOS SERVICIOS,nan,2026-02-19,1500039,ACTIVO,PERIODISMO,HWTC1DD88A9C,AC,BASINT30,2014-12-04,HWTC1DD88A9C,4094.0,1
40481,2026-02-19,NO NAVEGA. LEDS PARPADEANDO/NO AMARRA,INTERNET FIBRA 150MB,LOS ROJO,nan,2026-02-19,1500039,ACTIVO,PEDREGAL,48575443B88F8F9B,AC,INT100,2022-10-03,48575443B88F8F9B,1235.0,0
46084,2026-02-19,NO NAVEGA. LEDS PARPADEANDO/NO AMARRA,BASICO TV + INTERNET FIBRA 250MB ($399),LOS ROJO,nan,2026-02-21,1500374,ACTIVO,VIRREY,HWTCAFAB6A1B,AC,BASINTF250,2025-09-12,HWTCAFAB6A1B,160.0,2
29210,2026-02-19,CAMBIO DE ACOMETIDA,INTERNET FIBRA 45MB (NO VIGENTE),TEC SOLCIITA TIT ENTERADO QUE NO TIENE COSTO,nan,2026-02-19,1500047,ACTIVO,PRADOS VERDES,XPONDD47C2B2,AC,INT10,,XPONDD47C2B2,,0
42112,2026-02-19,NO NAVEGA. LEDS PARPADEANDO/NO AMARRA,INTERNET FIBRA 60MB,LOS ROJO,nan,2026-02-19,1500039,ACTIVO,PEDREGAL,XPONDD3E6F9D,AC,INT20,,XPONDD3E6F9D,,0
5222,2026-02-19,NO NAVEGA. LEDS PARPADEANDO/NO AMARRA,BASICO TV + INTERNET FIBRA 60MB,LOS ROJO,nan,2026-02-20,1500374,ACTIVO,VIRREY,BTPTDD200042,AC,BASINT20,2014-01-04,BTPTDD200042,4429.0,1
15858,2026-02-19,NO NAVEGA. LEDS PARPADEANDO/NO AMARRA,BASICO TV + INTERNET FIBRA 250MB ($399),LOS ROJO,nan,2026-02-20,1500047,ACTIVO,PRADOS VERDES,HWTC50026462,AC,BASINTF250,2026-11-02,HWTC50026462,-256.0,1
39549,2026-02-19,NO NAVEGA. LEDS PARPADEANDO/NO AMARRA,INTERNET FIBRA 60MB,nan,nan,2026-02-20,1500047,ACTIVO,MADERO,XPONDD52D1FC,AC,INT20,,XPONDD52D1FC,,1
15882,2026-02-19,NO NAVEGA. LEDS PARPADEANDO/NO AMARRA,BASICO TV + INTERNET FIBRA 45MB (NO VIGENTE),SOLO PRENDE PWR,nan,2026-02-20,1501465,ACTIVO,PERIODISMO,HTWCAFAB5623,AC,BASINT10,,HTWCAFAB5623,,1
28241,2026-02-19,NO NAVEGA. LEDS FIJOS/RUIDO,INTERNET FIBRA 45MB (NO VIGENTE),LEDS UPST APAGADO Y DOWH PARPADEA NO NAVEGA,nan,2026-02-24,1500039,ACTIVO,PERIODISMO,XPONDD530AF4,AC,INT10,2016-03-10,XPONDD530AF4,3633.0,5
40339,2026-02-19,NO NAVEGA. LEDS PARPADEANDO/NO AMARRA,INTERNET FIBRA 60MB,nan,nan,2026-02-21,1500039,ACTIVO,PERIODISMO,485754436BD79A8B,AC,INT20,,485754436BD79A8B,,2
40331,2026-02-19,MODEM DAÑADO/PERDIDO (COBRO),INTERNET FIBRA 75MB,nan,nan,2026-02-20,1500047,BAJA,MADERO,nan,BA,INT30,,nan,,1
33093,2026-02-19,NO NAVEGA. LEDS PARPADEANDO/NO AMARRA,INTERNET FIBRA 45MB (NO VIGENTE),LOS ROJO,nan,2026-02-20,1500047,ACTIVO,PRADOS VERDES,XPONDD32F156,AC,INT10,,XPONDD32F156,,1
26158,2026-02-19,NO NAVEGA. LEDS PARPADEANDO/NO AMARRA,BASICO TV + INTERNET FIBRA 250MB ($399),nan,nan,2026-02-20,1500374,ACTIVO,VIRREY,XPONDD7EB29E,AC,BASINTF250,2025-11-11,XPONDD7EB29E,100.0,1
42112,2026-02-19,CAMBIO DE ACOMETIDA,INTERNET FIBRA 60MB,TEC SOLICITA,nan,2026-02-19,1500039,ACTIVO,PEDREGAL,XPONDD3E6F9D,AC,INT20,,XPONDD3E6F9D,,0
41163,2026-02-19,NO NAVEGA. LEDS PARPADEANDO/NO AMARRA,INTERNET FIBRA 60MB,LOS ROJO,nan,2026-02-21,1500039,ACTIVO,PERIODISMO,48575443B81E3D9D,AC,INT20,,48575443B81E3D9D,,2
32930,2026-02-19,NO NAVEGA. LEDS PARPADEANDO/NO AMARRA,BASICO TV + INTERNET FIBRA 60MB,REQUIERE VISITA,nan,2026-02-20,1501465,ACTIVO,PERIODISMO,XPONDD353982,AC,BASINT20,2017-08-12,XPONDD353982,3113.0,1
42238,2026-02-19,NO NAVEGA. LEDS PARPADEANDO/NO AMARRA,INTERNET FIBRA 60MB,LOS ROJO,nan,2026-02-21,1500039,ACTIVO,PERIODISMO,HWTCAFAA0935,AC,INT20,,HWTCAFAA0935,,2
43499,2026-02-19,NO NAVEGA. LEDS PARPADEANDO/NO AMARRA,BASICO TV + INTERNET FIBRA 60MB,LOS  ROJO AMBOS SERVICIOS,nan,2026-02-20,1500047,CORTESIA,PRADOS VERDES,XPONDD459FB2,nan,nan,,nan,,1
335804,2026-02-19,NO NAVEGA. LEDS FIJOS/RUIDO,INTERNET FIBRA 60MB,SIN SEÑAL,nan,2026-02-20,1500047,ACTIVO,MADERO,XPONDD530004,AC,INT20,,XPONDD530004,,1
39409,2026-02-20,NO NAVEGA. LEDS PARPADEANDO/NO AMARRA,INTERNET FIBRA 60MB,nan,nan,2026-02-21,1500039,ACTIVO,PEDREGAL,485754435705E76F,AC,INT20,,485754435705E76F,,1
5824,2026-02-20,NO NAVEGA. LEDS FIJOS/RUIDO,BASICO TV + INTERNET FIBRA 250MB ($399),TIENE VARIAS DESCONEXIONES RECIENTES SE RECOMIENDA VISITA,nan,2026-02-24,1500039,ACTIVO,PEDREGAL,HWTC50025C2E,AC,BASINTF250,,HWTC50025C2E,,4
5572,2026-02-20,NO NAVEGA. LEDS PARPADEANDO/NO AMARRA,BASICO TV + INTERNET FIBRA 60MB,SIN SEÑAL AMBOS SERVICIOS,nan,2026-02-22,1500039,ACTIVO,PEDREGAL,XPONDD590CC0,AC,BASINT20,,XPONDD590CC0,,2
42238,2026-02-20,EQUIPO DA?ADO,INTERNET FIBRA 60MB,CLIENTE ENTERADO CAMBIO DE EQUIPO SIN COSTO DAVID E,nan,2026-02-22,1500039,ACTIVO,PERIODISMO,HWTCAFAA0935,AC,INT20,,HWTCAFAA0935,,2
46335,2026-02-20,NO NAVEGA. LEDS PARPADEANDO/NO AMARRA,BASICO TV + INTERNET FIBRA 250MB ($399),LOS ROJO,nan,2026-02-22,1500039,ACTIVO,PEDREGAL,CDTCAFA3BBBE,AC,BASINTF250,,CDTCAFA3BBBE,,2
45811,2026-02-20,NO NAVEGA. LEDS PARPADEANDO/NO AMARRA,INTERNET FIBRA 75MB,nan,nan,2026-02-25,1500374,ACTIVO,VIRREY,48575443B89FD59D,AC,INT30,2025-10-10,48575443B89FD59D,133.0,5
3118,2026-02-20,NO NAVEGA. LEDS PARPADEANDO/NO AMARRA,BASICO TV + INTERNET FIBRA 120MB,nan,nan,2026-02-21,1500047,ACTIVO,PRADOS VERDES,XPONDD3C3C08,AC,BASINT50,2014-01-03,XPONDD3C3C08,4431.0,1
45467,2026-02-20,NO NAVEGA. LEDS PARPADEANDO/NO AMARRA,INTERNET FIBRA 120MB,LOS ROJO,nan,2026-02-21,1500047,ACTIVO,PUNHUATO,HWTC1DD89540,AC,INT50,,HWTC1DD89540,,1
27213,2026-02-20,NO NAVEGA. LEDS PARPADEANDO/NO AMARRA,INTERNET FIBRA 120MB,nan,nan,2026-02-22,1500039,ACTIVO,PEDREGAL,XPONDD3E6EA5,AC,INT50,,XPONDD3E6EA5,,2
38251,2026-02-20,NO NAVEGA. LEDS PARPADEANDO/NO AMARRA,BASICO TV + INTERNET FIBRA 250MB ($399),FOCO ROJO,nan,2026-02-22,1500039,ACTIVO,PERIODISMO,XPONDD7EAB86,AC,BASINTF250,,XPONDD7EAB86,,2
37425,2026-02-20,NO NAVEGA. LEDS PARPADEANDO/NO AMARRA,INTERNET FIBRA 60MB,LOS ROJO,nan,2026-02-24,1500047,ACTIVO,PRADOS VERDES,XPONDD4C6122,AC,INT20,2020-12-12,XPONDD4C6122,1896.0,4
45647,2026-02-20,NO NAVEGA. LEDS PARPADEANDO/NO AMARRA,BASICO TV + INTERNET FIBRA 250MB ($399),LOS ROJO AMBOS SERVICIOS,nan,2026-02-22,1500039,ACTIVO,PEDREGAL,HWTCAF3AF2DA,AC,BASINTF250,2025-12-09,HWTCAF3AF2DA,73.0,2
38462,2026-02-20,NO NAVEGA. LEDS PARPADEANDO/NO AMARRA,INTERNET FIBRA 75MB,FOCO ROJO,nan,2026-02-21,1500374,ACTIVO,BELO,XPONDD43A11B,AC,INT30,,XPONDD43A11B,,1
4077,2026-02-20,NO NAVEGA. LEDS PARPADEANDO/NO AMARRA,INTERNET FIBRA 60MB,LOS ROJO,nan,2026-02-22,1500039,ACTIVO,PEDREGAL,48575443841A519A,AC,INT20,2020-11-09,48575443841A519A,1929.0,2
45458,2026-02-20,NO NAVEGA. LEDS PARPADEANDO/NO AMARRA,BASICO TV + INTERNET FIBRA 250MB ($399),LOS ROJO,nan,2026-02-21,1500374,ACTIVO,BELO,HWTC500258AA,AC,BASINTF250,,HWTC500258AA,,1
4932,2026-02-20,NO NAVEGA. LEDS PARPADEANDO/NO AMARRA,INTERNET FIBRA 60MB,LOS ROJO,nan,2026-02-21,1500047,ACTIVO,MADERO,XPONDD32F69E,AC,INT20,,XPONDD32F69E,,1
345918,2026-02-20,NO NAVEGA. LEDS PARPADEANDO/NO AMARRA,BASICO TV + INTERNET FIBRA 75MB,REQUIERE VISITA TECNICA NO MUETRA NIVEL NI EL IP,nan,2026-02-21,1500047,ACTIVO,PRADOS VERDES,XPONDD3C2FF8,AC,BASINT30,2024-11-11,XPONDD3C2FF8,466.0,1
46239,2026-02-20,NO NAVEGA. LEDS PARPADEANDO/NO AMARRA,BASICO TV + INTERNET FIBRA 250MB ($399),LOS ROJO AMBOS SERVICIOS,"ER, FUERA DE LINEA",2026-02-21,1501177,ACTIVO,NINO ARTILLERO,XPONDD919726,AC,BASINTF250,2026-07-01,XPONDD919726,-131.0,1
343435,2026-02-20,NO NAVEGA. LEDS PARPADEANDO/NO AMARRA,BASICO TV + INTERNET FIBRA 120MB,REQUIERE VISITA TECNICA,nan,2026-02-22,1500039,ACTIVO,PERIODISMO,XPONDD3FBB2F,AC,BASINT50,2023-05-08,XPONDD3FBB2F,1019.0,2
351880,2026-02-20,NO NAVEGA. LEDS PARPADEANDO/NO AMARRA,BASICO TV + INTERNET FIBRA 75MB,FOCOS APAGADOS,nan,2026-02-26,1500047,ACTIVO,PRADOS VERDES,BTPTDD2711FA,AC,BASINT30,2017-03-10,BTPTDD2711FA,3269.0,6
37965,2026-02-20,NO NAVEGA. LEDS PARPADEANDO/NO AMARRA,INTERNET FIBRA 120MB,LOS ROJO,nan,2026-02-24,1500285,ACTIVO,VIRREY,XPONDD42BC83,AC,INT50,,XPONDD42BC83,,4
41910,2026-02-20,NO NAVEGA. LEDS PARPADEANDO/NO AMARRA,INTERNET FIBRA 60MB,CLIENTE COMENTA QUE FALLA HACE ALGUNAS SEMANAS.,nan,2026-02-24,1500047,ACTIVO,PUNHUATO,XPONDD52F4C4,AC,INT20,,XPONDD52F4C4,,4
30562,2026-02-20,NO NAVEGA. LEDS PARPADEANDO/NO AMARRA,INTERNET FIBRA 45MB (NO VIGENTE),LOS ROJO,nan,2026-02-24,1500047,ACTIVO,MADERO,"E8ED05E8A992, XPONDD32F186",AC,INT10,2017-06-03,"E8ED05E8A992, XPONDD32F186",3184.0,4
30871,2026-02-20,NO NAVEGA. LEDS PARPADEANDO/NO AMARRA,INTERNET NAVEGA (NO VIGENTE),LOS ROJO,nan,2026-02-24,1500039,ACTIVO,PERIODISMO,C43DC763389C,AC,IESE,2017-06-04,C43DC763389C,3183.0,4
45803,2026-02-20,NO NAVEGA. LEDS PARPADEANDO/NO AMARRA,INTERNET FIBRA 75MB,LOS ROJO,JE FUERA DE LINEA REQUIERE VISITA,2026-02-24,1500047,ACTIVO,PRADOS VERDES,HWTCAF3AB4D6,AC,INT30,2025-03-10,HWTCAF3AB4D6,347.0,4
32546,2026-02-21,NO NAVEGA. LEDS PARPADEANDO/NO AMARRA,INTERNET FIBRA 45MB (NO VIGENTE),LOS ROJO,JE FUERA DE LINEA REQUIERE VISITA,2026-02-24,1500047,ACTIVO,PRADOS VERDES,XPONDD4C778A,AC,INT10,2017-04-11,XPONDD4C778A,3238.0,3
33569,2026-02-21,NO NAVEGA. LEDS PARPADEANDO/NO AMARRA,INTERNET NAVEGA (NO VIGENTE),LEDS  DOWNS PARPADEA Y UPST APAGADO,JE MANDO A CC,2026-02-24,1500047,ACTIVO,MADERO,E091F5DF5878,AC,IESE,,E091F5DF5878,,3
37786,2026-02-21,NO NAVEGA. LEDS PARPADEANDO/NO AMARRA,INTERNET FIBRA 75MB,LOS ROJO,"ER, SIN ACCESO REMOTO",2026-02-24,1500285,ACTIVO,VIRREY,485754432B0B6051,AC,INT30,2021-05-03,485754432B0B6051,1755.0,3
32416,2026-02-21,NO NAVEGA. LEDS PARPADEANDO/NO AMARRA,INTERNET FIBRA 75MB,LOS ROJO,JE MANDO A CC,2026-02-22,1500039,ACTIVO,PERIODISMO,XPONDD530BBC,AC,INT30,,XPONDD530BBC,,1
30659,2026-02-21,NO NAVEGA. LEDS PARPADEANDO/NO AMARRA,BASICO TV + INTERNET FIBRA 60MB,nan,JE MANDO A CC,2026-02-22,1500039,ACTIVO,PEDREGAL,XPONDD6EEF03,AC,BASINT20,,XPONDD6EEF03,,1
344816,2026-02-21,NO NAVEGA. LEDS PARPADEANDO/NO AMARRA,INTERNET FIBRA 60MB,PON PARPADIANDO,nan,2026-02-22,1500039,ACTIVO,PEDREGAL,XPONDD4C5D4A,AC,INT20,,XPONDD4C5D4A,,1
45647,2026-02-21,NO NAVEGA. LEDS PARPADEANDO/NO AMARRA,BASICO TV + INTERNET FIBRA 250MB ($399),LOS ROJO,JE MANDO A CC,2026-02-22,1500039,ACTIVO,PEDREGAL,HWTCAF3AF2DA,AC,BASINTF250,2025-12-09,HWTCAF3AF2DA,74.0,1
44275,2026-02-21,NO NAVEGA. LEDS PARPADEANDO/NO AMARRA,BASICO TV + INTERNET FIBRA 75MB,nan,JE NIVEL BAJO REQUIERE VISITA,2026-02-24,1500047,ACTIVO,PUNHUATO,XPONDD4C661A,AC,BASINT30,,XPONDD4C661A,,3
45402,2026-02-21,NO NAVEGA. LEDS PARPADEANDO/NO AMARRA,INTERNET FIBRA 60MB,LOS ROJO TIT COMENTA QUE EL CABLE ESTRA TROZADO,JE FUERA DE LINEA REQUIERE VISITA,2026-02-24,1500039,ACTIVO,PEDREGAL,XPONDD5FF3D4,AC,INT20,,XPONDD5FF3D4,,3
2821,2026-02-21,NO NAVEGA. LEDS PARPADEANDO/NO AMARRA,INTERNET FIBRA 75MB,LOS ROJO,JE FUERA DE LINEA REQUIERE VISITA,2026-02-22,1500039,ACTIVO,PEDREGAL,485754430695749A,AC,INT30,2022-05-05,485754430695749A,1388.0,1
1241,2026-02-21,NO NAVEGA. LEDS PARPADEANDO/NO AMARRA,INTERNET FIBRA 75MB,LOS ROJO,nan,2026-02-22,1500039,ACTIVO,PERIODISMO,48575443B38C5B9A,AC,INT30,,48575443B38C5B9A,,1
44015,2026-02-21,NO NAVEGA. LEDS PARPADEANDO/NO AMARRA,BASICO TV + INTERNET FIBRA 60MB,nan,"ER, SE MANDA CONFIRMAR",2026-02-23,1501409,ACTIVO,MADERO,XPONDD4C3E4A,AC,BASINT20,2024-10-02,XPONDD4C3E4A,507.0,2
27422,2026-02-21,NO NAVEGA. LEDS PARPADEANDO/NO AMARRA,BASICO TV + INTERNET FIBRA 60MB,FUERA DE LINEA,nan,2026-02-22,1500039,ACTIVO,PEDREGAL,4857544351A0B39A,AC,BASINT20,2016-09-08,4857544351A0B39A,3453.0,1
18227,2026-02-21,NO NAVEGA. LEDS PARPADEANDO/NO AMARRA,BASICO TV + INTERNET FIBRA 250MB ($399),SIN SEÑAL,"ER, SE MANDA CONFIRMAR",2026-02-24,1500047,ACTIVO,PRADOS VERDES,HWTC50026DE6,AC,BASINTF250,,HWTC50026DE6,,3
335998,2026-02-21,NO NAVEGA. LEDS FIJOS/RUIDO,BASICO TV + INTERNET FIBRA 250MB ($399),LEDS PARPADEANDO,nan,2026-02-22,1500039,ACTIVO,PEDREGAL,HWTCAFAB47FB,AC,BASINTF250,,HWTCAFAB47FB,,1
32546,2026-02-22,CAMBIO DE ACOMETIDA,INTERNET FIBRA 45MB (NO VIGENTE),TIT ENTERADO DE CAMBIO DE ACOMETIDA SIN COSTO SOLICITA TEC DANIEL G,nan,2026-02-24,1500047,ACTIVO,PRADOS VERDES,XPONDD4C778A,AC,INT10,2017-04-11,XPONDD4C778A,3239.0,2
41446,2026-02-22,NO NAVEGA. LEDS FIJOS/RUIDO,BASICO TV + INTERNET FIBRA 60MB,INTERMITENTE,"ER, SE MANDA CONFIRMAR",2026-02-24,1500047,ACTIVO,PUNHUATO,XPONDD33A1A4,AC,BASINT20,2022-08-09,XPONDD33A1A4,1293.0,2
828,2026-02-22,NO NAVEGA. LEDS PARPADEANDO/NO AMARRA,BASICO TV + INTERNET FIBRA 250MB ($399),AMBOS SERVICIOS,"ER, FUERA DE LINEA",2026-02-24,1500285,ACTIVO,VIRREY,XPON2E1B63DF,AC,BASINTF250,,XPON2E1B63DF,,2
38798,2026-02-22,NO NAVEGA. LEDS PARPADEANDO/NO AMARRA,INTERNET FIBRA 60MB,PON PARPADEA,"ER, SE MANDA CONFIRMAR",2026-02-26,1500039,ACTIVO,PEDREGAL,XPONDD5CB9C6,AC,INT20,2021-09-07,XPONDD5CB9C6,1629.0,4
42052,2026-02-22,NO NAVEGA. LEDS FIJOS/RUIDO,BASICO TV + INTERNET FIBRA 75MB,SEÑAL INTERMITENTE,nan,2026-02-24,1500285,ACTIVO,VIRREY,XPONDD314538,AC,BASINT30,2022-08-12,XPONDD314538,1290.0,2
46334,2026-02-22,NO NAVEGA. LEDS FIJOS/RUIDO,INTERNET FIBRA 120MB,SEÑAL INTERMITENTE,nan,2026-02-24,1500047,ACTIVO,MADERO,XPONDD41EE13,AC,INT50,2026-08-01,XPONDD41EE13,-160.0,2
36609,2026-02-22,NO NAVEGA. LEDS FIJOS/RUIDO,BASICO TV + INTERNET FIBRA 250MB ($399),PIDE VISITA POR FALLAS CONSTANTES,nan,2026-02-24,1500039,ACTIVO,PERIODISMO,CDTCAFA3BBE2,AC,BASINTF250,,CDTCAFA3BBE2,,2
32228,2026-02-23,NO NAVEGA. LEDS PARPADEANDO/NO AMARRA,INTERNET FIBRA 75MB,LOS ROJO,JV SE ATENDIO CON EL TECNICO,2026-02-26,1501451,ACTIVO,VIRREY,48575443A5458A9B,AC,INT30,2017-03-10,48575443A5458A9B,3272.0,3
40980,2026-02-23,NO NAVEGA. LEDS PARPADEANDO/NO AMARRA,INTERNET FIBRA 75MB,FUERA DE LINEA,nan,2026-02-24,1500285,ACTIVO,VIRREY,48575443B6C5BCA9,AC,INT30,,48575443B6C5BCA9,,1
45083,2026-02-23,NO NAVEGA. LEDS FIJOS/RUIDO,INTERNET FIBRA 120MB,DEMACIADA INTERFERENCIAS,nan,2026-02-24,1500047,ACTIVO,MADERO,XPON1D968D47,AC,INT50,,XPON1D968D47,,1
21253,2026-02-23,NO NAVEGA. LEDS PARPADEANDO/NO AMARRA,INTERNET FIBRA 60MB,LOS ROJO,nan,2026-02-25,1500047,ACTIVO,PRADOS VERDES,XPONDD41F603,AC,INT20,2024-10-05,XPONDD41F603,506.0,2
334937,2026-02-23,NO NAVEGA. LEDS PARPADEANDO/NO AMARRA,BASICO TV + INTERNET FIBRA 75MB,LOS ROJO AMBOS SERVICIOS,nan,2026-02-24,1500047,ACTIVO,PRADOS VERDES,XPONDD2BDADE,AC,BASINT30,2014-11-03,XPONDD2BDADE,4130.0,1
344318,2026-02-23,NO NAVEGA. LEDS PARPADEANDO/NO AMARRA,BASICO TV + INTERNET FIBRA 250MB ($399),LOS ROJO SIN SEÑAL EN AMBOS SERVICIOS,nan,2026-02-24,1500047,ACTIVO,MADERO,HWTCAFAB418F,AC,BASINTF250,,HWTCAFAB418F,,1
2821,2026-02-23,NO NAVEGA. LEDS PARPADEANDO/NO AMARRA,INTERNET FIBRA 75MB,LOS ROJO,nan,2026-02-24,1500039,ACTIVO,PEDREGAL,485754430695749A,AC,INT30,2022-05-05,485754430695749A,1390.0,1
346700,2026-02-23,NO NAVEGA. LEDS FIJOS/RUIDO,INTERNET FIBRA 60MB,SIN SEÑAL,nan,2026-02-24,1500039,ACTIVO,PEDREGAL,XPONDD4C53FA,AC,INT20,2016-08-01,XPONDD4C53FA,3493.0,1
44014,2026-02-23,NO NAVEGA. LEDS PARPADEANDO/NO AMARRA,INTERNET FIBRA 120MB,LOS ROJO,nan,2026-02-24,1500285,ACTIVO,VIRREY,OPTI3387876D,AC,INT50,,OPTI3387876D,,1
346613,2026-02-23,NO NAVEGA. LEDS PARPADEANDO/NO AMARRA,BASICO TV + INTERNET FIBRA 250MB ($399),LOS ROJO,nan,2026-02-26,1500039,ACTIVO,PEDREGAL,XPONDD7EAA7E,AC,BASINTF250,,XPONDD7EAA7E,,3
45498,2026-02-23,NO NAVEGA. LEDS PARPADEANDO/NO AMARRA,INTERNET FIBRA 75MB,LOS ROJO,"ER, NIVEL BAJO MENOS 29.20",2026-02-25,1500503,ACTIVO,SANTIAGUITO,HWTCAFAA0809,AC,INT30,2025-06-08,HWTCAFAA0809,260.0,2
666,2026-02-24,NO NAVEGA. LEDS PARPADEANDO/NO AMARRA,BASICO TV + INTERNET FIBRA 250MB ($399),LOS ROJO SIN SEÑAL EN AMBOS SERVICIOS,nan,2026-02-24,1500285,ACTIVO,VIRREY,XPONDD7E9B46,AC,BASINTF250,,XPONDD7E9B46,,0
40186,2026-02-24,NO NAVEGA. LEDS PARPADEANDO/NO AMARRA,INTERNET FIBRA 75MB,nan,nan,2026-02-27,1500285,ACTIVO,VISTA BELLA,485754434E34A78B,AC,INT30,2022-05-02,485754434E34A78B,1394.0,3
343799,2026-02-24,NO NAVEGA. LEDS PARPADEANDO/NO AMARRA,BASICO TV + INTERNET FIBRA 60MB,CLIENTE COMENTA QUE NO CUENTA CON NINGUN SERVICIO,JV SE ATENDIO CON EL TECNICO,2026-02-26,1501451,ACTIVO,VIRREY,XPONDD300E06,AC,BASINT20,,XPONDD300E06,,2
43343,2026-02-24,NO NAVEGA. LEDS PARPADEANDO/NO AMARRA,INTERNET FIBRA 75MB,nan,JV SE ATENDIO CON EL TECNICO,2026-02-27,1501451,ACTIVO,VIRREY,HWTC50025946,AC,INT30,2023-05-09,HWTC50025946,1022.0,3
45647,2026-02-24,NO NAVEGA. LEDS PARPADEANDO/NO AMARRA,BASICO TV + INTERNET FIBRA 250MB ($399),"PIDE VISITA, INTERMITENCIAS NO TIENE LA VELOCIDAD CONTRATADA",nan,2026-02-24,1500039,ACTIVO,PEDREGAL,HWTCAF3AF2DA,AC,BASINTF250,2025-12-09,HWTCAF3AF2DA,77.0,0
46156,2026-02-24,NO NAVEGA. LEDS PARPADEANDO/NO AMARRA,BASICO TV + INTERNET FIBRA 250MB ($399),LOS ROJO SIN SEÑAL EN AMBOS SERVICIOS,nan,2026-02-24,1500039,ACTIVO,PEDREGAL,HWTCAFAB35CB,AC,BASINTF250,,HWTCAFAB35CB,,0
43751,2026-02-24,NO NAVEGA. LEDS FIJOS/RUIDO,INTERNET FIBRA 60MB,PIDE VISITA POR FALLAS CONSTANTES,nan,2026-02-25,1500047,ACTIVO,PRADOS VERDES,OPTI37B062A5,AC,INT20,2024-10-01,OPTI37B062A5,511.0,1
31368,2026-02-24,NO NAVEGA. LEDS PARPADEANDO/NO AMARRA,INTERNET FIBRA 60MB,FOCO ROJO,nan,2026-02-26,1500039,ACTIVO,PEDREGAL,XPONDD3FCC0F,AC,INT20,,XPONDD3FCC0F,,2
42716,2026-02-24,NO NAVEGA. LEDS PARPADEANDO/NO AMARRA,INTERNET FIBRA 120MB,FOCO ROJO,nan,2026-02-27,1500039,ACTIVO,PERIODISMO,XPONDD5305AC,AC,INT50,,XPONDD5305AC,,3
37723,2026-02-24,NO NAVEGA. LEDS FIJOS/RUIDO,BASICO TV + INTERNET FIBRA 75MB,nan,nan,2026-02-25,1500047,ACTIVO,PRADOS VERDES,OEMT3C1D24DC,AC,BASINT30,,OEMT3C1D24DC,,1
45402,2026-02-24,CAMBIO DE ACOMETIDA,INTERNET FIBRA 60MB,CLIENTE ENTERADO CAMBIO DE ACOMETIDA DAVID E,nan,2026-02-24,1500039,ACTIVO,PEDREGAL,XPONDD5FF3D4,AC,INT20,,XPONDD5FF3D4,,0
333710,2026-02-24,NO NAVEGA. LEDS PARPADEANDO/NO AMARRA,3PLAY 5GB,SIN SEÑAL AMBOS SERVICIOS,JV SE ATENDIO CON EL TECNICO,2026-02-26,1501451,ACTIVO,VIRREY,XPONDD2BE5F8,nan,nan,,nan,,2
37786,2026-02-24,EQUIPO DA?ADO,INTERNET FIBRA 75MB,CAMBIO SIN COSTO TIT ENTERADA,nan,2026-02-24,1500285,ACTIVO,VIRREY,485754432B0B6051,AC,INT30,2021-05-03,485754432B0B6051,1758.0,0
346700,2026-02-24,CAMBIO DE ACOMETIDA,INTERNET FIBRA 60MB,CLIENTE ENTERADO SIN COSTO PIDE DAVID,nan,2026-02-24,1500039,ACTIVO,PEDREGAL,XPONDD4C53FA,AC,INT20,2016-08-01,XPONDD4C53FA,3494.0,0
44104,2026-02-24,NO NAVEGA. LEDS PARPADEANDO/NO AMARRA,INTERNET FIBRA 60MB,nan,nan,2026-02-26,1500047,ACTIVO,MADERO,XPONDD4C5362,AC,INT20,2024-06-03,XPONDD4C5362,631.0,2
44410,2026-02-24,NO NAVEGA. LEDS PARPADEANDO/NO AMARRA,INTERNET FIBRA 150MB,LOS ROJO,nan,2026-02-26,1500039,ACTIVO,PERIODISMO,nan,AC,INT100,2024-02-07,nan,748.0,2
343435,2026-02-24,NO NAVEGA. LEDS PARPADEANDO/NO AMARRA,BASICO TV + INTERNET FIBRA 120MB,LOS ROJO,nan,2026-02-26,1500039,ACTIVO,PERIODISMO,XPONDD3FBB2F,AC,BASINT50,2023-05-08,XPONDD3FBB2F,1023.0,2
43275,2026-02-24,NO NAVEGA. LEDS FIJOS/RUIDO,BASICO TV + INTERNET FIBRA 250MB ($399),nan,nan,2026-02-25,1500374,ACTIVO,BELO,XPONDD439C1B,AC,BASINTF250,,XPONDD439C1B,,1
43275,2026-02-24,NO NAVEGA. LEDS FIJOS/RUIDO,BASICO TV + INTERNET FIBRA 250MB ($399),nan,nan,2026-02-25,1500374,ACTIVO,BELO,XPONDD439C1B,AC,BASINTF250,,XPONDD439C1B,,1
41848,2026-02-24,NO NAVEGA. LEDS PARPADEANDO/NO AMARRA,BASICO TV + INTERNET FIBRA 60MB,LOS ROJO,nan,2026-02-25,1500374,ACTIVO,VIRREY,XPONDD353882,AC,BASINT20,,XPONDD353882,,1
43575,2026-02-24,NO NAVEGA. LEDS FIJOS/RUIDO,INTERNET FIBRA 60MB,nan,nan,2026-02-25,1500374,ACTIVO,VIRREY,OPTI3387CF6D,AC,INT20,,OPTI3387CF6D,,1
345457,2026-02-24,NO NAVEGA. LEDS PARPADEANDO/NO AMARRA,BASICO TV + INTERNET FIBRA 250MB ($399),AMBOS SERVICIOS,nan,2026-02-26,1500039,ACTIVO,PEDREGAL,HWTCAF3AC8F2,AC,BASINTF250,,HWTCAF3AC8F2,,2
37126,2026-02-24,NO NAVEGA. LEDS PARPADEANDO/NO AMARRA,INTERNET FIBRA 60MB,LOS ROJO,nan,2026-02-25,1500374,ACTIVO,VIRREY,4857544348B57093,AC,INT20,,4857544348B57093,,1
37550,2026-02-24,NO NAVEGA. LEDS PARPADEANDO/NO AMARRA,INTERNET FIBRA 75MB,LOS ROJO,nan,2026-02-25,1500374,ACTIVO,VIRREY,XPONDD3FCA67,AC,INT30,,XPONDD3FCA67,,1
37965,2026-02-25,NO NAVEGA. LEDS PARPADEANDO/NO AMARRA,INTERNET FIBRA 120MB,LOS ROJO,JV SE ATENDIO CON EL TECNICO,2026-02-26,1501451,ACTIVO,VIRREY,XPONDD42BC83,AC,INT50,,XPONDD42BC83,,1
4300,2026-02-25,NO NAVEGA. LEDS PARPADEANDO/NO AMARRA,BASICO TV + INTERNET FIBRA 60MB,SE VA LA SEÑAL CONSTANTEMENTE,nan,2026-02-27,1500039,ACTIVO,PEDREGAL,XPONDD2C0116,AC,BASINT20,,XPONDD2C0116,,2
345116,2026-02-25,NO NAVEGA. LEDS PARPADEANDO/NO AMARRA,BASICO TV + INTERNET FIBRA 60MB,CABLE REVENTADO,nan,2026-02-26,1500285,ACTIVO,BELO,XPONDD39529C,AC,BASINT20,2014-01-07,XPONDD39529C,4432.0,1
28226,2026-02-25,NO NAVEGA. LEDS PARPADEANDO/NO AMARRA,BASICO TV + INTERNET FIBRA 250MB ($399),LOS ROJO,nan,2026-02-27,1500039,ACTIVO,PERIODISMO,HWTCAF9132A9,AC,BASINTF250,,HWTCAF9132A9,,2
33569,2026-02-25,NO NAVEGA. LEDS FIJOS/RUIDO,INTERNET NAVEGA (NO VIGENTE),PIDE VISITA POR FALLAS CONTANTES,nan,2026-02-26,1500047,ACTIVO,MADERO,E091F5DF5878,AC,IESE,,E091F5DF5878,,1
44676,2026-02-25,NO NAVEGA. LEDS FIJOS/RUIDO,INTERNET FIBRA 60MB,FUERA DE LINEA,nan,2026-02-27,1500039,ACTIVO,PEDREGAL,XPONDD531924,AC,INT20,2024-02-10,XPONDD531924,746.0,2
36454,2026-02-25,NO NAVEGA. LEDS PARPADEANDO/NO AMARRA,BASICO TV + INTERNET FIBRA 60MB,LOS ROJO,nan,2026-02-26,1500047,ACTIVO,MADERO,XPONDD438183,AC,BASINT20,,XPONDD438183,,1
2029,2026-02-25,NO NAVEGA. LEDS PARPADEANDO/NO AMARRA,BASICO TV + INTERNET FIBRA 120MB,NIVEL BAJO,nan,2026-03-02,1500374,ACTIVO,VIRREY,HWTCAF91329D,AC,BASINT50,2014-04-02,HWTCAF91329D,4347.0,5
29778,2026-02-25,NO NAVEGA. LEDS PARPADEANDO/NO AMARRA,BASICO TV + INTERNET FIBRA 45MB (NO VIGENTE),LOS ROJO SIN SEÑAL EN AMBOS SERVICIOS,nan,2026-02-27,1500039,ACTIVO,PEDREGAL,XPONDD4C7302,AC,BASINT10,2017-02-01,XPONDD4C7302,3311.0,2
37550,2026-02-25,CAMBIO DE ACOMETIDA,INTERNET FIBRA 75MB,TEC SOLICITA,nan,2026-02-25,5555555,ACTIVO,VIRREY,XPONDD3FCA67,AC,INT30,,XPONDD3FCA67,,0
6428,2026-02-25,NO NAVEGA. LEDS PARPADEANDO/NO AMARRA,BASICO TV + INTERNET FIBRA 250MB ($399),Y EL EQUIPO TIENE NIVEL BAJO OCUPA QUE LO MEJOREN,nan,2026-03-02,1500374,ACTIVO,VIRREY,XPONDD91A0BE,AC,BASINTF250,,XPONDD91A0BE,,5
45498,2026-02-25,EQUIPO DA?ADO,INTERNET FIBRA 75MB,CAMBIO DE EQUIPO SIN COSTO TIT ENETARADA,nan,2026-02-25,1500503,ACTIVO,SANTIAGUITO,HWTCAFAA0809,AC,INT30,2025-06-08,HWTCAFAA0809,262.0,0
46528,2026-02-25,NO NAVEGA. LEDS PARPADEANDO/NO AMARRA,BASICO TV + INTERNET FIBRA 250MB ($399),LOS ROJO,nan,2026-02-27,1500039,ACTIVO,PERIODISMO,HWTCAF3AB2F6,AC,BASINTF250,,HWTCAF3AB2F6,,2
44410,2026-02-25,CAMBIO DE ACOMETIDA,INTERNET FIBRA 150MB,"CLIENTE ENTERADO SIN  COSTO, PIDE DAVID",nan,2026-02-26,1500039,ACTIVO,PERIODISMO,nan,AC,INT100,2024-02-07,nan,749.0,1
46546,2026-02-25,NO NAVEGA. LEDS PARPADEANDO/NO AMARRA,BASICO TV + INTERNET FIBRA 250MB ($399),SIN SEÑAL EN AMBOS SERVICIOS,nan,2026-02-27,1500039,ACTIVO,PEDREGAL,HWTCAF8FD685,AC,BASINTF250,,HWTCAF8FD685,,2
3582,2026-02-25,NO NAVEGA. LEDS PARPADEANDO/NO AMARRA,BASICO TV + INTERNET FIBRA 250MB ($399),FUERA DE LINEA REQUIERE VISITA TECNICA,nan,2026-02-26,1500285,ACTIVO,VIRREY,XPONDD2908A0,AC,BASINTF250,2014-11-03,XPONDD2908A0,4132.0,1
20642,2026-02-25,NO NAVEGA. LEDS PARPADEANDO/NO AMARRA,BASICO TV + INTERNET FIBRA 60MB,LOS ROJO,nan,2026-02-27,1500039,ACTIVO,PEDREGAL,48352E11A5AC,AC,BASINT20,2015-09-12,48352E11A5AC,3819.0,2
40093,2026-02-25,NO NAVEGA. LEDS PARPADEANDO/NO AMARRA,BASICO TV + INTERNET FIBRA 60MB,SIN SEÑAL,nan,2026-02-26,1500047,ACTIVO,PRADOS VERDES,XPONDD29BF80,AC,BASINT20,,XPONDD29BF80,,1
45343,2026-02-25,NO NAVEGA. LEDS PARPADEANDO/NO AMARRA,BASICO TV + INTERNET FIBRA 250MB ($399),COMENTA TECNICO QUE LA ACOMETIDA ESTABA DAÑDA. SE SOLUCIONO EL DETALLE.,nan,2026-02-28,1500046,ACTIVO,PERIODISMO,HWTC1DD89CD8,AC,BASINTF250,2025-10-06,HWTC1DD89CD8,142.0,3
33716,2026-02-25,NO NAVEGA. LEDS PARPADEANDO/NO AMARRA,INTERNET NAVEGA (NO VIGENTE),LOS ROJO,nan,2026-02-27,1500039,ACTIVO,PERIODISMO,C43DC76BD5E2,AC,IESE,,C43DC76BD5E2,,2
45809,2026-02-25,NO NAVEGA. LEDS PARPADEANDO/NO AMARRA,BASICO TV + INTERNET FIBRA 250MB ($399),LOS ROJO,nan,2026-02-27,1500039,ACTIVO,PEDREGAL,HWTCAF3AAE0A,AC,BASINTF250,2025-09-10,HWTCAF3AAE0A,168.0,2
45200,2026-02-26,NO NAVEGA. LEDS FIJOS/RUIDO,INTERNET FIBRA 120MB,LOS ROJO,nan,2026-02-26,1500047,ACTIVO,MADERO,HWTC1DD87590,AC,INT50,2025-08-04,HWTC1DD87590,206.0,0
22726,2026-02-26,NO NAVEGA. LEDS PARPADEANDO/NO AMARRA,INTERNET NAVEGA (NO VIGENTE),LEODS  DOWNS PARPADEA NO NAVEGA,nan,2026-02-27,5555555,ACTIVO,PERIODISMO,204E7F09583C,AC,IESE,,204E7F09583C,,1
46088,2026-02-26,NO NAVEGA. LEDS PARPADEANDO/NO AMARRA,BASICO TV + INTERNET FIBRA 250MB ($399),FUERA DE LINEA REQUIERE VISITA,nan,2026-02-27,1500039,ACTIVO,PEDREGAL,HWTCAF8FD691,AC,BASINTF250,,HWTCAF8FD691,,1
45747,2026-02-26,NO NAVEGA. LEDS PARPADEANDO/NO AMARRA,BASICO TV + INTERNET FIBRA 250MB ($399),LOS ROJO AMBOS SERVICIO,"ER, FUERA DE LINEA",2026-02-27,1500503,ACTIVO,SANTIAGUITO,HWTCAF3ABFB6,AC,BASINTF250,2025-03-10,HWTCAF3ABFB6,353.0,1
8464,2026-02-26,NO NAVEGA. LEDS PARPADEANDO/NO AMARRA,INTERNET NAVEGA (NO VIGENTE),SOLO PWR ENCENDIDO,nan,2026-02-27,5555555,ACTIVO,PERIODISMO,C43DC76C1052,AC,IESE,,C43DC76C1052,,1
345116,2026-02-26,CAMBIO DE ACOMETIDA,BASICO TV + INTERNET FIBRA 60MB,CLIENTE ENTERADO CAMBIO DE ACOMETIDA ULISES,nan,2026-02-26,1500285,ACTIVO,BELO,XPONDD39529C,AC,BASINT20,2014-01-07,XPONDD39529C,4433.0,0
22726,2026-02-26,NO NAVEGA. LEDS PARPADEANDO/NO AMARRA,INTERNET NAVEGA (NO VIGENTE),LOS FOCOS PARADEAN,nan,2026-02-27,5555555,ACTIVO,PERIODISMO,204E7F09583C,AC,IESE,,204E7F09583C,,1
37933,2026-02-26,NO NAVEGA. LEDS FIJOS/RUIDO,BASICO TV + INTERNET FIBRA 60MB,nan,nan,2026-02-27,1500047,ACTIVO,PRADOS VERDES,XPONDD33A15C,AC,BASINT20,2021-11-03,XPONDD33A15C,1576.0,1
14235,2026-02-26,NO NAVEGA. LEDS FIJOS/RUIDO,INTERNET EXTREME (NO VIGENTE),nan,nan,2026-02-27,5555555,ACTIVO,PERIODISMO,204E7F09522E,AC,IESEP,,204E7F09522E,,1
36608,2026-02-26,NO NAVEGA. LEDS PARPADEANDO/NO AMARRA,BASICO TV + INTERNET FIBRA 120MB,FOCO ROJO,nan,2026-02-27,1501143,ACTIVO,VIRREY,XPONDD291B20,AC,BASINT50,2020-11-06,XPONDD291B20,1938.0,1
45209,2026-02-26,NO NAVEGA. LEDS PARPADEANDO/NO AMARRA,BASICO TV + INTERNET FIBRA 250MB ($399),REQUIERE VISITA,nan,2026-02-27,1500039,ACTIVO,PEDREGAL,HWTC1DD89300,AC,BASINTF250,2025-12-04,HWTC1DD89300,84.0,1
30224,2026-02-26,NO NAVEGA. LEDS PARPADEANDO/NO AMARRA,BASICO TELECABLE FIBRA,LOS ROJO,nan,2026-02-27,1500039,ACTIVO,PEDREGAL,nan,nan,nan,,nan,,1
30871,2026-02-26,NO NAVEGA. LEDS PARPADEANDO/NO AMARRA,INTERNET NAVEGA (NO VIGENTE),CABLE APAGADO,nan,2026-02-27,5555555,ACTIVO,PERIODISMO,C43DC763389C,AC,IESE,2017-06-04,C43DC763389C,3189.0,1
29694,2026-02-26,NO NAVEGA. LEDS PARPADEANDO/NO AMARRA,INTERNET FIBRA 75MB,LOS ROJO,nan,2026-02-27,1500047,ACTIVO,MADERO,4857544319758F9B,AC,INT30,,4857544319758F9B,,1
45809,2026-02-26,CAMBIO DE ACOMETIDA,BASICO TV + INTERNET FIBRA 250MB ($399),TIT ACEPTA CAMBIO DE ACOMETIDA SIN COSTO TEC DAVID E,nan,2026-02-27,1500039,ACTIVO,PEDREGAL,HWTCAF3AAE0A,AC,BASINTF250,2025-09-10,HWTCAF3AAE0A,169.0,1
36454,2026-02-26,CAMBIO DE ACOMETIDA,BASICO TV + INTERNET FIBRA 60MB,TIT ACEPTA CAMBIO DE ACOMETIDA SIN COSTO TEC DANIEL G,nan,2026-02-26,1500047,ACTIVO,MADERO,XPONDD438183,AC,BASINT20,,XPONDD438183,,0
45873,2026-02-26,NO NAVEGA. LEDS PARPADEANDO/NO AMARRA,BASICO TV + INTERNET FIBRA 250MB ($399),LOS ROJO,nan,2026-02-27,1500039,ACTIVO,PEDREGAL,XPONDD7EAA36,AC,BASINTF250,,XPONDD7EAA36,,1
22970,2026-02-26,NO NAVEGA. LEDS PARPADEANDO/NO AMARRA,INTERNET FIBRA 45MB (NO VIGENTE),LOS ROJO,nan,2026-02-27,1500047,ACTIVO,PRADOS VERDES,XPONDD530334,AC,INT10,2018-05-01,XPONDD530334,2858.0,1
46156,2026-02-27,NO NAVEGA. LEDS PARPADEANDO/NO AMARRA,BASICO TV + INTERNET FIBRA 250MB ($399),LOS ROJO,JE FUERA DE LINEA REQUIERE VISITA,2026-03-02,1500039,ACTIVO,PEDREGAL,HWTCAFAB35CB,AC,BASINTF250,,HWTCAFAB35CB,,3
43343,2026-02-27,MODEM DAÑADO/PERDIDO (COBRO),INTERNET FIBRA 75MB,TEC SOLICITA OS TIT DE ACUERDO CON EL COSTO,nan,2026-02-27,1501143,ACTIVO,VIRREY,HWTC50025946,AC,INT30,2023-05-09,HWTC50025946,1025.0,0
22970,2026-02-27,EQUIPO DA?ADO,INTERNET FIBRA 45MB (NO VIGENTE),TEC SOLICITA OS TIT ENTERADO Q NO TIENE COSTO,nan,2026-02-27,1500047,ACTIVO,PRADOS VERDES,XPONDD530334,AC,INT10,2018-05-01,XPONDD530334,2859.0,0
31012,2026-02-27,NO NAVEGA. LEDS PARPADEANDO/NO AMARRA,INTERNET FIBRA 60MB,LOS ROJO,JE FUERA DE LINEA REQUIERE VISITA,2026-03-02,1500047,ACTIVO,MADERO,XPON1DE00C12,AC,INT20,,XPON1DE00C12,,3
41867,2026-02-27,NO NAVEGA. LEDS PARPADEANDO/NO AMARRA,BASICO TV + INTERNET FIBRA 75MB,LOS ROJO,JE FUERA DE LINEA REQUIERE VISITA,2026-03-02,1500039,ACTIVO,PEDREGAL,XPONDD37C3EC,AC,BASINT30,2022-04-11,XPONDD37C3EC,1418.0,3
45625,2026-02-27,NO NAVEGA. LEDS PARPADEANDO/NO AMARRA,INTERNET FIBRA 60MB,FOCO ROJO,JE FUERA DE LINEA REQUIERE VISITA,2026-03-03,1500039,ACTIVO,PERIODISMO,HWTCAF3ACE86,AC,INT20,2025-08-09,HWTCAF3ACE86,202.0,4
46084,2026-02-27,NO NAVEGA. LEDS PARPADEANDO/NO AMARRA,BASICO TV + INTERNET FIBRA 250MB ($399),FUERA DE LINEA,JV OFFLINE REQ VISITA,2026-03-03,1500374,ACTIVO,VIRREY,HWTCAFAB6A1B,AC,BASINTF250,2025-09-12,HWTCAFAB6A1B,168.0,4
43564,2026-02-27,NO NAVEGA. LEDS PARPADEANDO/NO AMARRA,INTERNET FIBRA 75MB,LOS ROJO,nan,2026-02-27,1500285,ACTIVO,VIRREY,48575443938D9C8B,AC,INT30,2023-06-10,48575443938D9C8B,993.0,0
335825,2026-02-27,NO NAVEGA. LEDS PARPADEANDO/NO AMARRA,INTERNET FIBRA 120MB,MODEM NO PRENDE,JE REQUIERE VISITA PARA CHECAR EN DOMICILIO,2026-02-28,1501398,ACTIVO,PRADOS VERDES,485754433F98E8C5,AC,INT50,2022-01-09,485754433F98E8C5,1510.0,1
43911,2026-02-27,NO NAVEGA. LEDS PARPADEANDO/NO AMARRA,BASICO TV + INTERNET FIBRA 60MB,SIN SEÑAL AMBOS SERVICIOS,JV OFFLINE REQ VISITA,2026-03-02,1500374,ACTIVO,VIRREY,OPTI38BFC61D,AC,BASINT20,,OPTI38BFC61D,,3
37819,2026-02-27,NO NAVEGA. LEDS PARPADEANDO/NO AMARRA,INTERNET FIBRA 60MB,LOS ROJO,JE FUERA DE LINEA REQUIERE VISITA,2026-03-03,1500047,ACTIVO,PUNHUATO,48575443D0221E5B,AC,INT20,,48575443D0221E5B,,4
46389,2026-02-27,NO NAVEGA. LEDS PARPADEANDO/NO AMARRA,INTERNET FIBRA 60MB,LOS ROJO,JE MANDO A CC,2026-03-02,1500039,ACTIVO,PEDREGAL,HWTCAFA9F549,AC,INT20,,HWTCAFA9F549,,3
46103,2026-02-27,NO NAVEGA. LEDS PARPADEANDO/NO AMARRA,INTERNET FIBRA 60MB,LOS ROJO,JV OFFLINE REQ VISITA,2026-03-02,1500374,ACTIVO,VISTA BELLA,HWTCAFAB437B,AC,INT20,2025-10-12,HWTCAFAB437B,138.0,3
19510,2026-02-28,NO NAVEGA. LEDS PARPADEANDO/NO AMARRA,BASICO TV + INTERNET FIBRA 250MB ($399),LOS ROJO AMBOS SERVICIOS,JV OFFLINE REQ VISITA,2026-03-02,1500374,ACTIVO,VIRREY,HWTCAF8FD655,AC,BASINTF250,,HWTCAF8FD655,,2
44777,2026-02-28,NO NAVEGA. LEDS FIJOS/RUIDO,INTERNET FIBRA 60MB,nan,NO NAVEGA NO TIENE ALCANCE MAS DE 3 MM DE DONDE TIENE EL MODEM,2026-03-02,1501177,ACTIVO,NINO ARTILLERO,XPONDD5309D4,AC,INT20,,XPONDD5309D4,,2
31581,2026-02-28,NO NAVEGA. LEDS PARPADEANDO/NO AMARRA,BASICO TV + INTERNET FIBRA 60MB,LOS ROJO,JV OFFLINE REQ VISITA,2026-03-02,1500374,ACTIVO,VIRREY,XPONDD2C3376,AC,BASINT20,2017-04-07,XPONDD2C3376,3249.0,2
32712,2026-02-28,NO NAVEGA. LEDS PARPADEANDO/NO AMARRA,INTERNET FIBRA 60MB,LOS ROJO,JE FUERA DE LINEA REQUIERE VISITA,2026-03-02,1500039,ACTIVO,PERIODISMO,485754432AD5999D,AC,INT20,,485754432AD5999D,,2
20207,2026-02-28,NO NAVEGA. LEDS FIJOS/RUIDO,BASICO TV + INTERNET FIBRA 60MB,nan,JE FUERA DE LINEA REQUIERE VISITA,2026-03-02,1500047,ACTIVO,PRADOS VERDES,XPONDD3031FE,AC,BASINT20,2015-02-12,XPONDD3031FE,4034.0,2
30224,2026-02-28,NO NAVEGA. LEDS FIJOS/RUIDO,BASICO TELECABLE FIBRA,LOS ROJO,JE FUERA DE LINEA REQUIERE VISITA,2026-03-02,1500039,ACTIVO,PEDREGAL,nan,nan,nan,,nan,,2
40029,2026-02-28,NO NAVEGA. LEDS PARPADEANDO/NO AMARRA,INTERNET FIBRA 75MB,NIVEL BAJO REQUIERE VISITA,nan,2026-03-05,1500285,ACTIVO,BELO,4857544360D5708B,AC,INT30,,4857544360D5708B,,5
343653,2026-02-28,NO NAVEGA. LEDS PARPADEANDO/NO AMARRA,BASICO TV + INTERNET FIBRA 60MB,LOS ROJO,"GT.NIVEL MENOS 29, REQUIERE VISITA",2026-03-02,1500374,ACTIVO,VIRREY,XPONDD303346,AC,BASINT20,,XPONDD303346,,2
345083,2026-02-28,NO NAVEGA. LEDS PARPADEANDO/NO AMARRA,INTERNET FIBRA 75MB,MODEM APAGADO,nan,2026-03-03,1500039,ACTIVO,PEDREGAL,48575443142AD2A9,AC,INT30,,48575443142AD2A9,,3
28253,2026-02-28,NO NAVEGA. LEDS PARPADEANDO/NO AMARRA,BASICO TV + INTERNET FIBRA 75MB,FOCO ROJO,nan,2026-03-04,1500039,ACTIVO,PEDREGAL,XPONDD291E10,AC,BASINT30,2016-01-11,XPONDD291E10,3701.0,4
