CONTRATO,FECHA_PEDIDO,MOTIVO_PEDIDO,PAQUETE_x,DETALLE_PEDIDO1,DETALLE_PEDIDO2,FECHA_CUMPLIMIENTO,COD_TECNICO,ESTATUS_x,ZONA,MODEM(S)_x,ESTATUS_y,PAQUETE_y,FECHA_INSTALACION,DIAS_ANTIGUEDAD,DIAS_ATENCION,RX_AVG,SERIAL_NUMBER,ONT_MODEL,SOFTWARE_VERSION
42295,2026-02-01,EQUIPO DA?ADO,INTERNET FIBRA 60MB,CLIENTE ENTERADO CAMBIO DE EQUIPO  SIN COSTO ULISES,nan,2026-02-01,1500046,ACTIVO,VIRREY,XPONDD45BHEA,AC,INT20,2023-08-02,914.0,0,-23.339828869047775,58504F4EDD45BAEA,MN-WIFI2,V1.7.1
45662,2026-02-01,NO NAVEGA. LEDS FIJOS/RUIDO,BASICO TV + INTERNET FIBRA 250MB ($399),SIN SEÑAL EN AMBOS SERV,nan,2026-02-04,1500036,ACTIVO,ATAPANEO,XPON1DE0044A,AC,BASINTF250,,,3,-16.724111498257848,58504F4E1DE0044A,HG102AT,V1.7.1
38705,2026-02-01,NO NAVEGA. LEDS FIJOS/RUIDO,BASICO TV + INTERNET FIBRA 60MB,LOS ROJO,nan,2026-02-03,5555555,ACTIVO,MADERO,XPONDD2BDAAE,AC,BASINT20,,,2,-23.041186868686832,58504F4EDD2BDAAE,BT-213XR,V1.2.16SP
39243,2026-02-01,NO NAVEGA. LEDS PARPADEANDO/NO AMARRA,INTERNET FIBRA 60MB,LOS ROJO,nan,2026-02-03,1500047,ACTIVO,MADERO,48575443A73628A9,AC,INT20,,,2,-26.01098611111115,48575443A73628A9,HG8546M,V3R017C10S125
46347,2026-02-01,NO NAVEGA. LEDS PARPADEANDO/NO AMARRA,INTERNET FIBRA 75MB,LOS ROJO,"ER, FUERA DE LINEA",2026-02-05,1501177,ACTIVO,RICARDO FLORES MAGON,CDTCAFA3B6A2,AC,INT30,,,4,-24.285121028744342,43445443AFA3B6A2,FD712GD-R850,V1.7.1
2029,2026-02-03,NO NAVEGA. LEDS FIJOS/RUIDO,BASICO TV + INTERNET FIBRA 120MB,PIDE VISITA POR POCO ALCANCE EN EL MODEM,nan,2026-02-03,1500374,ACTIVO,VIRREY,HWTCAF91329D,AC,BASINT50,2014-04-02,4325.0,0,-27.5635119047618,48575443AF91329D,MONUV411,V2.4.12
43743,2026-02-03,NO NAVEGA. LEDS PARPADEANDO/NO AMARRA,INTERNET FIBRA 60MB,LOS ROJO,nan,2026-02-03,1500047,ACTIVO,MADERO,OPTI359D1B5D,AC,INT20,2023-06-12,967.0,0,-28.746993686868716,4F505449359D1B5D,IGD,0
7605,2026-02-03,NO NAVEGA. LEDS PARPADEANDO/NO AMARRA,INTERNET FIBRA 75MB,LOS ROJO,nan,2026-02-03,1500039,ACTIVO,PEDREGAL,48575443BA456986,AC,INT30,,,0,-25.98196545637929,48575443BA456986,546M,V3R017C10S125
343508,2026-02-03,NO NAVEGA. LEDS PARPADEANDO/NO AMARRA,BASICO TV + INTERNET FIBRA 45MB (NO VIGENTE),LOS ROJO,nan,2026-02-03,1500047,ACTIVO,MADERO,XPONDD438ACB,AC,BASINT10,,,0,-29.382123737373828,58504F4EDD438ACB,MN-CATV2,V1.7.1
38928,2026-02-03,NO NAVEGA. LEDS PARPADEANDO/NO AMARRA,BASICO TV + INTERNET FIBRA 250MB ($399),LOS ROJO,nan,2026-02-03,1500047,ACTIVO,MADERO,HWTCAFAB572B,AC,BASINTF250,2021-09-08,1609.0,0,-30.012646464646675,48575443AFAB572B,CNA-ONU-4GE2WXCA,V1.7.1
43975,2026-02-03,NO NAVEGA. LEDS PARPADEANDO/NO AMARRA,INTERNET FIBRA 60MB,LOS ROJO,nan,2026-02-03,1500047,ACTIVO,MADERO,OPTI37B0A8DD,AC,INT20,2024-07-02,581.0,0,-24.10140530303025,4F50544937B0A8DD,IGD,0
29173,2026-02-03,NO NAVEGA. LEDS PARPADEANDO/NO AMARRA,INTERNET FIBRA 60MB,LOS ROJO,nan,2026-02-03,1500039,ACTIVO,PEDREGAL,XPON1D968C93,AC,INT20,,,0,-18.025410364145646,58504F4E1D968C93,HG102A,V3.2.18
46226,2026-02-03,NO NAVEGA. LEDS FIJOS/RUIDO,BASICO TV + INTERNET FIBRA 250MB ($399),nan,nan,2026-02-03,1500039,ACTIVO,PERIODISMO,XPONDD919C06,AC,BASINTF250,,,0,-25.85973065799008,58504F4EDD919C06,MN-CATVDUALM,V1R007C00S001
23485,2026-02-03,NO NAVEGA. LEDS FIJOS/RUIDO,BASICO TV + INTERNET FIBRA 75MB,FUERA DE LINEA,nan,2026-02-04,1500047,ACTIVO,MADERO,XPONDD3FBB47,AC,BASINT30,2016-12-02,3350.0,1,-26.339624999999966,58504F4EDD3FBB47,MN-CATV2,V1.7.1
44404,2026-02-03,NO NAVEGA. LEDS FIJOS/RUIDO,BASICO TV + INTERNET FIBRA 150MB,CLIENTE COMENTA QUE NO ENCIENDE EL MODEM,nan,2026-02-04,1500039,ACTIVO,PEDREGAL,XPONDD2AC919,AC,BASINT100,,,1,-21.459493192133127,58504F4EDD2AC919,BT-713XR,V1R007C00S001
46255,2026-02-03,NO NAVEGA. LEDS PARPADEANDO/NO AMARRA,INTERNET FIBRA 60MB,LOS ROJO,nan,2026-02-04,1500047,ACTIVO,PRADOS VERDES,HWTCAFAA1D75,AC,INT20,,,1,-22.733785094435955,48575443AFAA1D75,CNA-ONU-4GE2WX,V1.7.1
43212,2026-02-03,NO NAVEGA. LEDS FIJOS/RUIDO,INTERNET FIBRA 60MB,MODEM NO PRENDE,nan,2026-02-04,1500047,ACTIVO,PUNHUATO,XPONDD439C4B,AC,INT20,2023-11-08,818.0,1,-25.4255981595091,58504F4EDD439C4B,MN-WIFI2,V1.7.1
1057,2026-02-03,NO NAVEGA. LEDS FIJOS/RUIDO,BASICO TV + INTERNET FIBRA 60MB,nan,MA. SE MANDA A CONFIRMAR,2026-02-04,1500862,ACTIVO,BELO,XPONDD3027C6,AC,BASINT20,2014-04-01,4326.0,1,-21.66430166147453,58504F4EDD3027C6,MN-CATV2,V1.7.1
38661,2026-02-03,NO NAVEGA. LEDS PARPADEANDO/NO AMARRA,BASICO TV + INTERNET FIBRA 120MB,SIN SEÑAL AMBOS SERVICIOS,nan,2026-02-04,1500047,ACTIVO,MADERO,nan,AC,BASINT50,,,1,-20.102338383838365,485754431DD893E4,CNA-ONU-4GE2WXCA,V1.7.1
38138,2026-02-03,NO NAVEGA. LEDS PARPADEANDO/NO AMARRA,INTERNET FIBRA 75MB,LOS ROJO,nan,2026-02-04,1500374,ACTIVO,MIL CUMBRES,XPONDD5FFE7C,AC,INT30,,,1,-26.49339693665626,58504F4EDD5FFE7C,MN-WIFI2,V1R007C00S001
28347,2026-02-03,NO NAVEGA. LEDS PARPADEANDO/NO AMARRA,BASICO TV + INTERNET FIBRA 60MB,nan,nan,2026-02-04,1500039,ACTIVO,PEDREGAL,XPONDD291630,AC,BASINT20,,,1,-26.459866364094566,58504F4EDD291630,BT-213XR,V1.2.11
29755,2026-02-03,NO NAVEGA. LEDS PARPADEANDO/NO AMARRA,INTERNET FIBRA 60MB,FUERA DE LINEA,nan,2026-02-04,1500039,ACTIVO,PEDREGAL,HWTCAFAA0959,AC,INT20,,,1,-33.65213439233484,48575443AFAA0959,CNA-ONU-4GE2WX,V1.7.1
344440,2026-02-03,NO NAVEGA. LEDS PARPADEANDO/NO AMARRA,BASICO TV + INTERNET FIBRA 60MB,SIN SEÑAL AMBOS SERVICIOS,nan,2026-02-04,1500039,ACTIVO,PERIODISMO,XPONDD3F619F,AC,BASINT20,,,1,-30.9971234832263,58504F4EDD3F619F,MN-CATV2,V1.7.1
347200,2026-02-03,NO NAVEGA. LEDS FIJOS/RUIDO,BASICO TV + INTERNET FIBRA 60MB,PIDE VISITA POR FALLAS CONSTANTES,nan,2026-02-03,1500039,ACTIVO,PERIODISMO,XPONAF411455,AC,BASINT20,,,0,-28.74093683083532,58504F4EAF411455,HG104AT,V1.7.1
36885,2026-02-03,CAMBIO DE ACOMETIDA,INTERNET FIBRA 45MB (NO VIGENTE),TEC SOLICITA,nan,2026-02-03,1500039,ACTIVO,PEDREGAL,444437322E11A5D8,AC,INT10,,,0,-27.360505547150826,444437322E11A5D8,WK-3801,V3.0.4
42199,2026-02-03,NO NAVEGA. LEDS PARPADEANDO/NO AMARRA,BASICO TV + INTERNET FIBRA 60MB,TIENE NIVELBAJO REQUIEREVISITA TECNICA,nan,2026-02-04,1500047,CORTADO,PRADOS VERDES,XPONDD3A38A0,CO,BASINT20,,,1,-32.194389994895374,58504F4EDD3A38A0,MN-CATV2,V1.7.1
7605,2026-02-03,CAMBIO DE ACOMETIDA,INTERNET FIBRA 75MB,TIT ENTERADO DE CAMBIO DE ACOMETIDA SIN COSTO DEL MODEM AL POSTE SOLICITA TEC DAVID E,nan,2026-02-03,1500039,ACTIVO,PEDREGAL,48575443BA456986,AC,INT30,,,0,-25.98196545637929,48575443BA456986,546M,V3R017C10S125
45690,2026-02-03,NO NAVEGA. LEDS PARPADEANDO/NO AMARRA,BASICO TV + INTERNET FIBRA 250MB ($399),nan,"ER, SE RECOMIENDA VISITA",2026-02-04,1500503,ACTIVO,SANTIAGUITO,HWTCAF3AD58E,AC,BASINTF250,,,1,-22.95477937468481,48575443AF3AD58E,CNA-ONU-4GE2WXCA,V1.7.1
41431,2026-02-03,NO NAVEGA. LEDS PARPADEANDO/NO AMARRA,INTERNET FIBRA 75MB,LE PUEDES GENERAR OS NO TENGO ACCESO AL EQUIPO,nan,2026-02-04,1500047,ACTIVO,MADERO,XPON1D42F030,AC,INT30,,,1,-26.313434343434423,58504F4E1D42F030,HG102AT,V1.7.1
40889,2026-02-03,EQUIPO DA?ADO,INTERNET FIBRA 75MB,TIT ACEPTA CAMBIO DE MODEM SIN COSTO TEC JORGE,nan,2026-02-05,1500046,ACTIVO,PERIODISMO,OPTI38CO6FB5,AC,INT30,2022-02-06,1458.0,2,-21.64038722341182,4F50544938C06FB5,IGD,0
38314,2026-02-03,NO NAVEGA. LEDS PARPADEANDO/NO AMARRA,BASICO TV + INTERNET FIBRA 60MB,LOS ROJO,nan,2026-02-04,1500039,ACTIVO,PEDREGAL,XPONDD4C731A,AC,BASINT20,,,1,-22.174104891578434,58504F4EDD4C731A,MN-CATV2,V1.7.1
30495,2026-02-03,NO NAVEGA. LEDS PARPADEANDO/NO AMARRA,BASICO TV + INTERNET FIBRA 250MB ($399),LOS ROJO AMBOS SERVICIOS,nan,2026-02-05,1500047,ACTIVO,PRADOS VERDES,CDTCAFA3E11A,AC,BASINTF250,2026-03-02,-27.0,2,-26.112123383923624,43445443AFA3E11A,FD712GD-R850,V1.7.1
29686,2026-02-03,NO NAVEGA. LEDS PARPADEANDO/NO AMARRA,BASICO TV + INTERNET FIBRA 250MB ($399),LOS ROJO,nan,2026-02-04,1500047,ACTIVO,MADERO,CDTCAFA3B312,AC,BASINTF250,,,1,-26.900051767676803,43445443AFA3B312,FD712GD-R850,V1.7.1
45038,2026-02-03,NO NAVEGA. LEDS PARPADEANDO/NO AMARRA,BASICO TV + INTERNET FIBRA 250MB ($399),LOS ROJO,nan,2026-02-04,1500039,ACTIVO,PEDREGAL,XPON1D42DA7C,AC,BASINTF250,2025-11-02,93.0,1,-24.22488653555206,58504F4E1D42DA7C,HG102AT,V1.7.1
42824,2026-02-03,NO NAVEGA. LEDS PARPADEANDO/NO AMARRA,BASICO TV + INTERNET FIBRA 250MB ($399),LOS ROJO AMBOS SERVICIOS,nan,2026-02-04,1500374,BAJA,VISTA BELLA,nan,BA,BASINTF250,,,1,-40.0,58504F4EDD7E9346,FD712GD-R850,V1.7.1
46226,2026-02-03,EQUIPO DA?ADO,BASICO TV + INTERNET FIBRA 250MB ($399),CLIENTE ENTERADO PODE DAVID,nan,2026-02-03,1500039,ACTIVO,PERIODISMO,XPONDD919C06,AC,BASINTF250,,,0,-25.85973065799008,58504F4EDD919C06,MN-CATVDUALM,V1R007C00S001
40211,2026-02-03,NO NAVEGA. LEDS PARPADEANDO/NO AMARRA,INTERNET FIBRA 75MB,nan,nan,2026-02-04,1500503,ACTIVO,SANTIAGUITO,4857544375396E9C,AC,INT30,,,1,-23.974819717599427,4857544375396E9C,HG8546M,V3R017C10S125
29173,2026-02-03,EQUIPO DA?ADO,INTERNET FIBRA 60MB,CAMBIO DE MODEM SIN COSTO TIT ENTERADO PIDE DAVID E,nan,2026-02-03,1500039,ACTIVO,PEDREGAL,XPON1D968C93,AC,INT20,,,0,-18.025410364145646,58504F4E1D968C93,HG102A,V3.2.18
335780,2026-02-03,NO NAVEGA. LEDS PARPADEANDO/NO AMARRA,INTERNET FIBRA 120MB,LOS ROJO,nan,2026-02-04,1500039,ACTIVO,PERIODISMO,HWTCAFAA1DA5,AC,INT50,2023-07-08,941.0,1,-24.01529264810852,48575443AFAA1DA5,CNA-ONU-4GE2WX,V1.7.1
29945,2026-02-03,NO NAVEGA. LEDS PARPADEANDO/NO AMARRA,INTERNET FIBRA 60MB,LOS ROJO,nan,2026-02-04,1500047,ACTIVO,PUNHUATO,XPONDD5FE1F4,AC,INT20,2017-02-02,3288.0,1,-26.897494887525493,58504F4EDD5FE1F4,MN-WIFI2,V1R007C00S001
30686,2026-02-04,NO NAVEGA. LEDS FIJOS/RUIDO,INTERNET FIBRA 45MB (NO VIGENTE),FOCO ROJO,nan,2026-02-05,1500047,ACTIVO,MADERO,XPONDD37CE8C,AC,INT10,,,1,-27.02178661616158,58504F4EDD37CE8C,MN-CATV2,V1.7.1
26158,2026-02-04,NO NAVEGA. LEDS PARPADEANDO/NO AMARRA,BASICO TV + INTERNET FIBRA 250MB ($399),nan,JV SE ATENDIO CON EL TECNICO,2026-02-06,1501451,ACTIVO,VIRREY,XPONDD7EB29E,AC,BASINTF250,2025-11-11,85.0,2,-23.09801041666684,58504F4EDD7EB29E,MN-CATVDUALM,V1R007C00S001
8257,2026-02-04,MALA INSTALACION (INTERNET),BASICO TV + INTERNET FIBRA 250MB ($399),nan,nan,2026-02-06,1500374,ACTIVO,VIRREY,XPONDD91A2C6,AC,BASINTF250,2016-12-02,3351.0,2,-23.493142857143017,58504F4EDD91A2C6,MN-CATVDUALM,V1R007C00S001
45351,2026-02-04,NO NAVEGA. LEDS FIJOS/RUIDO,BASICO TV + INTERNET FIBRA 250MB ($399),SEÑAL INTERMITENTE SOLICITA VISITA,nan,2026-02-06,1500374,BAJA,VIRREY,nan,BA,BASINTF250,,,2,,58504F4EDD5FE1F4,MN-WIFI2,V1R007C00S001
37890,2026-02-04,NO NAVEGA. LEDS PARPADEANDO/NO AMARRA,INTERNET FIBRA 60MB,nan,nan,2026-02-04,1500039,ACTIVO,PEDREGAL,48575443D0319F5B,AC,INT20,,,0,-25.94855395864864,48575443D0319F5B,HG8546M,V5R019C00S050
44536,2026-02-04,NO NAVEGA. LEDS PARPADEANDO/NO AMARRA,INTERNET FIBRA 75MB,LOS ROJO,nan,2026-02-05,1500039,ACTIVO,PEDREGAL,XPONDD5300C4,AC,INT30,2024-08-08,545.0,1,-25.57494200706005,58504F4EDD5300C4,MN-WIFI2,V1.7.1
40946,2026-02-04,NO NAVEGA. LEDS PARPADEANDO/NO AMARRA,INTERNET FIBRA 75MB,LOS ROJO,nan,2026-02-05,1500039,ACTIVO,PEDREGAL,485754431C5861A9,AC,INT30,2022-10-06,1217.0,1,-24.673593040847198,485754431C5861A9,HG8546M,V3R017C10S125
29755,2026-02-04,MODEM DAÑADO/PERDIDO (COBRO),INTERNET FIBRA 60MB,TIT ACEPTA CARGO DE 500 PESOS EN 2 PARCIALIDADES SOLICITA TEC DAVID E,CAMBIO DE MODEM POR PLAGA,2026-02-04,1500039,ACTIVO,PEDREGAL,HWTCAFAA0959,AC,INT20,,,0,-33.65213439233484,48575443AFAA0959,CNA-ONU-4GE2WX,V1.7.1
38314,2026-02-04,MODEM DAÑADO/PERDIDO (COBRO),BASICO TV + INTERNET FIBRA 60MB,TIT ACEPTA CARGO PARA ESTE MES,nan,2026-02-04,1500039,ACTIVO,PEDREGAL,XPONDD4C731A,AC,BASINT20,,,0,-22.174104891578434,58504F4EDD4C731A,MN-CATV2,V1.7.1
38138,2026-02-04,CAMBIO DE ACOMETIDA,INTERNET FIBRA 75MB,CLIENTE ENTERADA CAMBIO DE ACOMETIDA FERNANDO,nan,2026-02-04,1500374,ACTIVO,MIL CUMBRES,XPONDD5FFE7C,AC,INT30,,,0,-26.49339693665626,58504F4EDD5FFE7C,MN-WIFI2,V1R007C00S001
10326,2026-02-04,NO NAVEGA. LEDS PARPADEANDO/NO AMARRA,BASICO TV + INTERNET FIBRA 250MB ($399),AMBOS SERVICIOS,LOS ROJO,2026-02-06,1500374,ACTIVO,VIRREY,XPONDD91960E,AC,BASINTF250,,,2,-33.13020982142865,58504F4EDD91960E,MN-CATVDUALM,V1R007C00S001
29686,2026-02-04,EQUIPO DA?ADO,BASICO TV + INTERNET FIBRA 250MB ($399),CLIENTE ENTERADO SIN COSTO PIDE DANIEL,nan,2026-02-04,1500047,ACTIVO,MADERO,CDTCAFA3B312,AC,BASINTF250,,,0,-26.900051767676803,43445443AFA3B312,FD712GD-R850,V1.7.1
44365,2026-02-04,NO NAVEGA. LEDS PARPADEANDO/NO AMARRA,INTERNET FIBRA 60MB,LOS ROJO,nan,2026-02-09,1500374,ACTIVO,VIRREY,XPONDD4C5852,AC,INT20,,,5,-27.410227678571584,58504F4EDD4C5852,MN-WIFI2,V1.7.1
41431,2026-02-04,EQUIPO DA?ADO,INTERNET FIBRA 75MB,CAMBIO DE MODEM SIN COSTO TIT ENTERADO,nan,2026-02-05,1500047,ACTIVO,MADERO,XPON1D42F030,AC,INT30,,,1,-26.313434343434423,58504F4E1D42F030,HG102AT,V1.7.1
38661,2026-02-04,NO NAVEGA. LEDS PARPADEANDO/NO AMARRA,BASICO TV + INTERNET FIBRA 120MB,nan,nan,2026-02-05,1500047,ACTIVO,MADERO,nan,AC,BASINT50,,,1,-20.102338383838365,485754431DD893E4,CNA-ONU-4GE2WXCA,V1.7.1
46075,2026-02-04,NO NAVEGA. LEDS PARPADEANDO/NO AMARRA,BASICO TV + INTERNET FIBRA 250MB ($399),LOS ROJO,nan,2026-02-06,1500374,ACTIVO,VIRREY,XPONDD7EA736,AC,BASINTF250,,,2,-26.928107142857247,58504F4EDD7EA736,MN-CATVDUALM,V1R007C00S001
344440,2026-02-04,CAMBIO DE ACOMETIDA,BASICO TV + INTERNET FIBRA 60MB,CAMBIO DE COMETIDA SIN COSTO TIT ENTERADA,nan,2026-02-04,1500039,ACTIVO,PERIODISMO,XPONDD3F619F,AC,BASINT20,,,0,-30.9971234832263,58504F4EDD3F619F,MN-CATV2,V1.7.1
42904,2026-02-04,NO NAVEGA. LEDS PARPADEANDO/NO AMARRA,BASICO TV + INTERNET FIBRA 60MB,LOS ROJO,FUERA DE LINEA,2026-02-07,1500374,ACTIVO,VIRREY,XPONDD3E5BA9,AC,BASINT20,2023-02-06,1094.0,3,-31.02834226190481,58504F4EDD3E5BA9,MN-CATV2,V1.7.1
30998,2026-02-04,NO NAVEGA. LEDS PARPADEANDO/NO AMARRA,BASICO TV + INTERNET FIBRA 60MB,SIN SEÑAL,nan,2026-02-06,1500039,ACTIVO,PEDREGAL,XPONDD2BDDCE,AC,BASINT20,,,2,-32.15023197175995,58504F4EDD2BDDCE,BT-213XR,V1.2.16SP
335780,2026-02-04,EQUIPO DA?ADO,INTERNET FIBRA 120MB,TIT ACEPTA CAMBIO DE MODEM SIN COSTO TEC DAVID E,nan,2026-02-04,1500039,ACTIVO,PERIODISMO,HWTCAFAA1DA5,AC,INT50,2023-07-08,942.0,0,-24.01529264810852,48575443AFAA1DA5,CNA-ONU-4GE2WX,V1.7.1
44117,2026-02-04,NO NAVEGA. LEDS FIJOS/RUIDO,BASICO TV + INTERNET FIBRA 120MB,nan,nan,2026-02-05,1500039,ACTIVO,PERIODISMO,XPONDD4C7A5A,AC,BASINT50,2024-11-03,458.0,1,-23.92092433975731,58504F4EDD4C7A5A,MN-CATV2,V1.7.1
43212,2026-02-04,NO NAVEGA. LEDS PARPADEANDO/NO AMARRA,INTERNET FIBRA 60MB,SIN SEÑAL,nan,2026-02-05,1500047,ACTIVO,PUNHUATO,XPONDD439C4B,AC,INT20,2023-11-08,819.0,1,-25.4255981595091,58504F4EDD439C4B,MN-WIFI2,V1.7.1
44902,2026-02-05,NO NAVEGA. LEDS PARPADEANDO/NO AMARRA,INTERNET FIBRA 60MB,LOS ROJO. ACOMETIDA DAÑADA,"ER, FUERA DE LINEA",2026-02-07,1501177,ACTIVO,NINO ARTILLERO,XPONDD91A5DE,AC,INT20,,,2,-25.67096192637417,58504F4EDD91A5DE,MN-CATVDUALM,V1R007C00S001
38149,2026-02-05,NO NAVEGA. LEDS PARPADEANDO/NO AMARRA,INTERNET FIBRA 60MB,nan,nan,2026-02-06,1500374,ACTIVO,VIRREY,XPONDD531B74,AC,INT20,,,1,-26.519879464285466,58504F4EDD531B74,MN-WIFI2,V1.7.1
32839,2026-02-05,NO NAVEGA. LEDS PARPADEANDO/NO AMARRA,INTERNET FIBRA 60MB,LOS ROJO,nan,2026-02-06,1500374,ACTIVO,VIRREY,XPONDD52F464,AC,INT20,2020-09-10,1974.0,1,-23.045543154761912,58504F4EDD52F464,MN-WIFI2,V1.7.1
46481,2026-02-05,NO NAVEGA. LEDS PARPADEANDO/NO AMARRA,INTERNET FIBRA 60MB,LOS ROJO,nan,2026-02-06,1500047,ACTIVO,PRADOS VERDES,XPONDD5CB7C6,AC,INT20,2026-04-02,-56.0,1,-27.907706866197145,58504F4EDD5CB7C6,MN-WIFI2,V1.7.1
30686,2026-02-05,CAMBIO DE ACOMETIDA,INTERNET FIBRA 45MB (NO VIGENTE),CAMBIO DE COMETIDA SIN COSTOTIT ENETERADO,nan,2026-02-05,1500047,ACTIVO,MADERO,XPONDD37CE8C,AC,INT10,,,0,-27.02178661616158,58504F4EDD37CE8C,MN-CATV2,V1.7.1
43820,2026-02-05,NO NAVEGA. LEDS PARPADEANDO/NO AMARRA,BASICO TV + INTERNET FIBRA 60MB,LOS ROJO,JE FUERA DE LINEA REQUIERE VISITA,2026-02-09,1500039,ACTIVO,PERIODISMO,OPTI38C00925,AC,BASINT20,,,4,-28.245021413276106,4F50544938C00925,IGD,0
37051,2026-02-05,NO NAVEGA. LEDS PARPADEANDO/NO AMARRA,BASICO TV + INTERNET FIBRA 60MB,LOS ROJO,nan,2026-02-07,1501465,ACTIVO,PEDREGAL,XPONDD290350,AC,BASINT20,2020-04-09,2128.0,2,-27.11350131752297,58504F4EDD290350,BT-213XR,V1.2.11
44938,2026-02-05,NO NAVEGA. LEDS PARPADEANDO/NO AMARRA,INTERNET FIBRA 60MB,LOS ROJO,"ER, SE MANDA CONFIRMAR",2026-02-06,1501177,CORTADO,NINO ARTILLERO,XPONDD5CB30E,CO,INT20,2025-06-01,249.0,1,-30.480436207765983,58504F4EDD5CB30E,MN-WIFI2,V1.7.1
44856,2026-02-05,NO NAVEGA. LEDS PARPADEANDO/NO AMARRA,INTERNET FIBRA 75MB,LOS ROJO SOLO PUEDE ANTEDER DE 3 EN ADELANTE,nan,2026-02-06,1500039,ACTIVO,PEDREGAL,XPONDD4C5C5A,AC,INT30,,,1,-24.71615355521944,58504F4EDD4C5C5A,MN-WIFI2,V1.7.1
39672,2026-02-05,NO NAVEGA. LEDS PARPADEANDO/NO AMARRA,INTERNET FIBRA 60MB,LOS ROJO,nan,2026-02-09,1500374,ACTIVO,MIL CUMBRES,XPONDD4CDE6A,AC,INT20,2024-12-06,426.0,4,-29.96157580477701,58504F4EDD4CDE6A,MN-WIFI2,V1.7.1
45499,2026-02-05,NO NAVEGA. LEDS PARPADEANDO/NO AMARRA,INTERNET FIBRA 75MB,LOS ROJO,nan,2026-02-09,1500039,ACTIVO,PEDREGAL,XPONDD439A0B,AC,INT30,,,4,-22.364900403429115,58504F4EDD439A0B,MN-WIFI2,V1.7.1
344825,2026-02-05,NO NAVEGA. LEDS PARPADEANDO/NO AMARRA,INTERNET FIBRA 60MB,LOS ROJO,nan,2026-02-06,1500047,ACTIVO,PRADOS VERDES,4857544317416B9F,AC,INT20,2014-04-07,4322.0,1,-19.69583716181727,4857544317416B9F,HG8546M,V3R017C10S125
43696,2026-02-05,EQUIPO DA?ADO,BASICO TELECABLE FIBRA,CAMBIO SIN COSTO TIT ENTERADO,nan,2026-02-05,1500036,ACTIVO,MADERO,XPONDD5C212D,nan,nan,,,0,-31.22444444444447,58504F4EDD5CB30E,None,None
43696,2026-02-05,EQUIPO DA?ADO,BASICO TELECABLE FIBRA,CAMBIO SIN COSTO TIT ENTERADO,nan,2026-02-05,1500036,ACTIVO,MADERO,XPONDD5C212D,nan,nan,,,0,-31.22444444444447,58504F4EDD4C5C5A,MN-WIFI2,V1.7.1
28347,2026-02-05,NO NAVEGA. LEDS PARPADEANDO/NO AMARRA,BASICO TV + INTERNET FIBRA 60MB,LOS ROJO,EN LINEA,2026-02-08,1500039,ACTIVO,PEDREGAL,XPONDD291630,AC,BASINT20,,,3,-26.459866364094566,58504F4EDD291630,BT-213XR,V1.2.11
46492,2026-02-06,NO NAVEGA. LEDS PARPADEANDO/NO AMARRA,INTERNET FIBRA 75MB,LOS ROJO,nan,2026-02-06,1500039,ACTIVO,PEDREGAL,HWTCAFAA09D1,AC,INT30,2026-06-02,-116.0,0,-21.871112121212107,48575443AFAA09D1,CNA-ONU-4GE2WX,V1.7.1
43564,2026-02-06,NO NAVEGA. LEDS PARPADEANDO/NO AMARRA,INTERNET FIBRA 75MB,LOS ROJO,nan,2026-02-08,1500374,ACTIVO,VIRREY,48575443938D9C8B,AC,INT30,2023-06-10,972.0,2,-25.02143217347462,48575443938D9C8B,546M,V3R016C10S130
28459,2026-02-06,NO NAVEGA. LEDS PARPADEANDO/NO AMARRA,BASICO TV + INTERNET FIBRA 75MB,REQUIERE VISITA,nan,2026-02-06,1500047,ACTIVO,PRADOS VERDES,OEMT3C1D26E4,AC,BASINT30,2016-07-10,3498.0,0,-25.549971924451096,4F454D543C1D26E4,DTXU-1GE+1FE+RFW,V6.2.25.RP
43608,2026-02-06,NO NAVEGA. LEDS PARPADEANDO/NO AMARRA,BASICO TV + INTERNET FIBRA 60MB,SIN SEÑAL AMBOS SERVICIOS,nan,2026-02-08,1500039,BAJA,PEDREGAL,nan,BA,BASINT20,2023-01-11,1122.0,2,,58504F4EDD5C212D,None,None
12136,2026-02-06,NO NAVEGA. LEDS PARPADEANDO/NO AMARRA,INTERNET FIBRA 75MB,LOS ROJO,EN LINEA,2026-02-08,1500039,ACTIVO,PEDREGAL,XPONDD41E8A3,AC,INT30,2024-05-12,635.0,2,-23.159430156328895,58504F4EDD41E8A3,MN-WIFI2,V1.7.1
45038,2026-02-06,NO NAVEGA. LEDS PARPADEANDO/NO AMARRA,BASICO TV + INTERNET FIBRA 250MB ($399),FOCO ROJO,EN LINEA,2026-02-08,1500039,ACTIVO,PEDREGAL,XPON1D42DA7C,AC,BASINTF250,2025-11-02,96.0,2,-24.22488653555206,58504F4E1D42DA7C,HG102AT,V1.7.1
29755,2026-02-06,NO NAVEGA. LEDS PARPADEANDO/NO AMARRA,INTERNET FIBRA 60MB,LOS ROJO,nan,2026-02-08,1500039,ACTIVO,PEDREGAL,HWTCAFAA0959,AC,INT20,,,2,-33.65213439233484,48575443AFAA0959,CNA-ONU-4GE2WX,V1.7.1
46033,2026-02-06,NO NAVEGA. LEDS PARPADEANDO/NO AMARRA,BASICO TV + INTERNET FIBRA 250MB ($399),ESTA FUERA DE LINEA REQ VISITA,nan,2026-02-06,1500047,ACTIVO,MADERO,HWTCAFAB2D2B,AC,BASINTF250,2025-10-12,117.0,0,-23.874186868686746,48575443AFAB2D2B,CNA-ONU-4GE2WXCA,V1.7.1
3429,2026-02-06,NO NAVEGA. LEDS PARPADEANDO/NO AMARRA,INTERNET FIBRA 60MB,nan,nan,2026-02-09,1500039,ACTIVO,PEDREGAL,XPONDD3C2958,AC,INT20,2023-06-12,970.0,3,-21.491670448814915,58504F4EDD3C2958,MN-CATV2,V1.7.1
345322,2026-02-07,NO NAVEGA. LEDS PARPADEANDO/NO AMARRA,INTERNET FIBRA 60MB,LOS ROJO,"ER, FUERA DE LINEA",2026-02-09,1500047,ACTIVO,MADERO,nan,AC,INT20,2025-08-01,190.0,2,-27.248573232323277,58504F4EDD5CA3DE,MN-WIFI2,V1.7.1
45550,2026-02-07,NO NAVEGA. LEDS PARPADEANDO/NO AMARRA,BASICO TV + INTERNET FIBRA 250MB ($399),LOS ROJO,JE FUERA DE LINEA REQUIERE VISITA,2026-02-09,1500047,ACTIVO,MADERO,HWTCAF3AD462,AC,BASINTF250,,,2,-22.55789267676768,48575443AF3AD462,CNA-ONU-4GE2WXCA,V1.7.1
44902,2026-02-07,CAMBIO DE ACOMETIDA,INTERNET FIBRA 60MB,CAMBIO DE COMETIDA SIN COSTO TIT ENTERADO,nan,2026-02-07,1501177,ACTIVO,NINO ARTILLERO,XPONDD91A5DE,AC,INT20,,,0,-25.67096192637417,58504F4EDD91A5DE,MN-CATVDUALM,V1R007C00S001
621,2026-02-07,NO NAVEGA. LEDS PARPADEANDO/NO AMARRA,BASICO TV + INTERNET FIBRA 250MB ($399),nan,nan,2026-02-10,1500374,ACTIVO,VIRREY,XPONDD7EAE5E,AC,BASINTF250,,,3,-25.83855208333353,58504F4EDD7EAE5E,MN-CATVDUALM,V1R007C00S001
621,2026-02-07,NO NAVEGA. LEDS PARPADEANDO/NO AMARRA,BASICO TV + INTERNET FIBRA 250MB ($399),nan,nan,2026-02-10,1500374,ACTIVO,VIRREY,XPONDD7EAE5E,AC,BASINTF250,,,3,-25.83855208333353,58504F4EDD7EAE5E,MN-CATVDUALM,V1R007C00S001
8798,2026-02-07,NO NAVEGA. LEDS PARPADEANDO/NO AMARRA,INTERNET FIBRA 75MB,EL CARGADOR NO SIRVE,nan,2026-02-09,1500047,ACTIVO,MADERO,XPONDD530184,AC,INT30,2014-01-07,4414.0,2,-26.01004292929305,58504F4EDD530184,MN-WIFI2,V1.7.1
21428,2026-02-07,NO NAVEGA. LEDS PARPADEANDO/NO AMARRA,BASICO TV + INTERNET FIBRA 45MB (NO VIGENTE),FOCO ROJO,"ER, FUERA DE LINEA",2026-02-09,1500039,ACTIVO,PEDREGAL,XPONDD251E37,AC,BASINT10,,,2,-26.187246596066533,42545054DD251E37,BT-213XR,V1.2.6
37051,2026-02-07,CAMBIO DE ACOMETIDA,BASICO TV + INTERNET FIBRA 60MB,TEC SOLICITA OS TIT ENTERADO QUE NO TIENE COSTO,nan,2026-02-07,1501465,ACTIVO,PEDREGAL,XPONDD290350,AC,BASINT20,2020-04-09,2130.0,0,-27.11350131752297,58504F4EDD290350,BT-213XR,V1.2.11
46334,2026-02-07,NO NAVEGA. LEDS PARPADEANDO/NO AMARRA,INTERNET FIBRA 120MB,FUERA DE LINEA REQUIERE VISITA TECNICA,"ER, SE MANDA CONFIRMAR, CONFIRMA",2026-02-08,5555555,ACTIVO,MADERO,XPONDD41EE13,AC,INT50,2026-08-01,-175.0,1,-25.504251262626248,58504F4EDD41EE13,MN-WIFI2,V1.7.1
43207,2026-02-07,NO NAVEGA. LEDS PARPADEANDO/NO AMARRA,INTERNET FIBRA 60MB,FUERA DE LINEA REQUIERE VISITA,"ER, SE MANDA CONFIRMAR",2026-02-09,1500047,ACTIVO,MADERO,XPONDD41EF13,AC,INT20,,,2,-25.03710101010105,58504F4EDD41EF13,MN-WIFI2,V1.7.1
37308,2026-02-07,NO NAVEGA. LEDS FIJOS/RUIDO,INTERNET FIBRA 45MB (NO VIGENTE),LEDS VERDES INTERMITENTES,"ER, SE MANDA CONFIRMAR",2026-02-09,1500047,ACTIVO,PRADOS VERDES,XPONDD5FF444,AC,INT10,,,2,-21.914347881572308,58504F4EDD5FF444,MN-WIFI2,V1R007C00S001
6630,2026-02-07,NO NAVEGA. LEDS PARPADEANDO/NO AMARRA,BASICO TV + INTERNET FIBRA 250MB ($399),LOS ROJO,"ER, SE MANDA CONFIRMAR,  CONFIRMA",2026-02-08,5555555,ACTIVO,MADERO,XPONDD7EA106,AC,BASINTF250,,,1,-23.58369191919198,58504F4EDD7EA106,MN-CATVDUALM,V1R007C00S001
46046,2026-02-07,NO NAVEGA. LEDS PARPADEANDO/NO AMARRA,BASICO TV + INTERNET FIBRA 250MB ($399),LOS ROJO. CONFIRMA SEÑAL CLIENTE JUAN DANIEL- UBER,"ER, FUERA DE LINEA",2026-02-08,5555555,ACTIVO,EL REALITO,XPONDD7EAD56,AC,BASINTF250,,,1,-25.649167942828043,58504F4EDD7EAD56,MN-CATVDUALM,V1R007C00S001
37628,2026-02-08,NO NAVEGA. LEDS PARPADEANDO/NO AMARRA,INTERNET EXTREME (NO VIGENTE),LOS ROJO,NODOD APAGADO,2026-02-08,1500374,ACTIVO,PERIODISMO,14ABF0048AC2,AC,IESEP,,,0,,58504F4EDD290350,None,None
9312,2026-02-08,NO NAVEGA. LEDS PARPADEANDO/NO AMARRA,BASICO TV + INTERNET FIBRA 60MB,LOS ROJO,"ER, FUERA DE LINEA",2026-02-09,1500047,ACTIVO,PRADOS VERDES,XPONDD32FB4E,AC,BASINT20,2014-11-08,4110.0,1,-20.341516079632473,58504F4EDD32FB4E,MN-CATV2,V1.7.1
38930,2026-02-08,NO NAVEGA. LEDS PARPADEANDO/NO AMARRA,BASICO TV + INTERNET FIBRA 60MB,CLIENTE ROMPIO EL CARGADOR,"ER, FUERA DE LINEA",2026-02-09,1500047,ACTIVO,MADERO,XPONDD3959E4,AC,BASINT20,,,1,-23.66864015151525,58504F4EDD3959E4,MN-CATV2,V1.7.1
41590,2026-02-08,NO NAVEGA. LEDS PARPADEANDO/NO AMARRA,BASICO TV + INTERNET FIBRA 250MB ($399),LOS ROJO,"ER, SE MANDA CONFIRMAR",2026-02-09,1500047,ACTIVO,PUNHUATO,HWTC5002682E,AC,BASINTF250,2025-04-04,310.0,1,-25.73952837423309,485754435002682E,CNA-ONU-2GE2WXCA,V1.7.1
41590,2026-02-08,NO NAVEGA. LEDS PARPADEANDO/NO AMARRA,BASICO TV + INTERNET FIBRA 250MB ($399),LOS ROJO,"ER, SE MANDA CONFIRMAR",2026-02-09,1500047,ACTIVO,PUNHUATO,HWTC5002682E,AC,BASINTF250,2025-04-04,310.0,1,-25.73952837423309,485754435002682E,CNA-ONU-2GE2WXCA,V1.7.1
9312,2026-02-08,NO NAVEGA. LEDS PARPADEANDO/NO AMARRA,BASICO TV + INTERNET FIBRA 60MB,nan,"ER, FUERA DE LINEA",2026-02-10,1500047,ACTIVO,PRADOS VERDES,XPONDD32FB4E,AC,BASINT20,2014-11-08,4110.0,2,-20.341516079632473,58504F4EDD32FB4E,MN-CATV2,V1.7.1
33621,2026-02-08,NO NAVEGA. LEDS FIJOS/RUIDO,INTERNET FIBRA 45MB (NO VIGENTE),nan,PIDE VISITA POR FALLA,2026-02-09,1500047,ACTIVO,MADERO,XPONDD6004B4,AC,INT10,2018-09-04,2714.0,1,-32.389551380367784,58504F4EDD6004B4,MN-WIFI2,V1R007C00S001
12136,2026-02-08,NO NAVEGA. LEDS PARPADEANDO/NO AMARRA,INTERNET FIBRA 75MB,"LOS ROJO, DESDE OS ANTERIOR",nan,2026-02-09,1500039,ACTIVO,PEDREGAL,XPONDD41E8A3,AC,INT30,2024-05-12,637.0,1,-23.159430156328895,58504F4EDD41E8A3,MN-WIFI2,V1.7.1
27835,2026-02-08,NO NAVEGA. LEDS PARPADEANDO/NO AMARRA,INTERNET FIBRA 60MB,LOS ROJO,nan,2026-02-09,1500039,ACTIVO,PEDREGAL,204E7FC187DD,AC,INT20,2019-03-10,2527.0,1,-20.56349470499244,48575443574CC871,HG8546M,V5R019C00S050
42070,2026-02-08,NO NAVEGA. LEDS FIJOS/RUIDO,INTERNET FIBRA 60MB,nan,nan,2026-02-09,1500039,ACTIVO,PEDREGAL,XPONDD396604,AC,INT20,,,1,-19.418933434190603,58504F4EDD396604,MN-CATV2,V1.7.1
43608,2026-02-08,NO NAVEGA. LEDS FIJOS/RUIDO,BASICO TV + INTERNET FIBRA 60MB,nan,nan,2026-02-09,1500039,BAJA,PEDREGAL,nan,BA,BASINT20,2023-01-11,1124.0,1,,485754435002682E,CNA-ONU-2GE2WXCA,V1.7.1
45104,2026-02-08,NO NAVEGA. LEDS PARPADEANDO/NO AMARRA,BASICO TV + INTERNET 50MB (DOBLE MEGAS) (NO VIGENTE),LOS ROJO,nan,2026-02-09,1500047,ACTIVO,PRADOS VERDES,XPON1D90364C,AC,BASINT50DM,,,1,-25.27647269014807,58504F4E1D90364C,HG102AT,V1.7.1
30455,2026-02-08,NO NAVEGA. LEDS FIJOS/RUIDO,INTERNET FIBRA 75MB,SIN CONEXION,nan,2026-02-12,1500374,ACTIVO,VIRREY,485754436489508B,AC,INT30,2021-04-12,1763.0,4,-27.183885416666797,485754436489508B,546M,V3R016C10S130
343466,2026-02-09,NO NAVEGA. LEDS PARPADEANDO/NO AMARRA,BASICO TV + INTERNET FIBRA 60MB,SIN SEÑAL EN NINGUN SERVICIO,nan,2026-02-10,1500047,ACTIVO,MADERO,OEMT3C1D24AC,AC,BASINT20,2014-01-04,4419.0,1,-22.146736111111103,4F454D543C1D24AC,DTXU-1GE+1FE+RFW,V6.2.30.RP
46046,2026-02-09,NO NAVEGA. LEDS PARPADEANDO/NO AMARRA,BASICO TV + INTERNET FIBRA 250MB ($399),nan,nan,2026-02-10,1501177,ACTIVO,EL REALITO,XPONDD7EAD56,AC,BASINTF250,,,1,-25.649167942828043,58504F4EDD7EAD56,MN-CATVDUALM,V1R007C00S001
43645,2026-02-09,NO NAVEGA. LEDS PARPADEANDO/NO AMARRA,INTERNET FIBRA 75MB,LOS ROJO,"ER, FUERA DE LINEA",2026-02-11,1501177,ACTIVO,EL REALITO,OPTI37AFFFBD,AC,INT30,2023-08-11,913.0,2,-20.312508933129166,4F50544937AFFFBD,IGD,0
43005,2026-02-09,NO NAVEGA. LEDS PARPADEANDO/NO AMARRA,BASICO TV + INTERNET FIBRA 60MB,SIN SEÑAL AMBOS SERVICIOS,nan,2026-02-12,1500047,ACTIVO,MADERO,XPONDD3FC1A7,AC,BASINT20,2023-10-07,856.0,3,-26.070417929292912,58504F4EDD3FC1A7,MN-CATV2,V1.7.1
44902,2026-02-09,NO NAVEGA. LEDS PARPADEANDO/NO AMARRA,INTERNET FIBRA 60MB,LOS ROJO,"ER, FUERA DE LINEA",2026-02-10,1501177,ACTIVO,NINO ARTILLERO,XPONDD91A5DE,AC,INT20,,,1,-25.67096192637417,58504F4EDD91A5DE,MN-CATVDUALM,V1R007C00S001
40135,2026-02-09,EQUIPO DA?ADO,BASICO TV + INTERNET FIBRA 75MB,CAMBIO DE EQUIPO SIN COSTO TIT ENTERADA,nan,2026-02-10,1500047,ACTIVO,MADERO,XPONDD2C07C6,AC,BASINT30,,,1,-22.946822601010034,58504F4EDD2C07C6,BT-213XR,V1.2.16SP
44887,2026-02-09,NO NAVEGA. LEDS PARPADEANDO/NO AMARRA,INTERNET FIBRA 60MB,nan,nan,2026-02-13,1500374,ACTIVO,BELO,XPONDD5CB1A6,AC,INT20,,,4,-24.043441069574293,58504F4EDD5CB1A6,MN-WIFI2,V1.7.1
45480,2026-02-09,NO NAVEGA. LEDS PARPADEANDO/NO AMARRA,INTERNET FIBRA 75MB,LOS ROJO,nan,2026-02-10,1500047,ACTIVO,ATAPANEO,HWTC1DD87A10,AC,INT30,,,1,-29.065140809011826,485754431DD87A10,CNA-ONU-4GE2WX,V1.7.1
37385,2026-02-09,NO NAVEGA. LEDS PARPADEANDO/NO AMARRA,BASICO TV + INTERNET FIBRA 250MB ($399),CABLE TROZADO,nan,2026-02-10,1500374,ACTIVO,VIRREY,485754437423904C,AC,BASINTF250,,,1,-21.158937499999976,43445443AFA3BACE,FD712GD-R850,V1.7.1
37385,2026-02-09,NO NAVEGA. LEDS PARPADEANDO/NO AMARRA,BASICO TV + INTERNET FIBRA 250MB ($399),CABLE TROZADO,nan,2026-02-10,1500374,ACTIVO,VIRREY,485754437423904C,AC,BASINTF250,,,1,-21.158937499999976,43445443AFA3BACE,FD712GD-R850,V1.7.1
40180,2026-02-09,NO NAVEGA. LEDS PARPADEANDO/NO AMARRA,INTERNET FIBRA 75MB,SIN SEÑAL,nan,2026-02-10,1500047,ACTIVO,MADERO,XPONDD4CE262,AC,INT30,2022-09-02,1256.0,1,-21.196944444444444,58504F4EDD4CE262,MN-WIFI2,V1.7.1
45814,2026-02-09,NO NAVEGA. LEDS PARPADEANDO/NO AMARRA,INTERNET FIBRA 75MB,FUERA DE LINEA REQUIERE VISITA,nan,2026-02-10,1500047,ACTIVO,MADERO,XPONDD5CBBBE,AC,INT30,2025-09-10,152.0,1,-28.490699494949645,58504F4EDD5CBBBE,MN-WIFI2,V1.7.1
41590,2026-02-09,NO NAVEGA. LEDS PARPADEANDO/NO AMARRA,BASICO TV + INTERNET FIBRA 250MB ($399),LOS ROJO,nan,2026-02-10,1500047,ACTIVO,PUNHUATO,HWTC5002682E,AC,BASINTF250,2025-04-04,311.0,1,-25.73952837423309,485754435002682E,CNA-ONU-2GE2WXCA,V1.7.1
41590,2026-02-09,NO NAVEGA. LEDS PARPADEANDO/NO AMARRA,BASICO TV + INTERNET FIBRA 250MB ($399),LOS ROJO,nan,2026-02-10,1500047,ACTIVO,PUNHUATO,HWTC5002682E,AC,BASINTF250,2025-04-04,311.0,1,-25.73952837423309,485754435002682E,CNA-ONU-2GE2WXCA,V1.7.1
24608,2026-02-09,EQUIPO DA?ADO,BASICO TV + INTERNET FIBRA 250MB ($399),SIN COSTO TIT ENTERADO PIDE DAVID E,nan,2026-02-09,1500039,ACTIVO,PERIODISMO,HWTCAFAB563B,AC,BASINTF250,2026-08-01,-173.0,0,-25.785942184154298,48575443AFAB563B,CNA-ONU-4GE2WXCA,V1.7.1
33508,2026-02-09,NO NAVEGA. LEDS PARPADEANDO/NO AMARRA,INTERNET FIBRA 60MB,MODEM APAGADO,nan,2026-02-10,1500047,ACTIVO,MADERO,48575443D094B75B,AC,INT20,,,1,-22.791390151515063,48575443D094B75B,HG8546M,V5R019C00S050
28459,2026-02-09,NO NAVEGA. LEDS PARPADEANDO/NO AMARRA,BASICO TV + INTERNET FIBRA 75MB,LOS ROJO,nan,2026-02-10,1500036,ACTIVO,PRADOS VERDES,OEMT3C1D26E4,AC,BASINT30,2016-07-10,3501.0,1,-25.549971924451096,4F454D543C1D26E4,DTXU-1GE+1FE+RFW,V6.2.25.RP
347865,2026-02-09,NO NAVEGA. LEDS PARPADEANDO/NO AMARRA,INTERNET FIBRA 75MB,LOS ROJO,nan,2026-02-10,1500047,ACTIVO,PRADOS VERDES,HWTCAFAA181D,AC,INT30,2026-09-02,-205.0,1,-21.194655677655664,48575443AFAA181D,CNA-ONU-4GE2WX,V1.7.1
46482,2026-02-10,NO NAVEGA. LEDS PARPADEANDO/NO AMARRA,BASICO TV + INTERNET FIBRA 250MB ($399),LOS ROJO,nan,2026-02-11,1500047,ACTIVO,PRADOS VERDES,HWTC1DD89384,AC,BASINTF250,2026-09-02,-204.0,1,-21.597821927888166,485754431DD89384,CNA-ONU-4GE2WXCA,V1.7.1
31573,2026-02-10,NO NAVEGA. LEDS PARPADEANDO/NO AMARRA,INTERNET FIBRA 60MB,LOS ROJO,nan,2026-02-11,1500047,ACTIVO,MADERO,XPONDD52FC2C,AC,INT20,2026-09-02,-204.0,1,-20.51160856935369,58504F4EDD52FC2C,MN-WIFI2,V1.7.1
40180,2026-02-10,EQUIPO DA?ADO,INTERNET FIBRA 75MB,CLIENTE ENTERADO CAMBIO DE EQUIPO SIN COSTO DANIEL,nan,2026-02-10,1500047,ACTIVO,MADERO,XPONDD4CE262,AC,INT30,2022-09-02,1257.0,0,-21.196944444444444,58504F4EDD4CE262,MN-WIFI2,V1.7.1
343955,2026-02-10,NO NAVEGA. LEDS PARPADEANDO/NO AMARRA,INTERNET FIBRA 120MB,nan,nan,2026-02-12,1500374,ACTIVO,VIRREY,XPONDD52DC74,AC,INT50,2014-09-04,4177.0,2,-22.957479166666715,58504F4EDD52DC74,MN-CATV2,V1.7.1
46457,2026-02-10,NO NAVEGA. LEDS PARPADEANDO/NO AMARRA,BASICO TV + INTERNET FIBRA 250MB ($399),LOS ROJO,nan,2026-02-11,1500039,ACTIVO,PERIODISMO,CDTCAFA3E55E,AC,BASINTF250,2026-09-02,-204.0,1,-28.51889728096666,43445443AFA3E55E,FD712GD-R850,V1.7.1
12136,2026-02-10,NO NAVEGA. LEDS FIJOS/RUIDO,INTERNET FIBRA 75MB,FOCO ROJO,nan,2026-02-10,1500039,ACTIVO,PEDREGAL,XPONDD41E8A3,AC,INT30,2024-05-12,639.0,0,-23.159430156328895,58504F4EDD41E8A3,MN-WIFI2,V1.7.1
345052,2026-02-10,NO NAVEGA. LEDS FIJOS/RUIDO,BASICO TV + INTERNET FIBRA 75MB,PIDE VISITA POR FALLAS CONSTANTES,nan,2026-02-11,1500039,ACTIVO,PEDREGAL,XPONDD35416A,AC,BASINT30,,,1,-22.809220877458355,58504F4EDD35416A,MN-CATV2,V1.7.1
7975,2026-02-10,NO NAVEGA. LEDS PARPADEANDO/NO AMARRA,BASICO TV + INTERNET FIBRA 45MB (NO VIGENTE),FUERA DE LINEA,nan,2026-02-13,1500039,ACTIVO,PEDREGAL,XPONDD6F09B3,AC,BASINT10,,,3,-30.687767271810376,58504F4EDD6F09B3,MN-CATV2,V1R007C00S001
43401,2026-02-10,NO NAVEGA. LEDS PARPADEANDO/NO AMARRA,INTERNET FIBRA 120MB,MODEM APAGADO,nan,2026-02-11,1500047,ACTIVO,MADERO,4857544374B2894C,AC,INT50,,,1,-23.068452020201956,4857544374B2894C,HG8546M,V5R019C00S050
28430,2026-02-10,NO NAVEGA. LEDS PARPADEANDO/NO AMARRA,BASICO TV + INTERNET FIBRA 60MB,LOS ROJO AMBOS SERVICIO,nan,2026-02-11,1500039,ACTIVO,PERIODISMO,XPONDD353EC2,AC,BASINT20,2016-09-10,3440.0,1,-24.075226623840088,58504F4EDD353EC2,MN-CATV2,V1.7.1
42026,2026-02-10,NO NAVEGA. LEDS PARPADEANDO/NO AMARRA,BASICO TV + INTERNET FIBRA 60MB,nan,nan,2026-02-11,1500047,ACTIVO,PRADOS VERDES,XPONDD396A94,AC,BASINT20,2022-12-12,1156.0,1,-20.803388208269517,58504F4EDD396A94,MN-CATV2,V1.7.1
42537,2026-02-10,NO NAVEGA. LEDS PARPADEANDO/NO AMARRA,INTERNET FIBRA 75MB,LOS ROJO,nan,2026-02-11,1500047,ACTIVO,PUNHUATO,485754430D968085,AC,INT30,,,1,-27.79006390593056,485754430D968085,HG8546M,V5R019C00S050
42436,2026-02-10,NO NAVEGA. LEDS PARPADEANDO/NO AMARRA,INTERNET FIBRA 120MB,LOS ROJO,nan,2026-02-11,1500047,CORTADO,PUNHUATO,XPONDD41E5DB,CO,INT50,2023-07-03,953.0,1,-35.74849948875252,58504F4EDD41E5DB,MN-WIFI2,V1.7.1
43437,2026-02-10,NO NAVEGA. LEDS PARPADEANDO/NO AMARRA,INTERNET FIBRA 120MB,FUERA DE LINEA REQUIERE VISITA,nan,2026-02-11,1500047,ACTIVO,PUNHUATO,4857544374B4624C,AC,INT50,,,1,-25.944012014315007,4857544374B4624C,HG8546M,V5R019C00S050
41986,2026-02-10,NO NAVEGA. LEDS PARPADEANDO/NO AMARRA,BASICO TV + INTERNET FIBRA 60MB,SIN SEÑAL EN AMBOS SERVICIOS,nan,2026-02-11,1500047,ACTIVO,PRADOS VERDES,XPONDD37CD84,AC,BASINT20,2022-01-12,1490.0,1,-19.119059469116888,58504F4EDD37CD84,MN-CATV2,V1.7.1
345229,2026-02-11,NO NAVEGA. LEDS PARPADEANDO/NO AMARRA,INTERNET FIBRA 75MB,LOS ROJO,nan,2026-02-11,1500039,ACTIVO,PERIODISMO,485754439FD3DCC5,AC,INT30,,,0,-27.099104211277407,485754439FD3DCC5,HG8546M,V3R017C10S125
44818,2026-02-11,NO NAVEGA. LEDS PARPADEANDO/NO AMARRA,INTERNET FIBRA 60MB,FOCO ROJO,nan,2026-02-11,1500039,ACTIVO,PEDREGAL,XPONDD4C53CA,AC,INT20,,,0,-24.78212430660624,58504F4EDD4C53CA,MN-WIFI2,V1.7.1
40481,2026-02-11,NO NAVEGA. LEDS PARPADEANDO/NO AMARRA,INTERNET FIBRA 150MB,LOS ROJO,nan,2026-02-11,1500039,ACTIVO,PEDREGAL,48575443B88F8F9B,AC,INT100,2022-10-03,1227.0,0,-24.194902924861324,48575443B88F8F9B,HS8546V2,V3R017C10S138
39759,2026-02-11,NO NAVEGA. LEDS FIJOS/RUIDO,BASICO TV + INTERNET FIBRA 250MB ($399),nan,nan,2026-02-12,1500047,ACTIVO,PRADOS VERDES,HWTCAF908851,AC,BASINTF250,,,1,,48575443AF908851,MONUV411,V2.4.12
45933,2026-02-11,NO NAVEGA. LEDS PARPADEANDO/NO AMARRA,BASICO TV + INTERNET FIBRA 250MB ($399),EL NIVEL BAJO Y LA VARIACION DEL MISMO HACE QUE LE CAUSE ESA FALLA,nan,2026-02-13,1500039,ACTIVO,PERIODISMO,XPONDD7EA6D6,AC,BASINTF250,2025-04-11,306.0,2,-27.58100999286228,58504F4EDD7EA6D6,HG8546M,V5R019C00S050
44034,2026-02-11,NO NAVEGA. LEDS PARPADEANDO/NO AMARRA,BASICO TV + INTERNET FIBRA 75MB,nan,nan,2026-02-12,1500374,ACTIVO,VIRREY,XPONDD4C770A,AC,BASINT30,,,1,-26.905468750000146,58504F4EDD4C770A,MN-CATV2,V1.7.1
43629,2026-02-11,NO NAVEGA. LEDS PARPADEANDO/NO AMARRA,INTERNET FIBRA 60MB,LOS ROJO,nan,2026-02-13,1500039,ACTIVO,PEDREGAL,OPTI37B0C8BD,AC,INT20,2023-04-11,1037.0,2,-25.990732476046414,4F50544937B0C8BD,MONUV142,0
41170,2026-02-11,NO NAVEGA. LEDS PARPADEANDO/NO AMARRA,BASICO TV + INTERNET FIBRA 75MB,LOS ROJO,nan,2026-02-12,1500047,ACTIVO,MADERO,XPONDD3F5A17,AC,BASINT30,2022-05-07,1376.0,1,-28.71242045454538,58504F4EDD3F5A17,MN-CATV2,V1.7.1
19624,2026-02-11,NO NAVEGA. LEDS FIJOS/RUIDO,BASICO TV + INTERNET FIBRA 250MB ($399),SEÑAL INTERMITENTE SOLCITA PASAN A DOM,nan,2026-02-12,1500047,ACTIVO,MADERO,HWTCAF8FFE8D,AC,BASINTF250,2015-06-11,3898.0,1,-27.867979797979615,48575443AF8FFE8D,MONUV411,V2.4.12
40320,2026-02-11,NO NAVEGA. LEDS PARPADEANDO/NO AMARRA,BASICO TV + INTERNET FIBRA 120MB,nan,nan,2026-02-12,1500047,ACTIVO,PRADOS VERDES,XPONDD3C3C68,AC,BASINT50,,,1,-24.150409647779497,58504F4EDD3C3C68,MN-CATV2,V1.7.1
347053,2026-02-11,NO NAVEGA. LEDS PARPADEANDO/NO AMARRA,INTERNET FIBRA 75MB,PRESENTA DESCONEXIONES LE PUEDES GENERAR OS PARA CHECAR EN DOMICILIO,nan,2026-02-13,1500039,ACTIVO,PERIODISMO,485754439A652B58,AC,INT30,,,2,-27.8581691648822,485754439A652B58,HG8546M,V5R019C00S050
40190,2026-02-11,NO NAVEGA. LEDS FIJOS/RUIDO,BASICO TV + INTERNET FIBRA 120MB,nan,nan,2026-02-13,1500039,ACTIVO,PERIODISMO,XPONDD3306C6,AC,BASINT50,,,2,-26.069905424696586,485754439FD3DCC5,HG8546M,V3R017C10S125
26974,2026-02-11,NO NAVEGA. LEDS PARPADEANDO/NO AMARRA,BASICO TV + INTERNET FIBRA 250MB ($399),LOS ROJO SIN SEÑAL EN AMBOS SERVICIOS,JV SE ATENDIO CON EL TECNICO,2026-02-13,1501451,ACTIVO,PRADOS VERDES,XPON2E1B63F7,AC,BASINTF250,,,2,-23.792621235324102,58504F4E2E1B63F7,MN-WIFI2,V1.7.1
40383,2026-02-11,NO NAVEGA. LEDS PARPADEANDO/NO AMARRA,INTERNET FIBRA 75MB,LOS ROJO,nan,2026-02-12,1500047,ACTIVO,MADERO,485754437364D48B,AC,INT30,2022-04-03,1410.0,1,-26.51810984848486,58504F4EDD5EB9E8,MN-WIFI2,V1.7.1
41933,2026-02-11,NO NAVEGA. LEDS PARPADEANDO/NO AMARRA,INTERNET FIBRA 150MB,nan,nan,2026-02-12,1500374,ACTIVO,VIRREY,485754434CB562C5,AC,INT100,,,1,-18.558333333333298,485754434CB562C5,HS8546V,V3R017C10S138
44818,2026-02-12,NO NAVEGA. LEDS PARPADEANDO/NO AMARRA,INTERNET FIBRA 60MB,SIN SEÑAL NO PASARON A DOM,nan,2026-02-13,1500039,ACTIVO,PEDREGAL,XPONDD4C53CA,AC,INT20,,,1,-24.78212430660624,58504F4EDD4C53CA,MN-WIFI2,V1.7.1
23389,2026-02-12,EQUIPO DA?ADO,BASICO TELECABLE FIBRA,TEC SOLICITA ES EQUIPO DE TV,nan,2026-02-12,5555555,ACTIVO,VIRREY,XPONDD7E9A36,nan,nan,,,0,-30.45880803571429,58504F4EDD7E9A36,MN-CATVDUALM,V1R007C00S001
42681,2026-02-12,NO NAVEGA. LEDS PARPADEANDO/NO AMARRA,INTERNET FIBRA 60MB,FOCO ROJO,nan,2026-02-13,1500047,ACTIVO,MADERO,XPONDD3E6A75,AC,INT20,,,1,-32.25170959595956,58504F4EDD3E6A75,MONUV142,0
28425,2026-02-12,NO NAVEGA. LEDS PARPADEANDO/NO AMARRA,BASICO TV + INTERNET FIBRA 60MB,LOS ROJO,nan,2026-02-13,1500047,ACTIVO,MADERO,HWTCAF3AAC12,AC,BASINT20,2016-07-10,3504.0,1,-25.104287878787837,48575443AF3AAC12,CNA-ONU-4GE2WXCA,V1.7.1
28425,2026-02-12,NO NAVEGA. LEDS PARPADEANDO/NO AMARRA,BASICO TV + INTERNET FIBRA 60MB,LOS ROJO,nan,2026-02-13,1500047,ACTIVO,MADERO,HWTCAF3AAC12,AC,BASINT20,2016-07-10,3504.0,1,-25.104287878787837,48575443AF3AAC12,CNA-ONU-4GE2WXCA,V1.7.1
45480,2026-02-12,NO NAVEGA. LEDS PARPADEANDO/NO AMARRA,INTERNET FIBRA 75MB,LOS ROJO,nan,2026-02-14,1500036,ACTIVO,ATAPANEO,HWTC1DD87A10,AC,INT30,,,2,-29.065140809011826,485754431DD87A10,CNA-ONU-4GE2WX,V1.7.1
43629,2026-02-12,CAMBIO DE ACOMETIDA,INTERNET FIBRA 60MB,TEC SOLICITA OS TIT ENTERADO QUE NO TIENE COSTO,nan,2026-02-13,1500039,ACTIVO,PEDREGAL,OPTI37B0C8BD,AC,INT20,2023-04-11,1038.0,1,-25.990732476046414,4F50544937B0C8BD,MONUV142,0
16186,2026-02-12,NO NAVEGA. LEDS PARPADEANDO/NO AMARRA,BASICO TV + INTERNET FIBRA 75MB,LOS ROJO,nan,2026-02-13,1500047,ACTIVO,PRADOS VERDES,XPONDD291DE0,AC,BASINT30,,,1,-23.16512506380812,58504F4EDD291DE0,BT-213XR,V1.2.11
38380,2026-02-12,NO NAVEGA. LEDS PARPADEANDO/NO AMARRA,INTERNET FIBRA 75MB,REQUIERE VISITA EL NIVEL ESTA MUY BAJO Y NECESITAN MEJORARLO,nan,2026-02-14,1500285,ACTIVO,VISTA BELLA,48575443A79B0D9A,AC,INT30,,,2,-26.410242057488656,48575443A79B0D9A,HG8546M,V3R017C10S125
6330,2026-02-12,NO NAVEGA. LEDS PARPADEANDO/NO AMARRA,BASICO TV + INTERNET FIBRA 75MB,LOS ROJO,nan,2026-02-13,1500039,ACTIVO,PERIODISMO,BTPTDD271592,AC,BASINT30,,,1,-26.772028907922984,42545054DD271592,BT-213XR,V1.2.6
46423,2026-02-12,NO NAVEGA. LEDS PARPADEANDO/NO AMARRA,BASICO TV + INTERNET FIBRA 250MB ($399),LOS ROJO,nan,2026-02-13,1500039,ACTIVO,PEDREGAL,CDTCAFA3E4FE,AC,BASINTF250,2026-06-02,-110.0,1,-21.170233585858565,43445443AFA3E4FE,FD712GD-R850,V1.7.1
42904,2026-02-12,NO NAVEGA. LEDS PARPADEANDO/NO AMARRA,BASICO TV + INTERNET FIBRA 60MB,LOS ROJO AMBOS SERVICIOS,JV OFFLINE REQ VISITA,2026-02-14,1500285,ACTIVO,VIRREY,XPONDD3E5BA9,AC,BASINT20,2023-02-06,1102.0,2,-31.02834226190481,58504F4EDD3E5BA9,MN-CATV2,V1.7.1
346146,2026-02-12,NO NAVEGA. LEDS PARPADEANDO/NO AMARRA,INTERNET FIBRA 60MB,LOS ROJO,nan,2026-02-13,1500374,ACTIVO,VIRREY,XPONDD2BE5F6,AC,INT20,,,1,-24.74843154761919,58504F4EDD2BE5F6,BT-213XR,V1.2.16SP
46286,2026-02-13,NO NAVEGA. LEDS PARPADEANDO/NO AMARRA,BASICO TV + INTERNET FIBRA 250MB ($399),nan,"ER, VARIAS DESCONEXIONES",2026-02-16,1501177,ACTIVO,EL REALITO,XPONDD919616,AC,BASINTF250,2026-10-01,-230.0,3,-25.099817253700902,58504F4EDD3E6A75,None,None
22093,2026-02-13,NO NAVEGA. LEDS FIJOS/RUIDO,BASICO TV + INTERNET FIBRA 75MB,nan,nan,2026-02-13,1500047,ACTIVO,PRADOS VERDES,XPONDD3E7145,AC,BASINT30,2016-06-01,3544.0,0,-18.75952526799389,58504F4EDD3E7145,MN-WIFI2,V1.7.1
46414,2026-02-13,NO NAVEGA. LEDS PARPADEANDO/NO AMARRA,BASICO TV + INTERNET FIBRA 250MB ($399),LOS ROJO,nan,2026-02-13,1500039,ACTIVO,PERIODISMO,CDTCAFA3E516,AC,BASINTF250,2026-06-02,-109.0,0,-23.425685279187782,43445443AFA3E516,FD712GD-R850,V1.7.1
46208,2026-02-13,NO NAVEGA. LEDS PARPADEANDO/NO AMARRA,BASICO TV + INTERNET FIBRA 250MB ($399),nan,nan,2026-02-13,1500047,ACTIVO,MADERO,HWTCAFAB56D7,AC,BASINTF250,,,0,-26.1155429292929,48575443AFAB56D7,CNA-ONU-4GE2WXCA,V1.7.1
348495,2026-02-13,NO NAVEGA. LEDS FIJOS/RUIDO,BASICO TV + INTERNET FIBRA 60MB,nan,nan,2026-02-13,1500047,ACTIVO,PRADOS VERDES,XPONDD3F5A47,AC,BASINT20,,,0,-19.44018504338948,58504F4EDD3F5A47,MN-CATV2,V1.7.1
10019,2026-02-13,NO NAVEGA. LEDS FIJOS/RUIDO,BASICO TV + INTERNET FIBRA 120MB,NO SABE CONECTARSE PIDE APOYO TECNICO ES UN ADULTO MAYOR,nan,2026-02-14,1500046,ACTIVO,PERIODISMO,XPONDD3D98A1,AC,BASINT50,2014-12-09,4084.0,1,-26.804164882227106,58504F4EDD3D98A1,MN-CATV2,V1.7.1
334937,2026-02-13,NO NAVEGA. LEDS PARPADEANDO/NO AMARRA,BASICO TV + INTERNET FIBRA 75MB,LOS ROJO,nan,2026-02-14,1500047,ACTIVO,PRADOS VERDES,XPONDD2BDADE,AC,BASINT30,2014-11-03,4120.0,1,-24.931929555895874,58504F4EDD2BDADE,BT-213XR,V1.2.16SP
42681,2026-02-13,CAMBIO DE ACOMETIDA,INTERNET FIBRA 60MB,TEC SOLICITA OS TIT ENTERADO QUE NO TIENE COSTO,nan,2026-02-13,1500047,ACTIVO,MADERO,XPONDD3E6A75,AC,INT20,,,0,-32.25170959595956,58504F4EDD3E6A75,BT-213XR,V1.2.6
38462,2026-02-13,NO NAVEGA. LEDS PARPADEANDO/NO AMARRA,INTERNET FIBRA 75MB,LOS ROJO,JV SE ATENDIO CON EL TECNICO,2026-02-14,1501451,ACTIVO,BELO,XPONDD43A11B,AC,INT30,,,1,-23.17443795430943,58504F4EDD43A11B,MN-WIFI2,V1.7.1
45771,2026-02-13,NO NAVEGA. LEDS FIJOS/RUIDO,BASICO TV + INTERNET FIBRA 250MB ($399),nan,JE FUERA DE LINEA REQUIERE VISITA,2026-02-16,1500039,ACTIVO,PEDREGAL,HWTCAF3AA6BA,AC,BASINTF250,2025-07-10,218.0,3,-35.75215204236018,48575443AF3AA6BA,CNA-ONU-4GE2WXCA,V1.7.1
6630,2026-02-13,CAMBIO DE ACOMETIDA,BASICO TV + INTERNET FIBRA 250MB ($399),SIN COSTO TIT ENTERADO PIDE DAVID E,nan,2026-02-14,1500047,ACTIVO,MADERO,XPONDD7EA106,AC,BASINTF250,,,1,-23.58369191919198,58504F4EDD7EA106,MN-CATVDUALM,V1R007C00S001
6330,2026-02-13,NO NAVEGA. LEDS PARPADEANDO/NO AMARRA,BASICO TV + INTERNET FIBRA 75MB,CAMBIO DE ACOMENTIDA SIN COSTO TIT ENTERADO,nan,2026-02-13,1500039,ACTIVO,PERIODISMO,BTPTDD271592,AC,BASINT30,,,0,-26.772028907922984,42545054DD271592,BT-213XR,V1.2.6
6330,2026-02-13,CAMBIO DE ACOMETIDA,BASICO TV + INTERNET FIBRA 75MB,SIN COSTO TIT ENERADO PIDE DAVID E,nan,2026-02-13,1500039,ACTIVO,PERIODISMO,BTPTDD271592,AC,BASINT30,,,0,-26.772028907922984,42545054DD271592,BT-213XR,V1.2.6
16881,2026-02-13,NO NAVEGA. LEDS PARPADEANDO/NO AMARRA,BASICO TV + INTERNET FIBRA 75MB,SE ENCUENTRA TRABADO REQUIERE VISITA,nan,2026-02-14,1500046,ACTIVO,PERIODISMO,OEMT3C1D271C,AC,BASINT30,,,1,-25.383938258386877,4F454D543C1D271C,DTXU-1GE+1FE+RFW,V6.2.25.RP
46537,2026-02-13,NO NAVEGA. LEDS PARPADEANDO/NO AMARRA,INTERNET FIBRA 75MB,LOS ROJO,nan,2026-02-14,1500046,ACTIVO,PERIODISMO,HWTCAFAA0AB5,AC,INT30,,,1,-25.426222651222652,48575443AFAA0AB5,CNA-ONU-4GE2WX,V1.7.1
37683,2026-02-14,NO NAVEGA. LEDS FIJOS/RUIDO,INTERNET FIBRA 60MB,NO TIENE ALCANCE LA SEÑAL,JE REQUIERE VISITA PARA HACER PRUEBAS DE ALCANCE,2026-02-15,1500285,ACTIVO,PRADOS VERDES,XPONDD5FEA24,AC,INT20,2021-12-01,1536.0,1,-20.110595967330372,58504F4EDD5FEA24,MN-WIFI2,V1R007C00S001
46389,2026-02-14,NO NAVEGA. LEDS FIJOS/RUIDO,INTERNET FIBRA 60MB,REQUIERE VISITA,"GT, SE ENVIA A CC",2026-02-15,1500039,ACTIVO,PEDREGAL,HWTCAFA9F549,AC,INT20,,,1,-25.932454614220905,48575443AFA9F549,CNA-ONU-4GE2WX,V1.7.1
39617,2026-02-14,NO NAVEGA. LEDS PARPADEANDO/NO AMARRA,BASICO TV + INTERNET FIBRA 250MB ($399),LOS ROJO,JE FUERA DE LINEA REQUIERE VISITA,2026-02-15,1500285,ACTIVO,MADERO,HWTC50026366,AC,BASINTF250,2021-03-11,1801.0,1,-25.46155691679429,4857544350026366,CNA-ONU-2GE2WXCA,V1.7.1
35305,2026-02-14,NO NAVEGA. LEDS PARPADEANDO/NO AMARRA,BASICO TV + INTERNET FIBRA 250MB ($399),LOS ROJO SIN SEÑAL EN AMBOS SERVICIOS,JV OFFLINE REQ VISITA,2026-02-16,1500374,ACTIVO,BELO,XPONDD7EA026,AC,BASINTF250,2021-08-07,1652.0,2,-26.588176272066512,58504F4EDD7EA026,MN-CATVDUALM,V1R007C00S001
42904,2026-02-14,CAMBIO DE ACOMETIDA,BASICO TV + INTERNET FIBRA 60MB,TEC SOLICITA,nan,2026-02-14,1500285,ACTIVO,VIRREY,XPONDD3E5BA9,AC,BASINT20,2023-02-06,1104.0,0,-31.02834226190481,58504F4EDD3E5BA9,MN-CATV2,V1.7.1
28345,2026-02-14,NO NAVEGA. LEDS PARPADEANDO/NO AMARRA,BASICO TV + INTERNET FIBRA 60MB,nan,"GT, SE ENVIA A CC",2026-02-15,1500285,ACTIVO,VIRREY,XPONDD52EADC,AC,BASINT20,2016-06-10,3536.0,1,-23.694964285714278,58504F4EDD52EADC,MN-CATV2,V1.7.1
26099,2026-02-14,NO NAVEGA. LEDS PARPADEANDO/NO AMARRA,INTERNET FIBRA 45MB (NO VIGENTE),SOLO PWR ENCENDIDO,JE NIVEL BAJO REQUIERE VISITA,2026-02-15,1500285,ACTIVO,MADERO,XPONDD45C02A,AC,INT10,,,1,-31.774415404040447,58504F4EDD45C02A,MN-WIFI2,V1.7.1
39008,2026-02-14,NO NAVEGA. LEDS PARPADEANDO/NO AMARRA,BASICO TV + INTERNET FIBRA 75MB,LOS ROJO AMBOS SERVICIO,"ER, VARIAS DESCONEXIONES",2026-02-18,1500039,ACTIVO,PERIODISMO,BTPTDD271162,AC,BASINT30,,,4,-27.1104800142756,42545054DD271162,BT-213XR,V1.2.6
44709,2026-02-14,NO NAVEGA. LEDS PARPADEANDO/NO AMARRA,INTERNET FIBRA 60MB,LOS ROJO,"GT, OFFLINE",2026-02-16,1500039,ACTIVO,PEDREGAL,XPONDD45BB12,AC,INT20,2024-08-10,553.0,2,-23.327646243066038,58504F4EDD45BB12,MN-WIFI2,V1.7.1
45647,2026-02-14,NO NAVEGA. LEDS PARPADEANDO/NO AMARRA,BASICO TV + INTERNET FIBRA 250MB ($399),LOS ROJO,GT.CAIDAS DE NIVEL,2026-02-15,1500039,ACTIVO,PEDREGAL,HWTCAF3AF2DA,AC,BASINTF250,2025-12-09,67.0,1,-23.518077407967752,48575443AF3AF2DA,CNA-ONU-4GE2WXCA,V1.7.1
27051,2026-02-14,NO NAVEGA. LEDS PARPADEANDO/NO AMARRA,BASICO TV + INTERNET FIBRA 75MB,LOS ROJO,"ER, FUERA DE LINEA",2026-02-15,1500039,ACTIVO,PEDREGAL,XPONDD2C0666,AC,BASINT30,,,1,-27.822957639939368,58504F4EDD2C0666,BT-213XR,V1.2.16SP
28502,2026-02-14,NO NAVEGA. LEDS PARPADEANDO/NO AMARRA,BASICO TV + INTERNET FIBRA 250MB ($399),LOS ROJO,nan,2026-02-15,1500039,ACTIVO,PEDREGAL,XPONDD45BF0A,AC,BASINTF250,,,1,-24.608937216339008,58504F4EDD9194CE,MN-CATVDUALM,V1R007C00S001
28502,2026-02-14,NO NAVEGA. LEDS PARPADEANDO/NO AMARRA,BASICO TV + INTERNET FIBRA 250MB ($399),LOS ROJO,nan,2026-02-15,1500039,ACTIVO,PEDREGAL,XPONDD45BF0A,AC,BASINTF250,,,1,-24.608937216339008,58504F4EDD9194CE,MN-CATVDUALM,V1R007C00S001
45158,2026-02-14,NO NAVEGA. LEDS PARPADEANDO/NO AMARRA,BASICO TV + INTERNET FIBRA 250MB ($399),LOS ROJO,"GT, SE ENVIA A CC",2026-02-15,1500039,ACTIVO,PEDREGAL,HWTC1DD89360,AC,BASINTF250,,,1,-21.8246633888048,485754431DD89360,CNA-ONU-4GE2WXCA,V1.7.1
344777,2026-02-14,NO NAVEGA. LEDS PARPADEANDO/NO AMARRA,INTERNET FIBRA 60MB,LOS ROJO,"GT,OFFLINE, REQUIERE VISITA",2026-02-16,1500046,ACTIVO,PEDREGAL,HWTCAFAA0ACD,AC,INT20,,,2,-29.261774861878486,48575443AFAA0ACD,CNA-ONU-4GE2WX,V1.7.1
5572,2026-02-15,NO NAVEGA. LEDS PARPADEANDO/NO AMARRA,BASICO TV + INTERNET FIBRA 60MB,FOCO ROJO,"GT, CAIDAS DE NIVEL",2026-02-15,1500046,ACTIVO,PEDREGAL,XPONDD590CC0,AC,BASINT20,,,0,-22.37295133635906,58504F4EDD590CC0,MN-CATV2,V1.7.1
39894,2026-02-15,NO NAVEGA. LEDS PARPADEANDO/NO AMARRA,INTERNET FIBRA 75MB,FOCO ROJO || CC CONFIRMA SEÑAL ||,"GT, SE ENVIA A CC",2026-02-15,5555555,ACTIVO,PEDREGAL,HWTCAFAA1CFD,AC,INT30,,,0,-22.05469238527468,48575443AFAA1CFD,CNA-ONU-4GE2WX,V1.7.1
9543,2026-02-15,NO NAVEGA. LEDS PARPADEANDO/NO AMARRA,INTERNET FIBRA 60MB,FOCO ROJO,nan,2026-02-18,1500039,ACTIVO,PEDREGAL,XPONDD3E6ACD,AC,INT20,,,3,-27.476720877458163,58504F4EDD3E6ACD,MN-WIFI2,V1.7.1
8102,2026-02-15,NO NAVEGA. LEDS PARPADEANDO/NO AMARRA,INTERNET FIBRA 60MB,FOCO ROJO|| CC CONFIRMA SEÑAL ||,"GT,SE ENVIA A CC",2026-02-15,5555555,ACTIVO,PEDREGAL,XPONDD47C092,AC,INT20,,,0,-23.386539334341983,58504F4EDD47C092,MN-WIFI2,V1.7.1
333773,2026-02-15,NO NAVEGA. LEDS PARPADEANDO/NO AMARRA,INTERNET FIBRA 75MB,FOCO ROJO,"GT.OFFLINE, REQUIERE VISITA",2026-02-16,1500374,BAJA,VIRREY,nan,BA,INT30,2025-04-12,309.0,1,,58504F4EDD45BB12,MN-WIFI2,V1.7.1
8630,2026-02-15,NO NAVEGA. LEDS PARPADEANDO/NO AMARRA,BASICO TV + INTERNET FIBRA 250MB ($399),LOS ROJO,nan,2026-02-16,1500047,ACTIVO,MADERO,HWTC50026432,AC,BASINTF250,,,1,-24.10606313131316,4857544350026432,CNA-ONU-2GE2WXCA,V1.7.1
2341,2026-02-16,NO NAVEGA. LEDS PARPADEANDO/NO AMARRA,BASICO TV + INTERNET FIBRA 45MB (NO VIGENTE),SIN SEÑAL EN NINGUN SERVICIO,nan,2026-02-17,1500374,ACTIVO,VIRREY,HWTC1DD89894,AC,BASINT10,2014-10-02,4155.0,1,-22.298373511904913,485754431DD89894,CNA-ONU-4GE2WXCA,V1.7.1
19624,2026-02-16,NO NAVEGA. LEDS PARPADEANDO/NO AMARRA,BASICO TV + INTERNET FIBRA 250MB ($399),nan,nan,2026-02-16,1500047,ACTIVO,MADERO,HWTCAF8FFE8D,AC,BASINTF250,2015-06-11,3903.0,0,-27.867979797979615,48575443AF8FFE8D,MONUV411,V2.4.12
44812,2026-02-16,NO NAVEGA. LEDS PARPADEANDO/NO AMARRA,BASICO TV + INTERNET FIBRA 60MB,LOS ROJO SIN SEÑAL EN AMBOS SERVICIOS,nan,2026-02-16,1500047,ACTIVO,MADERO,XPONDD58FDF8,AC,BASINT20,,,0,-23.145982323232346,58504F4EDD58FDF8,MN-CATV2,V1.7.1
30723,2026-02-16,NO NAVEGA. LEDS PARPADEANDO/NO AMARRA,BASICO TV + INTERNET FIBRA 75MB,LOS ROJO,nan,2026-02-17,1500374,ACTIVO,VIRREY,XPONDD396864,AC,BASINT30,,,1,-22.4318784669693,58504F4EDD396864,MN-CATV2,V1.7.1
43633,2026-02-16,NO NAVEGA. LEDS PARPADEANDO/NO AMARRA,BASICO TV + INTERNET FIBRA 60MB,nan,nan,2026-02-17,1500047,ACTIVO,PRADOS VERDES,XPONDD46A7E2,AC,BASINT20,2023-01-11,1132.0,1,-22.46118044920892,58504F4EDD46A7E2,MN-CATV2,V1.7.1
45213,2026-02-16,NO NAVEGA. LEDS PARPADEANDO/NO AMARRA,BASICO TV + INTERNET 50MB (DOBLE MEGAS) (NO VIGENTE),nan,nan,2026-02-18,1500039,ACTIVO,PEDREGAL,HWTC1DD89E4C,AC,BASINT50DM,,,2,-19.13154059505798,485754431DD89E4C,CNA-ONU-4GE2WXCA,V1.7.1
45350,2026-02-16,NO NAVEGA. LEDS FIJOS/RUIDO,BASICO TV + INTERNET FIBRA 250MB ($399),nan,nan,2026-02-18,1500039,ACTIVO,PERIODISMO,XPONDD5EBBE0,AC,BASINTF250,2025-10-06,133.0,2,-29.190778015703277,48575443AF9037A5,MONUV411,V2.4.12
45350,2026-02-16,NO NAVEGA. LEDS FIJOS/RUIDO,BASICO TV + INTERNET FIBRA 250MB ($399),nan,nan,2026-02-18,1500039,ACTIVO,PERIODISMO,XPONDD5EBBE0,AC,BASINTF250,2025-10-06,133.0,2,-29.190778015703277,48575443AF9037A5,MONUV411,V2.4.12
44026,2026-02-16,NO NAVEGA. LEDS PARPADEANDO/NO AMARRA,BASICO TV + INTERNET FIBRA 250MB ($399),nan,nan,2026-02-18,1500039,ACTIVO,PERIODISMO,XPONAF19C748,AC,BASINTF250,,,2,-26.41432191291931,58504F4EAF19C748,HG102AT,V1.7.1
10313,2026-02-16,NO NAVEGA. LEDS PARPADEANDO/NO AMARRA,INTERNET FIBRA 60MB,nan,nan,2026-02-18,1500039,ACTIVO,PEDREGAL,XPON1D968CB7,AC,INT20,,,2,-26.814244831063988,58504F4E1D968CB7,HG102A,V3.2.18
44684,2026-02-16,NO NAVEGA. LEDS PARPADEANDO/NO AMARRA,INTERNET FIBRA 60MB,nan,nan,2026-02-18,1500039,ACTIVO,PEDREGAL,XPONDD530E34,AC,INT20,2024-02-10,737.0,2,-24.44996974281394,58504F4EDD530E34,MN-WIFI2,V1.7.1
15382,2026-02-16,NO NAVEGA. LEDS PARPADEANDO/NO AMARRA,BASICO TV + INTERNET FIBRA 75MB,nan,nan,2026-02-19,1500039,ACTIVO,PEDREGAL,485754433B789897,AC,BASINT30,2015-06-05,3909.0,3,-22.729911749873896,485754433B789897,HG8546M,V3R017C10S125
45690,2026-02-16,NO NAVEGA. LEDS PARPADEANDO/NO AMARRA,BASICO TV + INTERNET FIBRA 250MB ($399),nan,nan,2026-02-17,1500503,ACTIVO,SANTIAGUITO,HWTCAF3AD58E,AC,BASINTF250,,,1,-22.95477937468481,48575443AF3AD58E,CNA-ONU-4GE2WXCA,V1.7.1
19624,2026-02-16,EQUIPO DA?ADO,BASICO TV + INTERNET FIBRA 250MB ($399),TEC SOLICITA OS TIT ENTERADO QUE NO TIENE COSTO,nan,2026-02-16,1500047,ACTIVO,MADERO,HWTCAF8FFE8D,AC,BASINTF250,2015-06-11,3903.0,0,-27.867979797979615,48575443AF8FFE8D,MONUV411,V2.4.12
35914,2026-02-16,NO NAVEGA. LEDS PARPADEANDO/NO AMARRA,INTERNET FIBRA 75MB,LOS ROJO,nan,2026-02-18,1500039,ACTIVO,PEDREGAL,XPONDD91A92E,AC,INT30,2019-08-10,2382.0,2,-27.18313792233998,58504F4EDD91A92E,MN-CATVDUALM,V1R007C00S001
38796,2026-02-16,NO NAVEGA. LEDS FIJOS/RUIDO,INTERNET FIBRA 120MB,SEÑAL INTERMITENTE,nan,2026-02-17,1500374,ACTIVO,BELO,XPONDD35417A,AC,INT50,2021-08-07,1654.0,1,-22.228761682243036,58504F4EDD35417A,MN-CATV2,V1.7.1
39250,2026-02-16,NO NAVEGA. LEDS FIJOS/RUIDO,INTERNET FIBRA 60MB,nan,nan,2026-02-17,1500047,ACTIVO,MADERO,485754430E8DB66F,AC,INT20,,,1,-20.007856559469143,485754430E8DB66F,HG8546M,V3R017C00S125
46084,2026-02-16,NO NAVEGA. LEDS PARPADEANDO/NO AMARRA,BASICO TV + INTERNET FIBRA 250MB ($399),CLIENTE SOLICITO SU MODEM EN SEGUNDO PISO Y NO SE LO QUISIERON INSTALAR LO SOLICITA NUEVAMENTE,nan,2026-02-17,1500374,ACTIVO,VIRREY,HWTCAFAB6A1B,AC,BASINTF250,2025-09-12,157.0,1,-27.0968913690477,48575443AFAB6A1B,CNA-ONU-4GE2WXCA,V1.7.1
351880,2026-02-16,NO NAVEGA. LEDS PARPADEANDO/NO AMARRA,BASICO TV + INTERNET FIBRA 75MB,LOS ROJO,nan,2026-02-17,1500047,ACTIVO,PRADOS VERDES,BTPTDD2711FA,AC,BASINT30,2017-03-10,3265.0,1,-19.50757912200104,42545054DD2711FA,BT-213XR,V1.2.6
42238,2026-02-16,NO NAVEGA. LEDS PARPADEANDO/NO AMARRA,INTERNET FIBRA 60MB,NIVEL ELEVADO REQUIERE VISITA TECNICA,nan,2026-02-19,1500039,ACTIVO,PERIODISMO,HWTCAFAA0935,AC,INT20,,,3,-27.586241970021554,48575443AFAA0935,CNA-ONU-4GE2WX,V1.7.1
31349,2026-02-16,NO NAVEGA. LEDS PARPADEANDO/NO AMARRA,BASICO TV + INTERNET FIBRA 75MB,LOS ROJO,nan,2026-02-18,1500039,ACTIVO,PEDREGAL,XPONDD3E5A61,AC,BASINT30,,,2,-26.19858169440241,58504F4EDD3E5A61,MN-CATV2,V1.7.1
36311,2026-02-16,NO NAVEGA. LEDS PARPADEANDO/NO AMARRA,INTERNET FIBRA 60MB,LOS ROJO,nan,2026-02-18,1500039,ACTIVO,PEDREGAL,XPONDD3FD417,AC,INT20,,,2,-22.148357286938893,58504F4EDD3FD417,MN-WIFI2,V1.7.1
333773,2026-02-16,NO NAVEGA. LEDS PARPADEANDO/NO AMARRA,INTERNET FIBRA 75MB,LOS ROJO,nan,2026-02-17,1500374,BAJA,VIRREY,nan,BA,INT30,2025-04-12,310.0,1,,485754433B789897,HG8546M,V3R017C10S125
41910,2026-02-17,NO NAVEGA. LEDS FIJOS/RUIDO,INTERNET FIBRA 60MB,PIDE VISITA POR POCO ALCANCE EN EL MODEM,nan,2026-02-17,1500047,ACTIVO,PUNHUATO,XPONDD52F4C4,AC,INT20,,,0,-25.439605061349628,58504F4EDD52F4C4,MN-WIFI2,V1.7.1
24769,2026-02-17,NO NAVEGA. LEDS PARPADEANDO/NO AMARRA,BASICO TV + INTERNET FIBRA 250MB ($399),NO TIENE ALCANCE,nan,2026-02-18,1500374,ACTIVO,VIRREY,HWTCAF3ABF861,AC,BASINTF250,,,1,-32.55537123572158,48575443AF3ABF86,CNA-ONU-4GE2WXCA,V1.7.1
46491,2026-02-17,NO NAVEGA. LEDS PARPADEANDO/NO AMARRA,BASICO TV + INTERNET FIBRA 250MB ($399),LOS ROJO SIN SEÑAL EN AMBOS SERVICIOS,nan,2026-02-18,1500039,ACTIVO,PERIODISMO,CDTCAFA3B456,AC,BASINTF250,,,1,-35.217725856697875,43445443AFA3B456,FD712GD-R850,V1.7.1
9056,2026-02-17,NO NAVEGA. LEDS PARPADEANDO/NO AMARRA,BASICO TV + INTERNET FIBRA 45MB (NO VIGENTE),CLIENTE COMENTA QUE SU MODEM HACE UN RUIDO Y LO REINICIA SEGUIDO,nan,2026-02-19,1500047,ACTIVO,MADERO,"485754439F83B4A1, C43DC75FDCBF",AC,BASINT10,,,2,-26.3619201877934,4F50544941FCB675,MONUV142,V12.2.26
21252,2026-02-17,NO NAVEGA. LEDS PARPADEANDO/NO AMARRA,BASICO TV + INTERNET FIBRA 45MB (NO VIGENTE),DOWSN TREAM PARPADIANDO,nan,2026-02-18,1500046,ACTIVO,PERIODISMO,CDTCAFA3E5A6,AC,BASINT10,,,1,-23.519791666666638,43445443AFA3E5A6,FD712GD-R850,V1.7.1
2341,2026-02-17,CAMBIO DE ACOMETIDA,BASICO TV + INTERNET FIBRA 45MB (NO VIGENTE),TIT ACEPTA CAMBIO DE ACOMETIDA SIN COSTO TEC FERNANDO,nan,2026-02-17,1500374,ACTIVO,VIRREY,HWTC1DD89894,AC,BASINT10,2014-10-02,4156.0,0,-22.298373511904913,485754431DD89894,CNA-ONU-4GE2WXCA,V1.7.1
6508,2026-02-17,NO NAVEGA. LEDS PARPADEANDO/NO AMARRA,BASICO TV + INTERNET FIBRA 75MB,nan,nan,2026-02-18,1500047,ACTIVO,MADERO,4857544371A5948B,AC,BASINT30,,,1,-32.22768308080807,4857544371A5948B,546M,V3R016C10S130
31799,2026-02-17,NO NAVEGA. LEDS PARPADEANDO/NO AMARRA,INTERNET FIBRA 45MB (NO VIGENTE),LOS ROJO,nan,2026-02-21,1500039,ACTIVO,PERIODISMO,HWTC1DD8807C,AC,INT10,2017-03-08,3268.0,4,-23.78420212765956,485754431DD8807C,CNA-ONU-4GE2WX,V1.7.1
36311,2026-02-17,CAMBIO DE ACOMETIDA,INTERNET FIBRA 60MB,"CLIENTE ENTERADO SIN COSTO, PIDE DAVID",nan,2026-02-18,1500039,ACTIVO,PEDREGAL,XPONDD3FD417,AC,INT20,,,1,-22.148357286938893,58504F4EDD3FD417,MN-WIFI2,V1.7.1
46464,2026-02-17,NO NAVEGA. LEDS PARPADEANDO/NO AMARRA,BASICO TV + INTERNET FIBRA 250MB ($399),SE ENCUENTRA FUERA DE LINEA REQUIERE VISITA,nan,2026-02-18,1501399,ACTIVO,EL REALITO,HWTC50026C5A,AC,BASINTF250,,,1,-22.450224528301888,58504F4EDD3FD417,MN-WIFI2,V1.7.1
32868,2026-02-17,NO NAVEGA. LEDS PARPADEANDO/NO AMARRA,INTERNET FIBRA 60MB,LOS ROJO,nan,2026-02-18,1500046,ACTIVO,PERIODISMO,HWTCAFAA0AC1,AC,INT20,,,1,-23.855440340909112,48575443AFAA0AC1,CNA-ONU-4GE2WX,V1.7.1
46450,2026-02-17,NO NAVEGA. LEDS PARPADEANDO/NO AMARRA,BASICO TV + INTERNET FIBRA 250MB ($399),LOS ROJO,nan,2026-02-18,1501177,ACTIVO,EL REALITO,HWTCAF912091,AC,BASINTF250,2026-10-02,-227.0,1,-27.999390723270437,48575443AF912091,MONUV411,V2.4.12
46450,2026-02-17,NO NAVEGA. LEDS PARPADEANDO/NO AMARRA,BASICO TV + INTERNET FIBRA 250MB ($399),LOS ROJO,nan,2026-02-18,1501177,ACTIVO,EL REALITO,HWTCAF912091,AC,BASINTF250,2026-10-02,-227.0,1,-27.999390723270437,48575443AF912091,MONUV411,V2.4.12
3347,2026-02-17,NO NAVEGA. LEDS PARPADEANDO/NO AMARRA,INTERNET FIBRA 60MB,LOS ROJO,nan,2026-02-19,1500039,ACTIVO,PERIODISMO,XPONDD5EB998,AC,INT20,,,2,-24.003975731620287,58504F4EDD5EB998,MN-WIFI2,V1.7.1
34864,2026-02-18,NO NAVEGA. LEDS PARPADEANDO/NO AMARRA,INTERNET FIBRA 45MB (NO VIGENTE),PON PARPADEA,nan,2026-02-19,1500374,ACTIVO,BELO,48575443576E1971,AC,INT10,2018-05-11,2840.0,1,-27.84120456905504,48575443576E1971,HG8546M,V5R019C00S050
33772,2026-02-18,NO NAVEGA. LEDS PARPADEANDO/NO AMARRA,INTERNET FIBRA 60MB,TIENE EL NIVEL BAJO REQUIERE VISITA,nan,2026-02-18,1500047,ACTIVO,MADERO,XPONDD4CE1F2,AC,INT20,,,0,-27.698704744069914,58504F4EDD4CE1F2,MN-WIFI2,V1.7.1
44552,2026-02-18,NO NAVEGA. LEDS PARPADEANDO/NO AMARRA,INTERNET FIBRA 60MB,SOLO PRENDE PWR,nan,2026-02-19,1500039,ACTIVO,PERIODISMO,48575443562B949A,AC,INT20,2024-12-08,437.0,1,-24.75194147037834,48575443562B949A,HG8546M,V3R017C10S125
29210,2026-02-18,NO NAVEGA. LEDS PARPADEANDO/NO AMARRA,INTERNET FIBRA 45MB (NO VIGENTE),LOS ROJO,nan,2026-02-19,1500047,ACTIVO,PRADOS VERDES,XPONDD47C2B2,AC,INT10,,,1,-31.09786830357144,58504F4EDD47C2B2,MN-WIFI2,V1.7.1
42904,2026-02-18,NO NAVEGA. LEDS FIJOS/RUIDO,BASICO TV + INTERNET FIBRA 60MB,NIVEL BAJO REQUIERE VISITA TIT COMENTA QUE LA ULTIMA VEZ QUE PASO EL TECNICO AL DOMICILIO LE COMENTO QUE LA CAJA DEL POSTE ESTA MUY VIEJA,nan,2026-02-24,1500047,ACTIVO,VIRREY,XPONDD3E5BA9,AC,BASINT20,2023-02-06,1108.0,6,-31.02834226190481,58504F4EDD3E5BA9,MN-CATV2,V1.7.1
42874,2026-02-18,NO NAVEGA. LEDS PARPADEANDO/NO AMARRA,BASICO TV + INTERNET FIBRA 120MB,SIN SEÑAL AMBOS SERVICIOS,nan,2026-02-19,1500039,ACTIVO,PEDREGAL,XPONDD3E5AF1,AC,BASINT50,2023-02-06,1108.0,1,-19.167670196671697,58504F4EDD3E5AF1,MN-CATV2,V1.7.1
343435,2026-02-18,NO NAVEGA. LEDS PARPADEANDO/NO AMARRA,BASICO TV + INTERNET FIBRA 120MB,LOS ROJO AMBOS SERVICIOS,nan,2026-02-19,1500039,ACTIVO,PERIODISMO,XPONDD3FBB2F,AC,BASINT50,2023-05-08,1017.0,1,-29.586607780157106,58504F4EDD3FBB2F,MN-CATV2,V1.7.1
37062,2026-02-18,NO NAVEGA. LEDS PARPADEANDO/NO AMARRA,BASICO TV + INTERNET FIBRA 60MB,LOS ROJO,nan,2026-02-19,1500039,ACTIVO,PERIODISMO,"6CB0CE5C0298, XPONDD3C2FC0",AC,BASINT20,,,1,-25.043493589743555,58504F4EDD3C2FC0,MN-CATV2,V1R007C00S001
333773,2026-02-18,NO NAVEGA. LEDS PARPADEANDO/NO AMARRA,INTERNET FIBRA 75MB,LOS ROJO,nan,2026-02-24,1500285,BAJA,VIRREY,nan,BA,INT30,2025-04-12,312.0,6,,48575443AF912091,MONUV411,V2.4.12
39008,2026-02-18,NO NAVEGA. LEDS PARPADEANDO/NO AMARRA,BASICO TV + INTERNET FIBRA 75MB,LOS ROJO,nan,2026-02-19,1500039,ACTIVO,PERIODISMO,BTPTDD271162,AC,BASINT30,,,1,-27.1104800142756,42545054DD271162,BT-213XR,V1.2.6
44974,2026-02-18,NO NAVEGA. LEDS PARPADEANDO/NO AMARRA,INTERNET FIBRA 75MB,LOS ROJO,nan,2026-02-24,1501451,ACTIVO,VIRREY,XPONDD4C6002,AC,INT30,,,6,-27.114315476190242,58504F4EDD4C6002,MN-WIFI2,V1.7.1
42991,2026-02-18,NO NAVEGA. LEDS PARPADEANDO/NO AMARRA,INTERNET FIBRA 60MB,LOS ROJO,nan,2026-02-19,1500374,ACTIVO,VIRREY,XPONDD41E9A3,AC,INT20,,,1,-21.682145833333312,58504F4EDD41E9A3,MN-WIFI2,V1.7.1
335433,2026-02-18,NO NAVEGA. LEDS PARPADEANDO/NO AMARRA,INTERNET FIBRA 75MB,LOS ROJO,nan,2026-02-19,1500039,ACTIVO,PEDREGAL,485754437427A44C,AC,INT30,2014-03-03,4370.0,1,-30.26595688350964,485754437427A44C,HG8546M,V5R019C00S050
38501,2026-02-18,NO NAVEGA. LEDS FIJOS/RUIDO,INTERNET FIBRA 60MB,LEDS INTERMITENTES,nan,2026-02-19,1500047,ACTIVO,MADERO,4857544313161AA9,AC,INT20,2021-09-06,1626.0,1,-23.485325757575772,4857544313161AA9,HG8546M,V3R017C10S125
5863,2026-02-18,NO NAVEGA. LEDS PARPADEANDO/NO AMARRA,BASICO TV + INTERNET FIBRA 75MB,SIN SEÑAL EN AMBOS SERVICIOS,nan,2026-02-19,1500039,ACTIVO,PERIODISMO,HWTC1DD88A9C,AC,BASINT30,2014-12-04,4094.0,1,-21.63410599571734,485754431DD88A9C,CNA-ONU-4GE2WXCA,V1.7.1
40481,2026-02-19,NO NAVEGA. LEDS PARPADEANDO/NO AMARRA,INTERNET FIBRA 150MB,LOS ROJO,nan,2026-02-19,1500039,ACTIVO,PEDREGAL,48575443B88F8F9B,AC,INT100,2022-10-03,1235.0,0,-24.194902924861324,48575443B88F8F9B,HS8546V2,V3R017C10S138
46084,2026-02-19,NO NAVEGA. LEDS PARPADEANDO/NO AMARRA,BASICO TV + INTERNET FIBRA 250MB ($399),LOS ROJO,nan,2026-02-21,1500374,ACTIVO,VIRREY,HWTCAFAB6A1B,AC,BASINTF250,2025-09-12,160.0,2,-27.0968913690477,48575443AFAB6A1B,CNA-ONU-4GE2WXCA,V1.7.1
29210,2026-02-19,CAMBIO DE ACOMETIDA,INTERNET FIBRA 45MB (NO VIGENTE),TEC SOLCIITA TIT ENTERADO QUE NO TIENE COSTO,nan,2026-02-19,1500047,ACTIVO,PRADOS VERDES,XPONDD47C2B2,AC,INT10,,,0,-31.09786830357144,58504F4EDD47C2B2,MN-WIFI2,V1.7.1
42112,2026-02-19,NO NAVEGA. LEDS PARPADEANDO/NO AMARRA,INTERNET FIBRA 60MB,LOS ROJO,nan,2026-02-19,1500039,ACTIVO,PEDREGAL,XPONDD3E6F9D,AC,INT20,,,0,-21.87566944024205,58504F4EDD3E6F9D,MN-WIFI2,V1.7.1
5222,2026-02-19,NO NAVEGA. LEDS PARPADEANDO/NO AMARRA,BASICO TV + INTERNET FIBRA 60MB,LOS ROJO,nan,2026-02-20,1500374,ACTIVO,VIRREY,BTPTDD200042,AC,BASINT20,2014-01-04,4429.0,1,-31.62290029761893,42545054DD200042,BT-213XR,V1.2.6
15858,2026-02-19,NO NAVEGA. LEDS PARPADEANDO/NO AMARRA,BASICO TV + INTERNET FIBRA 250MB ($399),LOS ROJO,nan,2026-02-20,1500047,ACTIVO,PRADOS VERDES,HWTC50026462,AC,BASINTF250,2026-11-02,-256.0,1,-20.46994918699187,4857544350026462,CNA-ONU-2GE2WXCA,V1.7.1
39549,2026-02-19,NO NAVEGA. LEDS PARPADEANDO/NO AMARRA,INTERNET FIBRA 60MB,nan,nan,2026-02-20,1500047,ACTIVO,MADERO,XPONDD52D1FC,AC,INT20,,,1,-20.763500510464535,58504F4EDD52D1FC,MN-CATV2,V1.7.1
15882,2026-02-19,NO NAVEGA. LEDS PARPADEANDO/NO AMARRA,BASICO TV + INTERNET FIBRA 45MB (NO VIGENTE),SOLO PRENDE PWR,nan,2026-02-20,1501465,ACTIVO,PERIODISMO,HTWCAFAB5623,AC,BASINT10,,,1,-25.189807692307703,48575443AFAB5623,CNA-ONU-4GE2WXCA,V1.7.1
28241,2026-02-19,NO NAVEGA. LEDS FIJOS/RUIDO,INTERNET FIBRA 45MB (NO VIGENTE),LEDS UPST APAGADO Y DOWH PARPADEA NO NAVEGA,nan,2026-02-24,1500039,ACTIVO,PERIODISMO,XPONDD530AF4,AC,INT10,2016-03-10,3633.0,5,-24.88911458333333,58504F4EDD530AF4,MN-WIFI2,V1.7.1
40339,2026-02-19,NO NAVEGA. LEDS PARPADEANDO/NO AMARRA,INTERNET FIBRA 60MB,nan,nan,2026-02-21,1500039,ACTIVO,PERIODISMO,485754436BD79A8B,AC,INT20,,,2,-26.059379014989254,485754436BD79A8B,546M,V3R016C10S130
40331,2026-02-19,MODEM DAÑADO/PERDIDO (COBRO),INTERNET FIBRA 75MB,nan,nan,2026-02-20,1500047,BAJA,MADERO,nan,BA,INT30,,,1,-24.707098009188478,48575443D23E2B8B,CNA-ONU-4GE2WXCA,V1.7.1
33093,2026-02-19,NO NAVEGA. LEDS PARPADEANDO/NO AMARRA,INTERNET FIBRA 45MB (NO VIGENTE),LOS ROJO,nan,2026-02-20,1500047,ACTIVO,PRADOS VERDES,XPONDD32F156,AC,INT10,,,1,-35.18995022970921,58504F4EDD32F156,MN-CATV2,V1.7.1
26158,2026-02-19,NO NAVEGA. LEDS PARPADEANDO/NO AMARRA,BASICO TV + INTERNET FIBRA 250MB ($399),nan,nan,2026-02-20,1500374,ACTIVO,VIRREY,XPONDD7EB29E,AC,BASINTF250,2025-11-11,100.0,1,-23.09801041666684,58504F4EDD7EB29E,MN-CATVDUALM,V1R007C00S001
42112,2026-02-19,CAMBIO DE ACOMETIDA,INTERNET FIBRA 60MB,TEC SOLICITA,nan,2026-02-19,1500039,ACTIVO,PEDREGAL,XPONDD3E6F9D,AC,INT20,,,0,-21.87566944024205,58504F4EDD3E6F9D,MN-WIFI2,V1.7.1
41163,2026-02-19,NO NAVEGA. LEDS PARPADEANDO/NO AMARRA,INTERNET FIBRA 60MB,LOS ROJO,nan,2026-02-21,1500039,ACTIVO,PERIODISMO,48575443B81E3D9D,AC,INT20,,,2,-23.435051748750865,48575443B81E3D9D,HG8546M,V5R019C00S050
32930,2026-02-19,NO NAVEGA. LEDS PARPADEANDO/NO AMARRA,BASICO TV + INTERNET FIBRA 60MB,REQUIERE VISITA,nan,2026-02-20,1501465,ACTIVO,PERIODISMO,XPONDD353982,AC,BASINT20,2017-08-12,3113.0,1,-24.489959207459165,58504F4EDD353982,MN-CATV2,V1.7.1
42238,2026-02-19,NO NAVEGA. LEDS PARPADEANDO/NO AMARRA,INTERNET FIBRA 60MB,LOS ROJO,nan,2026-02-21,1500039,ACTIVO,PERIODISMO,HWTCAFAA0935,AC,INT20,,,2,-27.586241970021554,48575443AFAA0935,CNA-ONU-4GE2WX,V1.7.1
43499,2026-02-19,NO NAVEGA. LEDS PARPADEANDO/NO AMARRA,BASICO TV + INTERNET FIBRA 60MB,LOS  ROJO AMBOS SERVICIOS,nan,2026-02-20,1500047,CORTESIA,PRADOS VERDES,XPONDD459FB2,nan,nan,,,1,-35.446886166411346,58504F4EDD459FB2,MN-CATV2,V1.7.1
335804,2026-02-19,NO NAVEGA. LEDS FIJOS/RUIDO,INTERNET FIBRA 60MB,SIN SEÑAL,nan,2026-02-20,1500047,ACTIVO,MADERO,XPONDD530004,AC,INT20,,,1,-30.919614898989746,58504F4EDD530004,MN-WIFI2,V1.7.1
39409,2026-02-20,NO NAVEGA. LEDS PARPADEANDO/NO AMARRA,INTERNET FIBRA 60MB,nan,nan,2026-02-21,1500039,ACTIVO,PEDREGAL,485754435705E76F,AC,INT20,,,1,-20.98165518121491,485754435705E76F,546M,V3R017C10S125
5824,2026-02-20,NO NAVEGA. LEDS FIJOS/RUIDO,BASICO TV + INTERNET FIBRA 250MB ($399),TIENE VARIAS DESCONEXIONES RECIENTES SE RECOMIENDA VISITA,nan,2026-02-24,1500039,ACTIVO,PEDREGAL,HWTC50025C2E,AC,BASINTF250,,,4,-27.04228819969744,4857544350025C2E,CNA-ONU-2GE2WXCA,V1.7.1
5572,2026-02-20,NO NAVEGA. LEDS PARPADEANDO/NO AMARRA,BASICO TV + INTERNET FIBRA 60MB,SIN SEÑAL AMBOS SERVICIOS,nan,2026-02-22,1500039,ACTIVO,PEDREGAL,XPONDD590CC0,AC,BASINT20,,,2,-22.37295133635906,58504F4EDD590CC0,MN-CATV2,V1.7.1
42238,2026-02-20,EQUIPO DA?ADO,INTERNET FIBRA 60MB,CLIENTE ENTERADO CAMBIO DE EQUIPO SIN COSTO DAVID E,nan,2026-02-22,1500039,ACTIVO,PERIODISMO,HWTCAFAA0935,AC,INT20,,,2,-27.586241970021554,48575443AFAA0935,CNA-ONU-4GE2WX,V1.7.1
46335,2026-02-20,NO NAVEGA. LEDS PARPADEANDO/NO AMARRA,BASICO TV + INTERNET FIBRA 250MB ($399),LOS ROJO,nan,2026-02-22,1500039,ACTIVO,PEDREGAL,CDTCAFA3BBBE,AC,BASINTF250,,,2,-25.119049420070578,43445443AFA3BBBE,FD712GD-R850,V1.7.1
45811,2026-02-20,NO NAVEGA. LEDS PARPADEANDO/NO AMARRA,INTERNET FIBRA 75MB,nan,nan,2026-02-25,1500374,ACTIVO,VIRREY,48575443B89FD59D,AC,INT30,2025-10-10,133.0,5,-23.758334821428587,48575443B89FD59D,HG8546M,V5R019C00S050
3118,2026-02-20,NO NAVEGA. LEDS PARPADEANDO/NO AMARRA,BASICO TV + INTERNET FIBRA 120MB,nan,nan,2026-02-21,1500047,ACTIVO,PRADOS VERDES,XPONDD3C3C08,AC,BASINT50,2014-01-03,4431.0,1,-28.71372001020936,58504F4EDD3C3C08,MN-CATV2,V1.7.1
45467,2026-02-20,NO NAVEGA. LEDS PARPADEANDO/NO AMARRA,INTERNET FIBRA 120MB,LOS ROJO,nan,2026-02-21,1500047,ACTIVO,PUNHUATO,HWTC1DD89540,AC,INT50,,,1,-23.777411809816,58504F4EDD353982,MN-CATV2,V1.7.1
27213,2026-02-20,NO NAVEGA. LEDS PARPADEANDO/NO AMARRA,INTERNET FIBRA 120MB,nan,nan,2026-02-22,1500039,ACTIVO,PEDREGAL,XPONDD3E6EA5,AC,INT50,,,2,-21.48579425113466,58504F4EDD3E6EA5,MN-WIFI2,V1.7.1
38251,2026-02-20,NO NAVEGA. LEDS PARPADEANDO/NO AMARRA,BASICO TV + INTERNET FIBRA 250MB ($399),FOCO ROJO,nan,2026-02-22,1500039,ACTIVO,PERIODISMO,XPONDD7EAB86,AC,BASINTF250,,,2,-23.72734118486808,58504F4EDD7EAB86,MN-CATVDUALM,V1R007C00S001
37425,2026-02-20,NO NAVEGA. LEDS PARPADEANDO/NO AMARRA,INTERNET FIBRA 60MB,LOS ROJO,nan,2026-02-24,1500047,ACTIVO,PRADOS VERDES,XPONDD4C6122,AC,INT20,2020-12-12,1896.0,4,-23.438229964267496,58504F4EDD4C6122,MN-WIFI2,V1.7.1
45647,2026-02-20,NO NAVEGA. LEDS PARPADEANDO/NO AMARRA,BASICO TV + INTERNET FIBRA 250MB ($399),LOS ROJO AMBOS SERVICIOS,nan,2026-02-22,1500039,ACTIVO,PEDREGAL,HWTCAF3AF2DA,AC,BASINTF250,2025-12-09,73.0,2,-23.518077407967752,48575443AF3AF2DA,CNA-ONU-4GE2WXCA,V1.7.1
38462,2026-02-20,NO NAVEGA. LEDS PARPADEANDO/NO AMARRA,INTERNET FIBRA 75MB,FOCO ROJO,nan,2026-02-21,1500374,ACTIVO,BELO,XPONDD43A11B,AC,INT30,,,1,-23.17443795430943,58504F4EDD43A11B,MN-WIFI2,V1.7.1
4077,2026-02-20,NO NAVEGA. LEDS PARPADEANDO/NO AMARRA,INTERNET FIBRA 60MB,LOS ROJO,nan,2026-02-22,1500039,ACTIVO,PEDREGAL,48575443841A519A,AC,INT20,2020-11-09,1929.0,2,-22.929713817448306,48575443841A519A,HG8546M,V3R017C10S125
45458,2026-02-20,NO NAVEGA. LEDS PARPADEANDO/NO AMARRA,BASICO TV + INTERNET FIBRA 250MB ($399),LOS ROJO,nan,2026-02-21,1500374,ACTIVO,BELO,HWTC500258AA,AC,BASINTF250,,,1,-18.377057728119187,48575443500258AA,CNA-ONU-2GE2WXCA,V1.7.1
4932,2026-02-20,NO NAVEGA. LEDS PARPADEANDO/NO AMARRA,INTERNET FIBRA 60MB,LOS ROJO,nan,2026-02-21,1500047,ACTIVO,MADERO,XPONDD32F69E,AC,INT20,,,1,-24.189068181818143,58504F4EDD32F69E,MN-CATV2,V1.7.1
345918,2026-02-20,NO NAVEGA. LEDS PARPADEANDO/NO AMARRA,BASICO TV + INTERNET FIBRA 75MB,REQUIERE VISITA TECNICA NO MUETRA NIVEL NI EL IP,nan,2026-02-21,1500047,ACTIVO,PRADOS VERDES,XPONDD3C2FF8,AC,BASINT30,2024-11-11,466.0,1,-20.264615875446776,58504F4EDD3C2FF8,MN-CATV2,V1.7.1
46239,2026-02-20,NO NAVEGA. LEDS PARPADEANDO/NO AMARRA,BASICO TV + INTERNET FIBRA 250MB ($399),LOS ROJO AMBOS SERVICIOS,"ER, FUERA DE LINEA",2026-02-21,1501177,ACTIVO,NINO ARTILLERO,XPONDD919726,AC,BASINTF250,2026-07-01,-131.0,1,-24.367411749873934,58504F4EDD919726,MN-CATVDUALM,V1R007C00S001
343435,2026-02-20,NO NAVEGA. LEDS PARPADEANDO/NO AMARRA,BASICO TV + INTERNET FIBRA 120MB,REQUIERE VISITA TECNICA,nan,2026-02-22,1500039,ACTIVO,PERIODISMO,XPONDD3FBB2F,AC,BASINT50,2023-05-08,1019.0,2,-29.586607780157106,58504F4EDD3FBB2F,MN-CATV2,V1.7.1
351880,2026-02-20,NO NAVEGA. LEDS PARPADEANDO/NO AMARRA,BASICO TV + INTERNET FIBRA 75MB,FOCOS APAGADOS,nan,2026-02-26,1500047,ACTIVO,PRADOS VERDES,BTPTDD2711FA,AC,BASINT30,2017-03-10,3269.0,6,-19.50757912200104,42545054DD2711FA,BT-213XR,V1.2.6
37965,2026-02-20,NO NAVEGA. LEDS PARPADEANDO/NO AMARRA,INTERNET FIBRA 120MB,LOS ROJO,nan,2026-02-24,1500285,ACTIVO,VIRREY,XPONDD42BC83,AC,INT50,,,4,-23.90883482142874,58504F4EDD42BC83,MN-WIFIDUAL,V1R007C00S001
41910,2026-02-20,NO NAVEGA. LEDS PARPADEANDO/NO AMARRA,INTERNET FIBRA 60MB,CLIENTE COMENTA QUE FALLA HACE ALGUNAS SEMANAS.,nan,2026-02-24,1500047,ACTIVO,PUNHUATO,XPONDD52F4C4,AC,INT20,,,4,-25.439605061349628,58504F4EDD52F4C4,MN-WIFI2,V1.7.1
30562,2026-02-20,NO NAVEGA. LEDS PARPADEANDO/NO AMARRA,INTERNET FIBRA 45MB (NO VIGENTE),LOS ROJO,nan,2026-02-24,1500047,ACTIVO,MADERO,"E8ED05E8A992, XPONDD32F186",AC,INT10,2017-06-03,3184.0,4,-28.315439393939336,58504F4EDD32F186,MN-CATV2,V1.7.1
30871,2026-02-20,NO NAVEGA. LEDS PARPADEANDO/NO AMARRA,INTERNET NAVEGA (NO VIGENTE),LOS ROJO,nan,2026-02-24,1500039,ACTIVO,PERIODISMO,C43DC763389C,AC,IESE,2017-06-04,3183.0,4,,58504F4EDD43A11B,MN-WIFI2,V1.7.1
45803,2026-02-20,NO NAVEGA. LEDS PARPADEANDO/NO AMARRA,INTERNET FIBRA 75MB,LOS ROJO,JE FUERA DE LINEA REQUIERE VISITA,2026-02-24,1500047,ACTIVO,PRADOS VERDES,HWTCAF3AB4D6,AC,INT30,2025-03-10,347.0,4,-26.515016590097186,48575443AF3AB4D6,CNA-ONU-4GE2WXCA,V1.7.1
32546,2026-02-21,NO NAVEGA. LEDS PARPADEANDO/NO AMARRA,INTERNET FIBRA 45MB (NO VIGENTE),LOS ROJO,JE FUERA DE LINEA REQUIERE VISITA,2026-02-24,1500047,ACTIVO,PRADOS VERDES,XPONDD4C778A,AC,INT10,2017-04-11,3238.0,3,-28.627718223583408,58504F4EDD4C778A,MN-CATV2,V1.7.1
33569,2026-02-21,NO NAVEGA. LEDS PARPADEANDO/NO AMARRA,INTERNET NAVEGA (NO VIGENTE),LEDS  DOWNS PARPADEA Y UPST APAGADO,JE MANDO A CC,2026-02-24,1500047,ACTIVO,MADERO,E091F5DF5878,AC,IESE,,,3,,58504F4EDD32F69E,MN-CATV2,V1.7.1
37786,2026-02-21,NO NAVEGA. LEDS PARPADEANDO/NO AMARRA,INTERNET FIBRA 75MB,LOS ROJO,"ER, SIN ACCESO REMOTO",2026-02-24,1500285,ACTIVO,VIRREY,485754432B0B6051,AC,INT30,2021-05-03,1755.0,3,-24.651953869047613,58504F4EDD5CA82E,MN-WIFI2,V1.7.1
32416,2026-02-21,NO NAVEGA. LEDS PARPADEANDO/NO AMARRA,INTERNET FIBRA 75MB,LOS ROJO,JE MANDO A CC,2026-02-22,1500039,ACTIVO,PERIODISMO,XPONDD530BBC,AC,INT30,,,1,-26.399784082797936,58504F4EDD530BBC,MN-WIFI2,V1.7.1
30659,2026-02-21,NO NAVEGA. LEDS PARPADEANDO/NO AMARRA,BASICO TV + INTERNET FIBRA 60MB,nan,JE MANDO A CC,2026-02-22,1500039,ACTIVO,PEDREGAL,XPONDD6EEF03,AC,BASINT20,,,1,-26.509561270801775,58504F4EDD6EEF03,MN-CATV2,V1R007C00S001
344816,2026-02-21,NO NAVEGA. LEDS PARPADEANDO/NO AMARRA,INTERNET FIBRA 60MB,PON PARPADIANDO,nan,2026-02-22,1500039,ACTIVO,PEDREGAL,XPONDD4C5D4A,AC,INT20,,,1,-23.587085224407495,58504F4EDD4C5D4A,MN-WIFI2,V1.7.1
45647,2026-02-21,NO NAVEGA. LEDS PARPADEANDO/NO AMARRA,BASICO TV + INTERNET FIBRA 250MB ($399),LOS ROJO,JE MANDO A CC,2026-02-22,1500039,ACTIVO,PEDREGAL,HWTCAF3AF2DA,AC,BASINTF250,2025-12-09,74.0,1,-23.518077407967752,48575443AF3AF2DA,CNA-ONU-4GE2WXCA,V1.7.1
44275,2026-02-21,NO NAVEGA. LEDS PARPADEANDO/NO AMARRA,BASICO TV + INTERNET FIBRA 75MB,nan,JE NIVEL BAJO REQUIERE VISITA,2026-02-24,1500047,ACTIVO,PUNHUATO,XPONDD4C661A,AC,BASINT30,,,3,-30.799078476482542,58504F4EDD4C661A,MN-CATV2,V1.7.1
45402,2026-02-21,NO NAVEGA. LEDS PARPADEANDO/NO AMARRA,INTERNET FIBRA 60MB,LOS ROJO TIT COMENTA QUE EL CABLE ESTRA TROZADO,JE FUERA DE LINEA REQUIERE VISITA,2026-02-24,1500039,ACTIVO,PEDREGAL,XPONDD5FF3D4,AC,INT20,,,3,-26.853493589743586,58504F4EDD5FF3D4,MN-WIFI2,V1R007C00S001
2821,2026-02-21,NO NAVEGA. LEDS PARPADEANDO/NO AMARRA,INTERNET FIBRA 75MB,LOS ROJO,JE FUERA DE LINEA REQUIERE VISITA,2026-02-22,1500039,ACTIVO,PEDREGAL,485754430695749A,AC,INT30,2022-05-05,1388.0,1,-30.02278240040331,485754430695749A,HG8546M,V3R017C10S125
1241,2026-02-21,NO NAVEGA. LEDS PARPADEANDO/NO AMARRA,INTERNET FIBRA 75MB,LOS ROJO,nan,2026-02-22,1500039,ACTIVO,PERIODISMO,48575443B38C5B9A,AC,INT30,,,1,-25.819032833690272,48575443B38C5B9A,HG8546M,V3R017C10S125
44015,2026-02-21,NO NAVEGA. LEDS PARPADEANDO/NO AMARRA,BASICO TV + INTERNET FIBRA 60MB,nan,"ER, SE MANDA CONFIRMAR",2026-02-23,1501409,ACTIVO,MADERO,XPONDD4C3E4A,AC,BASINT20,2024-10-02,507.0,2,-22.979143939393868,58504F4EDD4C3E4A,MN-CATV2,V1.7.1
27422,2026-02-21,NO NAVEGA. LEDS PARPADEANDO/NO AMARRA,BASICO TV + INTERNET FIBRA 60MB,FUERA DE LINEA,nan,2026-02-22,1500039,ACTIVO,PEDREGAL,4857544351A0B39A,AC,BASINT20,2016-09-08,3453.0,1,-25.43241301059006,4857544351A0B39A,HG8546M,V3R017C10S125
18227,2026-02-21,NO NAVEGA. LEDS PARPADEANDO/NO AMARRA,BASICO TV + INTERNET FIBRA 250MB ($399),SIN SEÑAL,"ER, SE MANDA CONFIRMAR",2026-02-24,1500047,ACTIVO,PRADOS VERDES,HWTC50026DE6,AC,BASINTF250,,,3,-19.91734686064316,4857544350026DE6,CNA-ONU-2GE2WXCA,V1.7.1
335998,2026-02-21,NO NAVEGA. LEDS FIJOS/RUIDO,BASICO TV + INTERNET FIBRA 250MB ($399),LEDS PARPADEANDO,nan,2026-02-22,1500039,ACTIVO,PEDREGAL,HWTCAFAB47FB,AC,BASINTF250,,,1,-19.0910262228946,48575443AFAB47FB,CNA-ONU-4GE2WXCA,V1.7.1
32546,2026-02-22,CAMBIO DE ACOMETIDA,INTERNET FIBRA 45MB (NO VIGENTE),TIT ENTERADO DE CAMBIO DE ACOMETIDA SIN COSTO SOLICITA TEC DANIEL G,nan,2026-02-24,1500047,ACTIVO,PRADOS VERDES,XPONDD4C778A,AC,INT10,2017-04-11,3239.0,2,-28.627718223583408,58504F4EDD4C778A,MN-CATV2,V1.7.1
41446,2026-02-22,NO NAVEGA. LEDS FIJOS/RUIDO,BASICO TV + INTERNET FIBRA 60MB,INTERMITENTE,"ER, SE MANDA CONFIRMAR",2026-02-24,1500047,ACTIVO,PUNHUATO,XPONDD33A1A4,AC,BASINT20,2022-08-09,1293.0,2,-24.633986451942775,58504F4EDD33A1A4,SMT-213xR,Xpon
828,2026-02-22,NO NAVEGA. LEDS PARPADEANDO/NO AMARRA,BASICO TV + INTERNET FIBRA 250MB ($399),AMBOS SERVICIOS,"ER, FUERA DE LINEA",2026-02-24,1500285,ACTIVO,VIRREY,XPON2E1B63DF,AC,BASINTF250,,,2,-28.27747276688453,58504F4E2E1B63DF,WK-3802AWC,V3.2.14
38798,2026-02-22,NO NAVEGA. LEDS PARPADEANDO/NO AMARRA,INTERNET FIBRA 60MB,PON PARPADEA,"ER, SE MANDA CONFIRMAR",2026-02-26,1500039,ACTIVO,PEDREGAL,XPONDD5CB9C6,AC,INT20,2021-09-07,1629.0,4,-27.730075642965087,58504F4EDD5CB9C6,MN-WIFI2,V1.7.1
42052,2026-02-22,NO NAVEGA. LEDS FIJOS/RUIDO,BASICO TV + INTERNET FIBRA 75MB,SEÑAL INTERMITENTE,nan,2026-02-24,1500285,ACTIVO,VIRREY,XPONDD314538,AC,BASINT30,2022-08-12,1290.0,2,-22.07017113095227,58504F4EDD314538,MN-CATV2,V1.7.1
46334,2026-02-22,NO NAVEGA. LEDS FIJOS/RUIDO,INTERNET FIBRA 120MB,SEÑAL INTERMITENTE,nan,2026-02-24,1500047,ACTIVO,MADERO,XPONDD41EE13,AC,INT50,2026-08-01,-160.0,2,-25.504251262626248,58504F4EDD41EE13,MN-WIFI2,V1.7.1
36609,2026-02-22,NO NAVEGA. LEDS FIJOS/RUIDO,BASICO TV + INTERNET FIBRA 250MB ($399),PIDE VISITA POR FALLAS CONSTANTES,nan,2026-02-24,1500039,ACTIVO,PERIODISMO,CDTCAFA3BBE2,AC,BASINTF250,,,2,-23.104232690935202,43445443AFA3BBE2,FD712GD-R850,V1.7.1
32228,2026-02-23,NO NAVEGA. LEDS PARPADEANDO/NO AMARRA,INTERNET FIBRA 75MB,LOS ROJO,JV SE ATENDIO CON EL TECNICO,2026-02-26,1501451,ACTIVO,VIRREY,48575443A5458A9B,AC,INT30,2017-03-10,3272.0,3,-28.428775297618955,48575443A5458A9B,HG8546M,V5R019C00S050
40980,2026-02-23,NO NAVEGA. LEDS PARPADEANDO/NO AMARRA,INTERNET FIBRA 75MB,FUERA DE LINEA,nan,2026-02-24,1500285,ACTIVO,VIRREY,48575443B6C5BCA9,AC,INT30,,,1,-25.874869047619118,48575443B6C5BCA9,HG8546M,V3R017C10S125
45083,2026-02-23,NO NAVEGA. LEDS FIJOS/RUIDO,INTERNET FIBRA 120MB,DEMACIADA INTERFERENCIAS,nan,2026-02-24,1500047,ACTIVO,MADERO,XPON1D968D47,AC,INT50,,,1,-26.501227272727363,58504F4E1D968D47,HG102A,V1.7.1
21253,2026-02-23,NO NAVEGA. LEDS PARPADEANDO/NO AMARRA,INTERNET FIBRA 60MB,LOS ROJO,nan,2026-02-25,1500047,ACTIVO,PRADOS VERDES,XPONDD41F603,AC,INT20,2024-10-05,506.0,2,-24.08557554874937,58504F4EDD41F603,MN-WIFI2,V1.7.1
334937,2026-02-23,NO NAVEGA. LEDS PARPADEANDO/NO AMARRA,BASICO TV + INTERNET FIBRA 75MB,LOS ROJO AMBOS SERVICIOS,nan,2026-02-24,1500047,ACTIVO,PRADOS VERDES,XPONDD2BDADE,AC,BASINT30,2014-11-03,4130.0,1,-24.931929555895874,58504F4EDD2BDADE,BT-213XR,V1.2.16SP
344318,2026-02-23,NO NAVEGA. LEDS PARPADEANDO/NO AMARRA,BASICO TV + INTERNET FIBRA 250MB ($399),LOS ROJO SIN SEÑAL EN AMBOS SERVICIOS,nan,2026-02-24,1500047,ACTIVO,MADERO,HWTCAFAB418F,AC,BASINTF250,,,1,-28.90867731048805,48575443AFAB418F,CNA-ONU-4GE2WXCA,V1.7.1
2821,2026-02-23,NO NAVEGA. LEDS PARPADEANDO/NO AMARRA,INTERNET FIBRA 75MB,LOS ROJO,nan,2026-02-24,1500039,ACTIVO,PEDREGAL,485754430695749A,AC,INT30,2022-05-05,1390.0,1,-30.02278240040331,485754430695749A,HG8546M,V3R017C10S125
346700,2026-02-23,NO NAVEGA. LEDS FIJOS/RUIDO,INTERNET FIBRA 60MB,SIN SEÑAL,nan,2026-02-24,1500039,ACTIVO,PEDREGAL,XPONDD4C53FA,AC,INT20,2016-08-01,3493.0,1,-34.23364725163885,58504F4EDD4C53FA,MN-WIFI2,V1.7.1
44014,2026-02-23,NO NAVEGA. LEDS PARPADEANDO/NO AMARRA,INTERNET FIBRA 120MB,LOS ROJO,nan,2026-02-24,1500285,ACTIVO,VIRREY,OPTI3387876D,AC,INT50,,,1,-26.189566964285913,4F5054493387876D,IGD,0
346613,2026-02-23,NO NAVEGA. LEDS PARPADEANDO/NO AMARRA,BASICO TV + INTERNET FIBRA 250MB ($399),LOS ROJO,nan,2026-02-26,1500039,ACTIVO,PEDREGAL,XPONDD7EAA7E,AC,BASINTF250,,,3,-25.241906202723065,58504F4EDD7EAA7E,MN-CATVDUALM,V1R007C00S001
45498,2026-02-23,NO NAVEGA. LEDS PARPADEANDO/NO AMARRA,INTERNET FIBRA 75MB,LOS ROJO,"ER, NIVEL BAJO MENOS 29.20",2026-02-25,1500503,ACTIVO,SANTIAGUITO,HWTCAFAA0809,AC,INT30,2025-06-08,260.0,2,-28.55745839636921,48575443AFAA0809,CNA-ONU-4GE2WX,V1.7.1
666,2026-02-24,NO NAVEGA. LEDS PARPADEANDO/NO AMARRA,BASICO TV + INTERNET FIBRA 250MB ($399),LOS ROJO SIN SEÑAL EN AMBOS SERVICIOS,nan,2026-02-24,1500285,ACTIVO,VIRREY,XPONDD7E9B46,AC,BASINTF250,,,0,-23.35028273809534,48575443A5458A9B,HG8546M,V5R019C00S050
40186,2026-02-24,NO NAVEGA. LEDS PARPADEANDO/NO AMARRA,INTERNET FIBRA 75MB,nan,nan,2026-02-27,1500285,ACTIVO,VISTA BELLA,485754434E34A78B,AC,INT30,2022-05-02,1394.0,3,-25.588203479576578,58504F4EDD41F1CB,MN-WIFI2,V1.7.1
343799,2026-02-24,NO NAVEGA. LEDS PARPADEANDO/NO AMARRA,BASICO TV + INTERNET FIBRA 60MB,CLIENTE COMENTA QUE NO CUENTA CON NINGUN SERVICIO,JV SE ATENDIO CON EL TECNICO,2026-02-26,1501451,ACTIVO,VIRREY,XPONDD300E06,AC,BASINT20,,,2,-29.20200595238083,58504F4EDD300E06,BT-213XR,V1.7.1
43343,2026-02-24,NO NAVEGA. LEDS PARPADEANDO/NO AMARRA,INTERNET FIBRA 75MB,nan,JV SE ATENDIO CON EL TECNICO,2026-02-27,1501451,ACTIVO,VIRREY,HWTC50025946,AC,INT30,2023-05-09,1022.0,3,-25.418508928571498,4857544350025946,CNA-ONU-2GE2WXCA,V1.7.1
45647,2026-02-24,NO NAVEGA. LEDS PARPADEANDO/NO AMARRA,BASICO TV + INTERNET FIBRA 250MB ($399),"PIDE VISITA, INTERMITENCIAS NO TIENE LA VELOCIDAD CONTRATADA",nan,2026-02-24,1500039,ACTIVO,PEDREGAL,HWTCAF3AF2DA,AC,BASINTF250,2025-12-09,77.0,0,-23.518077407967752,48575443AF3AF2DA,CNA-ONU-4GE2WXCA,V1.7.1
46156,2026-02-24,NO NAVEGA. LEDS PARPADEANDO/NO AMARRA,BASICO TV + INTERNET FIBRA 250MB ($399),LOS ROJO SIN SEÑAL EN AMBOS SERVICIOS,nan,2026-02-24,1500039,ACTIVO,PEDREGAL,HWTCAFAB35CB,AC,BASINTF250,,,0,-25.214340645486605,48575443AFAB35CB,CNA-ONU-4GE2WXCA,V1.7.1
43751,2026-02-24,NO NAVEGA. LEDS FIJOS/RUIDO,INTERNET FIBRA 60MB,PIDE VISITA POR FALLAS CONSTANTES,nan,2026-02-25,1500047,ACTIVO,PRADOS VERDES,OPTI37B062A5,AC,INT20,2024-10-01,511.0,1,-28.771116641143415,4F50544937B062A5,MONUV142,0
31368,2026-02-24,NO NAVEGA. LEDS PARPADEANDO/NO AMARRA,INTERNET FIBRA 60MB,FOCO ROJO,nan,2026-02-26,1500039,ACTIVO,PEDREGAL,XPONDD3FCC0F,AC,INT20,,,2,-26.743538830055524,58504F4EDD3FCC0F,MN-WIFI2,V1.7.1
42716,2026-02-24,NO NAVEGA. LEDS PARPADEANDO/NO AMARRA,INTERNET FIBRA 120MB,FOCO ROJO,nan,2026-02-27,1500039,ACTIVO,PERIODISMO,XPONDD5305AC,AC,INT50,,,3,-21.911780870806545,58504F4EDD5305AC,MN-WIFI2,V1.7.1
37723,2026-02-24,NO NAVEGA. LEDS FIJOS/RUIDO,BASICO TV + INTERNET FIBRA 75MB,nan,nan,2026-02-25,1500047,ACTIVO,PRADOS VERDES,OEMT3C1D24DC,AC,BASINT30,,,1,-27.609891578416423,4F454D543C1D24DC,DTXU-1GE+1FE+RFW,V6.2.25.RP
45402,2026-02-24,CAMBIO DE ACOMETIDA,INTERNET FIBRA 60MB,CLIENTE ENTERADO CAMBIO DE ACOMETIDA DAVID E,nan,2026-02-24,1500039,ACTIVO,PEDREGAL,XPONDD5FF3D4,AC,INT20,,,0,-26.853493589743586,58504F4EDD5FF3D4,MN-WIFI2,V1R007C00S001
333710,2026-02-24,NO NAVEGA. LEDS PARPADEANDO/NO AMARRA,3PLAY 5GB,SIN SEÑAL AMBOS SERVICIOS,JV SE ATENDIO CON EL TECNICO,2026-02-26,1501451,ACTIVO,VIRREY,XPONDD2BE5F8,nan,nan,,,2,-29.755127976190643,58504F4EDD2FB94A,BT-213XR,V1.2.16SP
37786,2026-02-24,EQUIPO DA?ADO,INTERNET FIBRA 75MB,CAMBIO SIN COSTO TIT ENTERADA,nan,2026-02-24,1500285,ACTIVO,VIRREY,485754432B0B6051,AC,INT30,2021-05-03,1758.0,0,-24.651953869047613,58504F4EDD5CA82E,MN-WIFI2,V1.7.1
346700,2026-02-24,CAMBIO DE ACOMETIDA,INTERNET FIBRA 60MB,CLIENTE ENTERADO SIN COSTO PIDE DAVID,nan,2026-02-24,1500039,ACTIVO,PEDREGAL,XPONDD4C53FA,AC,INT20,2016-08-01,3494.0,0,-34.23364725163885,58504F4EDD4C53FA,MN-WIFI2,V1.7.1
44104,2026-02-24,NO NAVEGA. LEDS PARPADEANDO/NO AMARRA,INTERNET FIBRA 60MB,nan,nan,2026-02-26,1500047,ACTIVO,MADERO,XPONDD4C5362,AC,INT20,2024-06-03,631.0,2,-26.96482196969702,58504F4EDD4C5362,MN-WIFI2,V1.7.1
44410,2026-02-24,NO NAVEGA. LEDS PARPADEANDO/NO AMARRA,INTERNET FIBRA 150MB,LOS ROJO,nan,2026-02-26,1500039,ACTIVO,PERIODISMO,nan,AC,INT100,2024-02-07,748.0,2,-27.768806209850045,36304432DD42BA13,MN-CATVDUAL,V1R007C00S001
343435,2026-02-24,NO NAVEGA. LEDS PARPADEANDO/NO AMARRA,BASICO TV + INTERNET FIBRA 120MB,LOS ROJO,nan,2026-02-26,1500039,ACTIVO,PERIODISMO,XPONDD3FBB2F,AC,BASINT50,2023-05-08,1023.0,2,-29.586607780157106,58504F4EDD3FBB2F,MN-CATV2,V1.7.1
43275,2026-02-24,NO NAVEGA. LEDS FIJOS/RUIDO,BASICO TV + INTERNET FIBRA 250MB ($399),nan,nan,2026-02-25,1500374,ACTIVO,BELO,XPONDD439C1B,AC,BASINTF250,,,1,-22.674154984423676,48575443AF8FE9B1,MONUV411,V2.4.12
43275,2026-02-24,NO NAVEGA. LEDS FIJOS/RUIDO,BASICO TV + INTERNET FIBRA 250MB ($399),nan,nan,2026-02-25,1500374,ACTIVO,BELO,XPONDD439C1B,AC,BASINTF250,,,1,-22.674154984423676,48575443AF8FE9B1,MONUV411,V2.4.12
41848,2026-02-24,NO NAVEGA. LEDS PARPADEANDO/NO AMARRA,BASICO TV + INTERNET FIBRA 60MB,LOS ROJO,nan,2026-02-25,1500374,ACTIVO,VIRREY,XPONDD353882,AC,BASINT20,,,1,-31.373650297618976,58504F4EDD591130,MN-CATV2,V1.7.1
43575,2026-02-24,NO NAVEGA. LEDS FIJOS/RUIDO,INTERNET FIBRA 60MB,nan,nan,2026-02-25,1500374,ACTIVO,VIRREY,OPTI3387CF6D,AC,INT20,,,1,-20.296547619047647,4F5054493387CF6D,IGD,0
345457,2026-02-24,NO NAVEGA. LEDS PARPADEANDO/NO AMARRA,BASICO TV + INTERNET FIBRA 250MB ($399),AMBOS SERVICIOS,nan,2026-02-26,1500039,ACTIVO,PEDREGAL,HWTCAF3AC8F2,AC,BASINTF250,,,2,-21.38117120524458,48575443AF3AC8F2,CNA-ONU-4GE2WXCA,V1.7.1
37126,2026-02-24,NO NAVEGA. LEDS PARPADEANDO/NO AMARRA,INTERNET FIBRA 60MB,LOS ROJO,nan,2026-02-25,1500374,ACTIVO,VIRREY,4857544348B57093,AC,INT20,,,1,-26.46057291666683,4857544348B57093,HG8546M,V5R019C00S050
37550,2026-02-24,NO NAVEGA. LEDS PARPADEANDO/NO AMARRA,INTERNET FIBRA 75MB,LOS ROJO,nan,2026-02-25,1500374,ACTIVO,VIRREY,XPONDD3FCA67,AC,INT30,,,1,-23.96474107142867,58504F4EDD3FCA67,MN-WIFI2,V1.7.1
37965,2026-02-25,NO NAVEGA. LEDS PARPADEANDO/NO AMARRA,INTERNET FIBRA 120MB,LOS ROJO,JV SE ATENDIO CON EL TECNICO,2026-02-26,1501451,ACTIVO,VIRREY,XPONDD42BC83,AC,INT50,,,1,-23.90883482142874,58504F4EDD42BC83,MN-WIFIDUAL,V1R007C00S001
4300,2026-02-25,NO NAVEGA. LEDS PARPADEANDO/NO AMARRA,BASICO TV + INTERNET FIBRA 60MB,SE VA LA SEÑAL CONSTANTEMENTE,nan,2026-02-27,1500039,ACTIVO,PEDREGAL,XPONDD2C0116,AC,BASINT20,,,2,-19.552781139687355,58504F4EDD2C0116,BT-213XR,V1.2.16SP
345116,2026-02-25,NO NAVEGA. LEDS PARPADEANDO/NO AMARRA,BASICO TV + INTERNET FIBRA 60MB,CABLE REVENTADO,nan,2026-02-26,1500285,ACTIVO,BELO,XPONDD39529C,AC,BASINT20,2014-01-07,4432.0,1,-20.3793574766355,58504F4EDD39529C,MN-CATV2,V1.7.1
28226,2026-02-25,NO NAVEGA. LEDS PARPADEANDO/NO AMARRA,BASICO TV + INTERNET FIBRA 250MB ($399),LOS ROJO,nan,2026-02-27,1500039,ACTIVO,PERIODISMO,HWTCAF9132A9,AC,BASINTF250,,,2,-28.973256602426797,48575443AF9132A9,MONUV411,V2.4.12
33569,2026-02-25,NO NAVEGA. LEDS FIJOS/RUIDO,INTERNET NAVEGA (NO VIGENTE),PIDE VISITA POR FALLAS CONTANTES,nan,2026-02-26,1500047,ACTIVO,MADERO,E091F5DF5878,AC,IESE,,,1,,nan,nan,nan
44676,2026-02-25,NO NAVEGA. LEDS FIJOS/RUIDO,INTERNET FIBRA 60MB,FUERA DE LINEA,nan,2026-02-27,1500039,ACTIVO,PEDREGAL,XPONDD531924,AC,INT20,2024-02-10,746.0,2,-34.082975289964544,58504F4EDD531924,MN-WIFI2,V1.7.1
36454,2026-02-25,NO NAVEGA. LEDS PARPADEANDO/NO AMARRA,BASICO TV + INTERNET FIBRA 60MB,LOS ROJO,nan,2026-02-26,1500047,ACTIVO,MADERO,XPONDD438183,AC,BASINT20,,,1,-40.0,58504F4EDD438183,MN-CATV2,V1.7.1
2029,2026-02-25,NO NAVEGA. LEDS PARPADEANDO/NO AMARRA,BASICO TV + INTERNET FIBRA 120MB,NIVEL BAJO,nan,2026-03-02,1500374,ACTIVO,VIRREY,HWTCAF91329D,AC,BASINT50,2014-04-02,4347.0,5,-27.5635119047618,48575443AF91329D,MONUV411,V2.4.12
29778,2026-02-25,NO NAVEGA. LEDS PARPADEANDO/NO AMARRA,BASICO TV + INTERNET FIBRA 45MB (NO VIGENTE),LOS ROJO SIN SEÑAL EN AMBOS SERVICIOS,nan,2026-02-27,1500039,ACTIVO,PEDREGAL,XPONDD4C7302,AC,BASINT10,2017-02-01,3311.0,2,-27.374136409480617,58504F4EDD4C7302,MN-CATV2,V1.7.1
37550,2026-02-25,CAMBIO DE ACOMETIDA,INTERNET FIBRA 75MB,TEC SOLICITA,nan,2026-02-25,5555555,ACTIVO,VIRREY,XPONDD3FCA67,AC,INT30,,,0,-23.96474107142867,58504F4EDD3FCA67,MN-WIFI2,V1.7.1
6428,2026-02-25,NO NAVEGA. LEDS PARPADEANDO/NO AMARRA,BASICO TV + INTERNET FIBRA 250MB ($399),Y EL EQUIPO TIENE NIVEL BAJO OCUPA QUE LO MEJOREN,nan,2026-03-02,1500374,ACTIVO,VIRREY,XPONDD91A0BE,AC,BASINTF250,,,5,-29.652463312368923,58504F4EDD91A0BE,MN-CATVDUALM,V1R007C00S001
45498,2026-02-25,EQUIPO DA?ADO,INTERNET FIBRA 75MB,CAMBIO DE EQUIPO SIN COSTO TIT ENETARADA,nan,2026-02-25,1500503,ACTIVO,SANTIAGUITO,HWTCAFAA0809,AC,INT30,2025-06-08,262.0,0,-28.55745839636921,48575443AFAA0809,CNA-ONU-4GE2WX,V1.7.1
46528,2026-02-25,NO NAVEGA. LEDS PARPADEANDO/NO AMARRA,BASICO TV + INTERNET FIBRA 250MB ($399),LOS ROJO,nan,2026-02-27,1500039,ACTIVO,PERIODISMO,HWTCAF3AB2F6,AC,BASINTF250,,,2,-30.95079268292683,48575443AF3AB2F6,CNA-ONU-4GE2WXCA,V1.7.1
44410,2026-02-25,CAMBIO DE ACOMETIDA,INTERNET FIBRA 150MB,"CLIENTE ENTERADO SIN  COSTO, PIDE DAVID",nan,2026-02-26,1500039,ACTIVO,PERIODISMO,nan,AC,INT100,2024-02-07,749.0,1,-27.768806209850045,36304432DD42BA13,MN-CATVDUAL,V1R007C00S001
46546,2026-02-25,NO NAVEGA. LEDS PARPADEANDO/NO AMARRA,BASICO TV + INTERNET FIBRA 250MB ($399),SIN SEÑAL EN AMBOS SERVICIOS,nan,2026-02-27,1500039,ACTIVO,PEDREGAL,HWTCAF8FD685,AC,BASINTF250,,,2,-24.60329166666667,48575443AF8FD685,MONUV411,V2.4.12
3582,2026-02-25,NO NAVEGA. LEDS PARPADEANDO/NO AMARRA,BASICO TV + INTERNET FIBRA 250MB ($399),FUERA DE LINEA REQUIERE VISITA TECNICA,nan,2026-02-26,1500285,ACTIVO,VIRREY,XPONDD2908A0,AC,BASINTF250,2014-11-03,4132.0,1,-25.017172619047678,58504F4EDD2908A0,BT-213XR,V1.2.11
20642,2026-02-25,NO NAVEGA. LEDS PARPADEANDO/NO AMARRA,BASICO TV + INTERNET FIBRA 60MB,LOS ROJO,nan,2026-02-27,1500039,ACTIVO,PEDREGAL,48352E11A5AC,AC,BASINT20,2015-09-12,3819.0,2,-23.490893847705536,444437322E11A5AC,WK-3801,V3.0.4
40093,2026-02-25,NO NAVEGA. LEDS PARPADEANDO/NO AMARRA,BASICO TV + INTERNET FIBRA 60MB,SIN SEÑAL,nan,2026-02-26,1500047,ACTIVO,PRADOS VERDES,XPONDD29BF80,AC,BASINT20,,,1,-25.23442763489664,58504F4EDD29BF80,BT-211XR,V1.2.11
45343,2026-02-25,NO NAVEGA. LEDS PARPADEANDO/NO AMARRA,BASICO TV + INTERNET FIBRA 250MB ($399),COMENTA TECNICO QUE LA ACOMETIDA ESTABA DAÑDA. SE SOLUCIONO EL DETALLE.,nan,2026-02-28,1500046,ACTIVO,PERIODISMO,HWTC1DD89CD8,AC,BASINTF250,2025-10-06,142.0,3,-28.748088865096545,48575443AF91329D,MONUV411,V2.4.12
33716,2026-02-25,NO NAVEGA. LEDS PARPADEANDO/NO AMARRA,INTERNET NAVEGA (NO VIGENTE),LOS ROJO,nan,2026-02-27,1500039,ACTIVO,PERIODISMO,C43DC76BD5E2,AC,IESE,,,2,,58504F4EDD4C7302,MN-CATV2,V1.7.1
45809,2026-02-25,NO NAVEGA. LEDS PARPADEANDO/NO AMARRA,BASICO TV + INTERNET FIBRA 250MB ($399),LOS ROJO,nan,2026-02-27,1500039,ACTIVO,PEDREGAL,HWTCAF3AAE0A,AC,BASINTF250,2025-09-10,168.0,2,-24.48316187594545,48575443AF3AAE0A,CNA-ONU-4GE2WXCA,V1.7.1
45200,2026-02-26,NO NAVEGA. LEDS FIJOS/RUIDO,INTERNET FIBRA 120MB,LOS ROJO,nan,2026-02-26,1500047,ACTIVO,MADERO,HWTC1DD87590,AC,INT50,2025-08-04,206.0,0,-19.6482941919192,485754431DD87590,CNA-ONU-4GE2WX,V1.7.1
22726,2026-02-26,NO NAVEGA. LEDS PARPADEANDO/NO AMARRA,INTERNET NAVEGA (NO VIGENTE),LEODS  DOWNS PARPADEA NO NAVEGA,nan,2026-02-27,5555555,ACTIVO,PERIODISMO,204E7F09583C,AC,IESE,,,1,,48575443AFAA0809,CNA-ONU-4GE2WX,V1.7.1
46088,2026-02-26,NO NAVEGA. LEDS PARPADEANDO/NO AMARRA,BASICO TV + INTERNET FIBRA 250MB ($399),FUERA DE LINEA REQUIERE VISITA,nan,2026-02-27,1500039,ACTIVO,PEDREGAL,HWTCAF8FD691,AC,BASINTF250,,,1,-24.44399598393574,48575443AF8FD691,MONUV411,V2.4.12
45747,2026-02-26,NO NAVEGA. LEDS PARPADEANDO/NO AMARRA,BASICO TV + INTERNET FIBRA 250MB ($399),LOS ROJO AMBOS SERVICIO,"ER, FUERA DE LINEA",2026-02-27,1500503,ACTIVO,SANTIAGUITO,HWTCAF3ABFB6,AC,BASINTF250,2025-03-10,353.0,1,-27.01485123550188,48575443AF3ABFB6,CNA-ONU-4GE2WXCA,V1.7.1
8464,2026-02-26,NO NAVEGA. LEDS PARPADEANDO/NO AMARRA,INTERNET NAVEGA (NO VIGENTE),SOLO PWR ENCENDIDO,nan,2026-02-27,5555555,ACTIVO,PERIODISMO,C43DC76C1052,AC,IESE,,,1,,48575443AF8FD685,MONUV411,V2.4.12
345116,2026-02-26,CAMBIO DE ACOMETIDA,BASICO TV + INTERNET FIBRA 60MB,CLIENTE ENTERADO CAMBIO DE ACOMETIDA ULISES,nan,2026-02-26,1500285,ACTIVO,BELO,XPONDD39529C,AC,BASINT20,2014-01-07,4433.0,0,-20.3793574766355,58504F4EDD39529C,MN-CATV2,V1.7.1
22726,2026-02-26,NO NAVEGA. LEDS PARPADEANDO/NO AMARRA,INTERNET NAVEGA (NO VIGENTE),LOS FOCOS PARADEAN,nan,2026-02-27,5555555,ACTIVO,PERIODISMO,204E7F09583C,AC,IESE,,,1,,444437322E11A5AC,WK-3801,V3.0.4
37933,2026-02-26,NO NAVEGA. LEDS FIJOS/RUIDO,BASICO TV + INTERNET FIBRA 60MB,nan,nan,2026-02-27,1500047,ACTIVO,PRADOS VERDES,XPONDD33A15C,AC,BASINT20,2021-11-03,1576.0,1,-17.385109749872406,58504F4EDD33A15C,SMT-213xR,Xpon
14235,2026-02-26,NO NAVEGA. LEDS FIJOS/RUIDO,INTERNET EXTREME (NO VIGENTE),nan,nan,2026-02-27,5555555,ACTIVO,PERIODISMO,204E7F09522E,AC,IESEP,,,1,,485754431DD89CD8,CNA-ONU-4GE2WXCA,V1.7.1
36608,2026-02-26,NO NAVEGA. LEDS PARPADEANDO/NO AMARRA,BASICO TV + INTERNET FIBRA 120MB,FOCO ROJO,nan,2026-02-27,1501143,ACTIVO,VIRREY,XPONDD291B20,AC,BASINT50,2020-11-06,1938.0,1,-20.940008928571444,58504F4EDD291B20,BT-213XR,V1.2.11
45209,2026-02-26,NO NAVEGA. LEDS PARPADEANDO/NO AMARRA,BASICO TV + INTERNET FIBRA 250MB ($399),REQUIERE VISITA,nan,2026-02-27,1500039,ACTIVO,PEDREGAL,HWTC1DD89300,AC,BASINTF250,2025-12-04,84.0,1,-30.205334089762943,485754431DD89300,CNA-ONU-4GE2WXCA,V1.7.1
30224,2026-02-26,NO NAVEGA. LEDS PARPADEANDO/NO AMARRA,BASICO TELECABLE FIBRA,LOS ROJO,nan,2026-02-27,1500039,ACTIVO,PEDREGAL,nan,nan,nan,,,1,-23.127884518406436,485754431DD87590,CNA-ONU-4GE2WX,V1.7.1
30871,2026-02-26,NO NAVEGA. LEDS PARPADEANDO/NO AMARRA,INTERNET NAVEGA (NO VIGENTE),CABLE APAGADO,nan,2026-02-27,5555555,ACTIVO,PERIODISMO,C43DC763389C,AC,IESE,2017-06-04,3189.0,1,,nan,nan,nan
29694,2026-02-26,NO NAVEGA. LEDS PARPADEANDO/NO AMARRA,INTERNET FIBRA 75MB,LOS ROJO,nan,2026-02-27,1500047,ACTIVO,MADERO,4857544319758F9B,AC,INT30,,,1,-23.599809343434305,4857544319758F9B,HG8546M,V5R019C00S050
45809,2026-02-26,CAMBIO DE ACOMETIDA,BASICO TV + INTERNET FIBRA 250MB ($399),TIT ACEPTA CAMBIO DE ACOMETIDA SIN COSTO TEC DAVID E,nan,2026-02-27,1500039,ACTIVO,PEDREGAL,HWTCAF3AAE0A,AC,BASINTF250,2025-09-10,169.0,1,-24.48316187594545,48575443AF3AAE0A,CNA-ONU-4GE2WXCA,V1.7.1
36454,2026-02-26,CAMBIO DE ACOMETIDA,BASICO TV + INTERNET FIBRA 60MB,TIT ACEPTA CAMBIO DE ACOMETIDA SIN COSTO TEC DANIEL G,nan,2026-02-26,1500047,ACTIVO,MADERO,XPONDD438183,AC,BASINT20,,,0,-40.0,58504F4EDD438183,MN-CATV2,V1.7.1
45873,2026-02-26,NO NAVEGA. LEDS PARPADEANDO/NO AMARRA,BASICO TV + INTERNET FIBRA 250MB ($399),LOS ROJO,nan,2026-02-27,1500039,ACTIVO,PEDREGAL,XPONDD7EAA36,AC,BASINTF250,,,1,-22.551255673222396,58504F4EDD7EAA36,MN-CATVDUALM,V1R007C00S001
22970,2026-02-26,NO NAVEGA. LEDS PARPADEANDO/NO AMARRA,INTERNET FIBRA 45MB (NO VIGENTE),LOS ROJO,nan,2026-02-27,1500047,ACTIVO,PRADOS VERDES,XPONDD530334,AC,INT10,2018-05-01,2858.0,1,-26.822380040837153,58504F4EDD4396A3,MN-CATV2,V1.7.1
46156,2026-02-27,NO NAVEGA. LEDS PARPADEANDO/NO AMARRA,BASICO TV + INTERNET FIBRA 250MB ($399),LOS ROJO,JE FUERA DE LINEA REQUIERE VISITA,2026-03-02,1500039,ACTIVO,PEDREGAL,HWTCAFAB35CB,AC,BASINTF250,,,3,-25.214340645486605,48575443AFAB35CB,SMT-213xR,Xpon
43343,2026-02-27,MODEM DAÑADO/PERDIDO (COBRO),INTERNET FIBRA 75MB,TEC SOLICITA OS TIT DE ACUERDO CON EL COSTO,nan,2026-02-27,1501143,ACTIVO,VIRREY,HWTC50025946,AC,INT30,2023-05-09,1025.0,0,-25.418508928571498,4857544350025946,CNA-ONU-2GE2WXCA,V1.7.1
22970,2026-02-27,EQUIPO DA?ADO,INTERNET FIBRA 45MB (NO VIGENTE),TEC SOLICITA OS TIT ENTERADO Q NO TIENE COSTO,nan,2026-02-27,1500047,ACTIVO,PRADOS VERDES,XPONDD530334,AC,INT10,2018-05-01,2859.0,0,-26.822380040837153,58504F4EDD4396A3,MN-CATV2,V1.7.1
31012,2026-02-27,NO NAVEGA. LEDS PARPADEANDO/NO AMARRA,INTERNET FIBRA 60MB,LOS ROJO,JE FUERA DE LINEA REQUIERE VISITA,2026-03-02,1500047,ACTIVO,MADERO,XPON1DE00C12,AC,INT20,,,3,-30.884465408805028,58504F4E1DE00C12,HG102A,V3.2.18
41867,2026-02-27,NO NAVEGA. LEDS PARPADEANDO/NO AMARRA,BASICO TV + INTERNET FIBRA 75MB,LOS ROJO,JE FUERA DE LINEA REQUIERE VISITA,2026-03-02,1500039,ACTIVO,PEDREGAL,XPONDD37C3EC,AC,BASINT30,2022-04-11,1418.0,3,-20.491196419566297,58504F4EDD37C3EC,MN-CATV2,V1.7.1
45625,2026-02-27,NO NAVEGA. LEDS PARPADEANDO/NO AMARRA,INTERNET FIBRA 60MB,FOCO ROJO,JE FUERA DE LINEA REQUIERE VISITA,2026-03-03,1500039,ACTIVO,PERIODISMO,HWTCAF3ACE86,AC,INT20,2025-08-09,202.0,4,-22.418017487508926,48575443AF3ACE86,CNA-ONU-4GE2WXCA,V1.7.1
46084,2026-02-27,NO NAVEGA. LEDS PARPADEANDO/NO AMARRA,BASICO TV + INTERNET FIBRA 250MB ($399),FUERA DE LINEA,JV OFFLINE REQ VISITA,2026-03-03,1500374,ACTIVO,VIRREY,HWTCAFAB6A1B,AC,BASINTF250,2025-09-12,168.0,4,-27.0968913690477,48575443AFAB6A1B,CNA-ONU-4GE2WXCA,V1.7.1
43564,2026-02-27,NO NAVEGA. LEDS PARPADEANDO/NO AMARRA,INTERNET FIBRA 75MB,LOS ROJO,nan,2026-02-27,1500285,ACTIVO,VIRREY,48575443938D9C8B,AC,INT30,2023-06-10,993.0,0,-25.02143217347462,48575443938D9C8B,546M,V3R016C10S130
335825,2026-02-27,NO NAVEGA. LEDS PARPADEANDO/NO AMARRA,INTERNET FIBRA 120MB,MODEM NO PRENDE,JE REQUIERE VISITA PARA CHECAR EN DOMICILIO,2026-02-28,1501398,ACTIVO,PRADOS VERDES,485754433F98E8C5,AC,INT50,2022-01-09,1510.0,1,-21.426713884635028,485754433F98E8C5,HG8546M,V3R017C10S125
43911,2026-02-27,NO NAVEGA. LEDS PARPADEANDO/NO AMARRA,BASICO TV + INTERNET FIBRA 60MB,SIN SEÑAL AMBOS SERVICIOS,JV OFFLINE REQ VISITA,2026-03-02,1500374,ACTIVO,VIRREY,OPTI38BFC61D,AC,BASINT20,,,3,-22.87721874999998,4F50544938BFC61D,IGD,0
37819,2026-02-27,NO NAVEGA. LEDS PARPADEANDO/NO AMARRA,INTERNET FIBRA 60MB,LOS ROJO,JE FUERA DE LINEA REQUIERE VISITA,2026-03-03,1500047,ACTIVO,PUNHUATO,48575443D0221E5B,AC,INT20,,,4,-33.27289366053167,48575443D0221E5B,nan,nan
46389,2026-02-27,NO NAVEGA. LEDS PARPADEANDO/NO AMARRA,INTERNET FIBRA 60MB,LOS ROJO,JE MANDO A CC,2026-03-02,1500039,ACTIVO,PEDREGAL,HWTCAFA9F549,AC,INT20,,,3,-25.932454614220905,48575443AFA9F549,CNA-ONU-4GE2WX,V1.7.1
46103,2026-02-27,NO NAVEGA. LEDS PARPADEANDO/NO AMARRA,INTERNET FIBRA 60MB,LOS ROJO,JV OFFLINE REQ VISITA,2026-03-02,1500374,ACTIVO,VISTA BELLA,HWTCAFAB437B,AC,INT20,2025-10-12,138.0,3,-27.69524583963693,48575443AFAB437B,CNA-ONU-4GE2WXCA,V1.7.1
19510,2026-02-28,NO NAVEGA. LEDS PARPADEANDO/NO AMARRA,BASICO TV + INTERNET FIBRA 250MB ($399),LOS ROJO AMBOS SERVICIOS,JV OFFLINE REQ VISITA,2026-03-02,1500374,ACTIVO,VIRREY,HWTCAF8FD655,AC,BASINTF250,,,2,-35.41136363636363,48575443AF8FD655,MONUV411,V2.4.12
44777,2026-02-28,NO NAVEGA. LEDS FIJOS/RUIDO,INTERNET FIBRA 60MB,nan,NO NAVEGA NO TIENE ALCANCE MAS DE 3 MM DE DONDE TIENE EL MODEM,2026-03-02,1501177,ACTIVO,NINO ARTILLERO,XPONDD5309D4,AC,INT20,,,2,-19.18537821482593,58504F4EDD5309D4,MN-WIFI2,V1.7.1
31581,2026-02-28,NO NAVEGA. LEDS PARPADEANDO/NO AMARRA,BASICO TV + INTERNET FIBRA 60MB,LOS ROJO,JV OFFLINE REQ VISITA,2026-03-02,1500374,ACTIVO,VIRREY,XPONDD2C3376,AC,BASINT20,2017-04-07,3249.0,2,-29.23580059523831,58504F4EDD2C3376,BT-213XR,V1.2.16SP
32712,2026-02-28,NO NAVEGA. LEDS PARPADEANDO/NO AMARRA,INTERNET FIBRA 60MB,LOS ROJO,JE FUERA DE LINEA REQUIERE VISITA,2026-03-02,1500039,ACTIVO,PERIODISMO,485754432AD5999D,AC,INT20,,,2,-21.36581370449672,485754432AD5999D,546M,V3R016C10S130
20207,2026-02-28,NO NAVEGA. LEDS FIJOS/RUIDO,BASICO TV + INTERNET FIBRA 60MB,nan,JE FUERA DE LINEA REQUIERE VISITA,2026-03-02,1500047,ACTIVO,PRADOS VERDES,XPONDD3031FE,AC,BASINT20,2015-02-12,4034.0,2,-27.21842266462501,58504F4EDD3031FE,MN-CATV2,V1.7.1
30224,2026-02-28,NO NAVEGA. LEDS FIJOS/RUIDO,BASICO TELECABLE FIBRA,LOS ROJO,JE FUERA DE LINEA REQUIERE VISITA,2026-03-02,1500039,ACTIVO,PEDREGAL,nan,nan,nan,,,2,-23.127884518406436,48575443938D9C8B,546M,V3R016C10S130
40029,2026-02-28,NO NAVEGA. LEDS PARPADEANDO/NO AMARRA,INTERNET FIBRA 75MB,NIVEL BAJO REQUIERE VISITA,nan,2026-03-05,1500285,ACTIVO,BELO,4857544360D5708B,AC,INT30,,,5,-31.519296469366633,4857544360D5708B,546M,V3R016C10S130
343653,2026-02-28,NO NAVEGA. LEDS PARPADEANDO/NO AMARRA,BASICO TV + INTERNET FIBRA 60MB,LOS ROJO,"GT.NIVEL MENOS 29, REQUIERE VISITA",2026-03-02,1500374,ACTIVO,VIRREY,XPONDD303346,AC,BASINT20,,,2,-28.840360119047755,58504F4EDD303346,MN-CATV2,V1.7.1
345083,2026-02-28,NO NAVEGA. LEDS PARPADEANDO/NO AMARRA,INTERNET FIBRA 75MB,MODEM APAGADO,nan,2026-03-03,1500039,ACTIVO,PEDREGAL,48575443142AD2A9,AC,INT30,,,3,-25.048524962178508,48575443142AD2A9,HG8546M,V3R017C10S125
28253,2026-02-28,NO NAVEGA. LEDS PARPADEANDO/NO AMARRA,BASICO TV + INTERNET FIBRA 75MB,FOCO ROJO,nan,2026-03-04,1500039,ACTIVO,PEDREGAL,XPONDD291E10,AC,BASINT30,2016-01-11,3701.0,4,-28.409935703479576,58504F4EDD291E10,BT-213XR,V1.2.11
