CONTRATO,FECHA_PEDIDO,MOTIVO_PEDIDO,PAQUETE_x,DETALLE_PEDIDO1,DETALLE_PEDIDO2,FECHA_CUMPLIMIENTO,COD_TECNICO,ESTATUS_x,ZONA,MODEM(S)_x,ESTATUS_y,PAQUETE_y,FECHA_INSTALACION,MODEM(S)_y,DIAS_ANTIGUEDAD,DIAS_ATENCION,ont_id,rx_avg
899,2026-01-01,EQUIPO DA?ADO,BASICO TV + INTERNET FIBRA 75MB,TECNICO DANIEL GLZ SOLICITA SIN COSTO TIT ENTERADO,,2026-01-04,1500374,ACTIVO,VIRREY,XPONDD52E584,AC,BASINT30,2016-05-24,XPONDD52E584,3509.0,3,,
345361,2026-01-01,NO NAVEGA. LEDS PARPADEANDO/NO AMARRA,INTERNET FIBRA 60MB,LOS ROJO,JE FUERA DE LINEA REQUIERE VISITA,2026-01-03,1500039,ACTIVO,PERIODISMO,XPONDD45C22A,AC,INT20,2018-03-17,XPONDD45C22A,2847.0,2,345361,-28.25528985507236
15771,2026-01-01,NO NAVEGA. LEDS PARPADEANDO/NO AMARRA,BASICO TV + INTERNET FIBRA 45MB (NO VIGENTE),LOS ROJO AMBOS SERVICIOS,,2026-01-02,1500046,ACTIVO,PEDREGAL,XPONDD29AD80,AC,BASINT10,2015-06-06,XPONDD29AD80,3862.0,1,15771,-25.21748404012778
44296,2026-01-02,NO NAVEGA. LEDS PARPADEANDO/NO AMARRA,INTERNET FIBRA 60MB,LOS ROJO CONTINUA SE CUMPLIO LA ORDEN ANTERIOR,JE MANDO A CC,2026-01-02,1500046,ACTIVO,PEDREGAL,XPONDD45B84A,AC,INT20,2024-05-29,XPONDD45B84A,583.0,0,44296,-24.972209302325666
38764,2026-01-02,NO NAVEGA. LEDS PARPADEANDO/NO AMARRA,BASICO TV + INTERNET FIBRA 250MB ($399),LOS ROJO,JE MANDO A CC,2026-01-02,1500036,ACTIVO,PRADOS VERDES,HWTCAFAB5683,AC,BASINTF250,2025-12-19,HWTCAFAB5683,14.0,0,38764,-23.677432950191562
348203,2026-01-02,NO NAVEGA. LEDS PARPADEANDO/NO AMARRA,BASICO TV + INTERNET FIBRA 75MB,LOS ROJO,JE FUERA DE LINEA REQUIERE VISITA,2026-01-03,1500036,ACTIVO,MADERO,OEMT3C1D269C,AC,BASINT30,2015-12-03,OEMT3C1D269C,3683.0,1,348203,-23.036700913242015
39011,2026-01-02,NO NAVEGA. LEDS FIJOS/RUIDO,INTERNET FIBRA 60MB,CLIENTE COMENTA QUE TUMBARON EL POSTE Y NO LE HA REGRESADO LA SEÑAL FOCO ROJO,JE FUERA DE LINEA REQUIERE VISITA,2026-01-02,1500046,ACTIVO,PEDREGAL,485754436A85679A,AC,INT20,2021-08-20,485754436A85679A,1596.0,0,39011,-26.82769493844048
11165,2026-01-02,NO NAVEGA. LEDS PARPADEANDO/NO AMARRA,BASICO TV + INTERNET FIBRA 120MB,EDWIN Y BRAYAN,JE FUERA DE LINEA REQUIERE VISITA,2026-01-05,5555555,ACTIVO,MADERO,HWTCAF906535,AC,BASINT50,2014-10-13,HWTCAF906535,4099.0,3,11165,-21.512479452054794
44296,2026-01-02,CAMBIO DE ACOMETIDA,INTERNET FIBRA 60MB,TEC SOLICITA OS TIT ENTERADO QUE NO TIENE COSTO,,2026-01-02,1500046,ACTIVO,PEDREGAL,XPONDD45B84A,AC,INT20,2024-05-29,XPONDD45B84A,583.0,0,44296,-24.972209302325666
33279,2026-01-02,NO NAVEGA. LEDS PARPADEANDO/NO AMARRA,BASICO TV + INTERNET FIBRA 60MB,LOS ROJO,JE FUERA DE LINEA REQUIERE VISITA,2026-01-02,1500036,ACTIVO,PRADOS VERDES,XPONDD37CCE4,AC,BASINT20,2018-01-27,XPONDD37CCE4,2897.0,0,33279,-21.250064655172388
17024,2026-01-02,CONFIGURAR WI-FI,BASICO TV + INTERNET FIBRA 250MB ($399),"CLIENTE COMENTA AL ESTAR EN UN VIDEO JUEGO AL CONECTARSE A LA RED LE APARECE UN NAP 3, PIDE LIBERAR PARA PODER JUGAR",EDWIN Y BRAYAN,2026-01-05,5555555,ACTIVO,MADERO,XPONDD919B5E,AC,BASINTF250,2017-09-28,XPONDD919B5E,3018.0,3,17024,-24.713844748858524
17024,2026-01-02,CONFIGURAR WI-FI,BASICO TV + INTERNET FIBRA 250MB ($399),"CLIENTE COMENTA AL ESTAR EN UN VIDEO JUEGO AL CONECTARSE A LA RED LE APARECE UN NAP 3, PIDE LIBERAR PARA PODER JUGAR",EDWIN Y BRAYAN,2026-01-05,5555555,ACTIVO,MADERO,XPONDD919B5E,AC,BASINTF250,2017-09-28,XPONDD919B5E,3018.0,3,17024,-24.713844748858524
39011,2026-01-02,CAMBIO DE ACOMETIDA,INTERNET FIBRA 60MB,TEC SOLICITA,,2026-01-02,1500046,ACTIVO,PEDREGAL,485754436A85679A,AC,INT20,2021-08-20,485754436A85679A,1596.0,0,39011,-26.82769493844048
28888,2026-01-02,CAMBIO DE ACOMETIDA,INTERNET FIBRA 45MB (NO VIGENTE),TEC SOLICITA OS TIT ENTERADO QUE NO TIENE COSTO,,2026-01-02,1500046,ACTIVO,PEDREGAL,48575443D01A625B,AC,INT10,2020-10-13,48575443D01A625B,1907.0,0,28888,-33.74108299133607
29778,2026-01-02,CAMBIO DE ACOMETIDA,BASICO TV + INTERNET FIBRA 45MB (NO VIGENTE),TEC SOLICITA OS TIT ENTERADO QUE NO TIENE COSTO,,2026-01-02,1500046,ACTIVO,PEDREGAL,XPONDD4C7302,AC,BASINT10,2017-01-02,XPONDD4C7302,3287.0,0,29778,-27.573972868216963
28343,2026-01-02,CAMBIO DE ACOMETIDA,INTERNET FIBRA 45MB (NO VIGENTE),TEC SOLICITA OS TIT ENTERADO QUE NO TIENE COSTO,,2026-01-02,1500046,ACTIVO,PEDREGAL,XPONDD5CA5B6,AC,INT10,2016-10-06,XPONDD5CA5B6,3375.0,0,28343,-37.079875740994105
17088,2026-01-02,NO NAVEGA. LEDS PARPADEANDO/NO AMARRA,BASICO TV + INTERNET FIBRA 45MB (NO VIGENTE),LOS ROJO,JE MANDO A CC,2026-01-02,1500046,ACTIVO,PEDREGAL,48352E11A560,AC,BASINT10,2015-08-13,48352E11A560,3795.0,0,17088,-27.055654354765082
22309,2026-01-02,NO NAVEGA. LEDS FIJOS/RUIDO,INTERNET FIBRA 60MB,,JE FUERA DE LINEA REQUIERE VISITA,2026-01-03,1501451,ACTIVO,PRADOS VERDES,48575443573A5771,AC,INT20,2016-01-15,48575443573A5771,3640.0,1,22309,-20.788735632183855
44449,2026-01-02,NO NAVEGA. LEDS FIJOS/RUIDO,INTERNET FIBRA 60MB,,JE MANDO A CC,2026-01-03,1501465,ACTIVO,PEDREGAL,485754436258316F,AC,INT20,2024-07-11,485754436258316F,540.0,1,44449,-24.796411308709608
16925,2026-01-02,CAMBIO DE ACOMETIDA,BASICO TV + INTERNET FIBRA 250MB ($399),CAMBIO DE ACOMENTIDA SIN COSTTO TIT ENTERADO PIDE JORGE,,2026-01-02,1500046,ACTIVO,PEDREGAL,XPONDD4C7AC2,AC,BASINTF250,2015-08-05,XPONDD4C7AC2,3803.0,0,16925,-23.92682854537167
34084,2026-01-02,NO NAVEGA. LEDS PARPADEANDO/NO AMARRA,INTERNET FIBRA 75MB,LOS ROJO,JE MANDO A CC,2026-01-03,1501451,ACTIVO,PERIODISMO,485754439A74C358,AC,INT30,2020-10-10,485754439A74C358,1910.0,1,34084,-24.563117191404274
42313,2026-01-02,NO NAVEGA. LEDS PARPADEANDO/NO AMARRA,INTERNET FIBRA 75MB,LOS ROJO,JE FUERA DE LINEA REQUIERE VISITA,2026-01-03,1501465,ACTIVO,PEDREGAL,4857544348AE0093,AC,INT30,2023-02-01,4857544348AE0093,1066.0,1,42313,-27.12011855905142
15771,2026-01-02,CAMBIO DE ACOMETIDA,BASICO TV + INTERNET FIBRA 45MB (NO VIGENTE),CAMBIO DE COMETIDA SIN COSTO,,2026-01-02,1500046,ACTIVO,PEDREGAL,XPONDD29AD80,AC,BASINT10,2015-06-06,XPONDD29AD80,3863.0,0,15771,-25.21748404012778
17088,2026-01-02,CAMBIO DE ACOMETIDA,BASICO TV + INTERNET FIBRA 45MB (NO VIGENTE),CAMBIO DE COMETIDA SIN COSTO,,2026-01-02,1500046,ACTIVO,PEDREGAL,48352E11A560,AC,BASINT10,2015-08-13,48352E11A560,3795.0,0,17088,-27.055654354765082
33279,2026-01-02,CAMBIO DE ACOMETIDA,BASICO TV + INTERNET FIBRA 60MB,CAMBIO DE COMETIDA SIN COSTO TIT ENTERADA,,2026-01-02,1500036,ACTIVO,PRADOS VERDES,XPONDD37CCE4,AC,BASINT20,2018-01-27,XPONDD37CCE4,2897.0,0,33279,-21.250064655172388
40407,2026-01-02,NO NAVEGA. LEDS PARPADEANDO/NO AMARRA,INTERNET FIBRA 75MB,LOS ROJO,"ER, SE MANDA CONFIRMAR",2026-01-03,1500503,ACTIVO,SANTIAGUITO,48575443A5ABEC9B,AC,INT30,2022-03-09,48575443A5ABEC9B,1395.0,1,40407,-25.895719334245438
32334,2026-01-02,NO NAVEGA. LEDS PARPADEANDO/NO AMARRA,BASICO TV + INTERNET FIBRA 75MB,,,2026-01-03,1500036,ACTIVO,PRADOS VERDES,XPONDD3FB5FF,AC,BASINT30,2017-10-04,XPONDD3FB5FF,3012.0,1,32334,-31.84725981800765
44575,2026-01-02,NO NAVEGA. LEDS PARPADEANDO/NO AMARRA,INTERNET FIBRA 75MB,LOS ROJO,,2026-01-07,1500374,ACTIVO,VISTA BELLA,OPTI41FCB3ED,AC,INT30,2024-08-29,OPTI41FCB3ED,491.0,5,44575,-29.24991792065705
45652,2026-01-02,NO NAVEGA. LEDS PARPADEANDO/NO AMARRA,BASICO TV + INTERNET FIBRA 250MB ($399),AMBOS SERVICIOS,"ER, FUERA DE LINEA",2026-01-04,1501177,ACTIVO,RICARDO FLORES MAGON,HWTCAF3AD64E,AC,BASINTF250,2025-09-09,HWTCAF3AD64E,115.0,2,45652,-21.519673962608294
46153,2026-01-03,NO NAVEGA. LEDS PARPADEANDO/NO AMARRA,INTERNET FIBRA 60MB,LOS ROJO,"ER, FUERA DE LINEA",2026-01-04,1501177,ACTIVO,RICARDO FLORES MAGON,HWTCAFAB4273,AC,INT20,2025-12-15,HWTCAFAB4273,19.0,1,46153,-22.470841313269506
40186,2026-01-03,NO NAVEGA. LEDS PARPADEANDO/NO AMARRA,INTERNET FIBRA 75MB,LOS ROJO,JV REQ VISITA,2026-01-06,1500374,ACTIVO,VISTA BELLA,485754434E34A78B,AC,INT30,2022-02-05,485754434E34A78B,1428.0,3,40186,-25.64383720930244
9230,2026-01-03,NO NAVEGA. LEDS PARPADEANDO/NO AMARRA,INTERNET FIBRA 75MB,LOS ROJO,JV OFFLINE REQ VISITA,2026-01-06,1500374,ACTIVO,BELO,OEMT3C1D2794,AC,INT30,2014-07-31,OEMT3C1D2794,4174.0,3,9230,-22.91213520291841
42313,2026-01-03,CAMBIO DE ACOMETIDA,INTERNET FIBRA 75MB,TEC SOLICITA,,2026-01-05,1500039,ACTIVO,PEDREGAL,4857544348AE0093,AC,INT30,2023-02-01,4857544348AE0093,1067.0,2,42313,-27.12011855905142
334426,2026-01-03,NO NAVEGA. LEDS PARPADEANDO/NO AMARRA,BASICO TV + INTERNET FIBRA 45MB (NO VIGENTE),,JV PENDIENTE CAMBIO A FIBRA,2026-01-07,1500374,ACTIVO,VIRREY,XPONDD3D8691,AC,BASINT10,2013-12-28,XPONDD3D8691,4389.0,4,334426,-22.02120722433455
22309,2026-01-03,EQUIPO DA?ADO,INTERNET FIBRA 60MB,SIN COSTO CLIENTE ENTERADO PIDE CARLOS,,2026-01-03,1500036,ACTIVO,PRADOS VERDES,48575443573A5771,AC,INT20,2016-01-15,48575443573A5771,3641.0,0,22309,-20.788735632183855
40222,2026-01-03,NO NAVEGA. LEDS PARPADEANDO/NO AMARRA,INTERNET FIBRA 75MB,LOS ROJO,JV OFFLINE REQ VISITA,2026-01-06,1500039,ACTIVO,PEDREGAL,48575443CA61A08B,AC,INT30,2022-01-31,48575443CA61A08B,1433.0,3,40222,-31.621662106703123
334937,2026-01-03,NO NAVEGA. LEDS PARPADEANDO/NO AMARRA,BASICO TV + INTERNET FIBRA 75MB,"LOS ROJO, EDWIN Y BRAYAN",JV OFFLINE REQ VISITA,2026-01-05,5555555,ACTIVO,PRADOS VERDES,XPONDD2BDADE,AC,BASINT30,2014-03-11,XPONDD2BDADE,4316.0,2,334937,-24.102848659003786
32366,2026-01-03,EQUIPO DA?ADO,BASICO TELECABLE FIBRA,TEC SOLICITA EQUIPO DE TV,,2026-01-03,1500039,BAJA,PERIODISMO,,,,,,,0,32366,-33.38203273363318
15629,2026-01-03,NO NAVEGA. LEDS PARPADEANDO/NO AMARRA,BASICO TV + INTERNET FIBRA 45MB (NO VIGENTE),MODEM APAGADO,GT.CAIDAS DE NIVEL,2026-01-05,1500039,ACTIVO,PEDREGAL,XPONDD52DA2C,AC,BASINT10,2015-06-01,XPONDD52DA2C,3869.0,2,15629,-28.453116735066075
45282,2026-01-03,NO NAVEGA. LEDS PARPADEANDO/NO AMARRA,INTERNET FIBRA 60MB,LOS ROJO,JV OFFLINE REQ VISITA,2026-01-05,1500374,CORTADO,VIRREY,HWTC1DD86B34,CO,INT20,2025-05-09,HWTC1DD86B34,239.0,2,45282,-38.68826306706114
41276,2026-01-03,NO NAVEGA. LEDS PARPADEANDO/NO AMARRA,BASICO TV + INTERNET FIBRA 60MB,"LOS ROJO, EDWIN Y BRAYAN",JV OFFLINE REQ VISITA,2026-01-05,5555555,ACTIVO,PUNHUATO,XPONDD32F9F6,AC,BASINT20,2022-08-01,XPONDD32F9F6,1251.0,2,41276,-26.878782489739912
10705,2026-01-03,NO NAVEGA. LEDS PARPADEANDO/NO AMARRA,INTERNET FIBRA 60MB,LOS ROJO,JO FUERA DE LINEA REQUIERE VISITA,2026-01-06,1500039,ACTIVO,PEDREGAL,XPONDD29A988,AC,INT20,2016-05-07,XPONDD29A988,3528.0,3,10705,-24.864781121751044
30088,2026-01-03,NO NAVEGA. LEDS FIJOS/RUIDO,INTERNET FIBRA 60MB,MUY INTERMITENTE,GT.OFFLINE,2026-01-05,1500039,ACTIVO,PEDREGAL,48575443A2FCE2A9,AC,INT20,2017-02-18,48575443A2FCE2A9,3241.0,2,30088,-22.283594391244936
345918,2026-01-03,NO NAVEGA. LEDS PARPADEANDO/NO AMARRA,BASICO TV + INTERNET FIBRA 75MB,"LOS ROJO, EDWIN Y BRAYAN",GT.OFFLINE,2026-01-05,5555555,ACTIVO,PRADOS VERDES,XPONDD3C2FF8,AC,BASINT30,2024-11-11,XPONDD3C2FF8,418.0,2,345918,-22.868727250957832
344366,2026-01-03,NO NAVEGA. LEDS FIJOS/RUIDO,BASICO TV + INTERNET FIBRA 250MB ($399),NO NAVEGA,JO SE MANDA CON CC,2026-01-05,1500374,ACTIVO,VIRREY,HWTCAFAB6ADB,AC,BASINTF250,2014-05-30,HWTCAFAB6ADB,4236.0,2,344366,-21.613150887573997
348172,2026-01-04,NO NAVEGA. LEDS PARPADEANDO/NO AMARRA,INTERNET FIBRA 75MB,"MODEM APAGADO, EEWIN Y BRAYAN",GT. CAIDA DE NIVEL Y DESCONEXIONES,2026-01-06,5555555,CORTADO,PRADOS VERDES,48575443CA85EF91,CO,INT30,2021-07-31,48575443CA85EF91,1618.0,2,348172,-33.43487188697319
10142,2026-01-04,NO NAVEGA. LEDS PARPADEANDO/NO AMARRA,INTERNET FIBRA 60MB,LOS ROJO,JO FUERA DE LINEA,2026-01-06,1500039,ACTIVO,PERIODISMO,OPTI37B0C91D,AC,INT20,2016-08-03,OPTI37B0C91D,3441.0,2,10142,-24.629857571214355
345346,2026-01-04,NO NAVEGA. LEDS PARPADEANDO/NO AMARRA,BASICO TV + INTERNET FIBRA 60MB,FOCO ROJO,JO FUERA DE LINEA,2026-01-05,1500039,ACTIVO,PERIODISMO,XPONDD2C39D6,AC,BASINT20,2015-02-18,XPONDD2C39D6,3973.0,1,345346,-33.58381309345277
30161,2026-01-04,NO NAVEGA. LEDS PARPADEANDO/NO AMARRA,INTERNET FIBRA 60MB,"FOCO ROJO, EDWIN Y BRAUYAN",JO SE MANDA CON CC,2026-01-05,5555555,ACTIVO,PRADOS VERDES,4857544361A2686F,AC,INT20,2021-10-20,4857544361A2686F,1537.0,1,30161,-27.274597701149517
45250,2026-01-04,NO NAVEGA. LEDS PARPADEANDO/NO AMARRA,BASICO TV + INTERNET FIBRA 120MB,"MODEM APAGADO, EDWIN Y BRAYAN",JO SE MANDA CON CC,2026-01-05,5555555,ACTIVO,PRADOS VERDES,HWTC1DD8933C,AC,BASINT50,2025-04-25,HWTC1DD8933C,254.0,1,45250,-18.702529932950196
38314,2026-01-05,NO NAVEGA. LEDS PARPADEANDO/NO AMARRA,BASICO TV + INTERNET FIBRA 60MB,LOS ROJO,JO FUERA DE LINEA,2026-01-06,1500039,ACTIVO,PEDREGAL,XPONDD4C731A,AC,BASINT20,2021-04-26,XPONDD4C731A,1715.0,1,38314,-29.281801185590574
41276,2026-01-05,CAMBIO DE ACOMETIDA,BASICO TV + INTERNET FIBRA 60MB,TEC SOLICITA,EDWIN Y BRAYAN,2026-01-05,5555555,ACTIVO,PUNHUATO,XPONDD32F9F6,AC,BASINT20,2022-08-01,XPONDD32F9F6,1253.0,0,41276,-26.878782489739912
30088,2026-01-05,EQUIPO DA?ADO,INTERNET FIBRA 60MB,TEC SOLICITA OS TIT ENTERADO QUE NO TIENE COSTO,,2026-01-05,1500039,ACTIVO,PEDREGAL,48575443A2FCE2A9,AC,INT20,2017-02-18,48575443A2FCE2A9,3243.0,0,30088,-22.283594391244936
7559,2026-01-05,NO NAVEGA. LEDS PARPADEANDO/NO AMARRA,BASICO TV + INTERNET FIBRA 120MB,FOCO ROJO,JO FUERA DE LINEA,2026-01-06,1500039,ACTIVO,PEDREGAL,XPONDD291C60,AC,BASINT50,2014-05-14,XPONDD291C60,4254.0,1,7559,-25.644881440948488
30429,2026-01-05,NO NAVEGA. LEDS PARPADEANDO/NO AMARRA,BASICO TV + INTERNET FIBRA 60MB,FOCO ROJOI|CAMBIO ACOMETIDA,JO FUERA DE LINEA,2026-01-09,1500036,ACTIVO,PRADOS VERDES,BTPTDD1FFEFA,AC,BASINT20,2017-03-01,BTPTDD1FFEFA,3232.0,4,30429,-23.803535680076624
45033,2026-01-05,NO NAVEGA. LEDS PARPADEANDO/NO AMARRA,INTERNET FIBRA 60MB,LOS ROJO,JO FUERA DE LINEA,2026-01-08,1500036,ACTIVO,MADERO,XPONDD5EBAF8,AC,INT20,2025-02-06,XPONDD5EBAF8,333.0,3,45033,-28.25000913241998
2313,2026-01-05,NO NAVEGA. LEDS PARPADEANDO/NO AMARRA,BASICO TV + INTERNET FIBRA 250MB ($399),NO TIENE ALCANCE,JO REQUIERE VISITA,2026-01-09,1500036,ACTIVO,MADERO,CDTCAFA3B25E,AC,BASINTF250,2016-01-11,CDTCAFA3B25E,3647.0,4,2313,-22.278424532603733
345918,2026-01-05,CAMBIO DE ACOMETIDA,BASICO TV + INTERNET FIBRA 75MB,CAMBIO DE COMETIDA SIN COSTO TIT ENTERADO,EDWIN Y BRAYAN,2026-01-05,5555555,ACTIVO,PRADOS VERDES,XPONDD3C2FF8,AC,BASINT30,2024-11-11,XPONDD3C2FF8,420.0,0,345918,-22.868727250957832
9269,2026-01-05,NO NAVEGA. LEDS PARPADEANDO/NO AMARRA,BASICO TV + INTERNET FIBRA 250MB ($399),LOS ROJO,"JO FUERA DE LINEA, REQUIERE VISITA",2026-01-07,1500036,ACTIVO,MADERO,CDTCAFA3BB3A,AC,BASINTF250,2014-08-06,CDTCAFA3BB3A,4170.0,2,9269,-25.293621004566287
44143,2026-01-05,NO NAVEGA. LEDS PARPADEANDO/NO AMARRA,INTERNET FIBRA 60MB,LOS ROJO,JO MANDO CON CC,2026-01-07,1500036,BAJA,PRADOS VERDES,,BA,INT20,2024-03-19,,657.0,2,44143,-37.61147629310345
43785,2026-01-05,NO NAVEGA. LEDS PARPADEANDO/NO AMARRA,INTERNET FIBRA 75MB,,JO SE MANDA CON CC,2026-01-08,1500036,ACTIVO,MADERO,XPONDD47C1B2,AC,INT30,2023-12-20,XPONDD47C1B2,747.0,3,43785,-25.042384703196348
38462,2026-01-06,NO NAVEGA. LEDS FIJOS/RUIDO,INTERNET FIBRA 75MB,PRESENTA MUCHOS PICOS ALTOS Y CAIDAS DE NIVEL REQUIERE VISITA TECNICA,,2026-01-07,1500374,ACTIVO,BELO,XPONDD43A11B,AC,INT30,2021-05-27,XPONDD43A11B,1685.0,1,38462,-23.56795234838119
11358,2026-01-06,NO NAVEGA. LEDS PARPADEANDO/NO AMARRA,INTERNET FIBRA 45MB (NO VIGENTE),LOS ROJO,JO FUERA DE LINEA REQUIERE VISITA,2026-01-07,1500039,ACTIVO,PERIODISMO,XPONDD5EBF78,AC,INT10,2018-05-28,XPONDD5EBF78,2780.0,1,11358,-27.671108195901912
46254,2026-01-06,NO NAVEGA. LEDS PARPADEANDO/NO AMARRA,INTERNET FIBRA 60MB,"LOS ROJO,REALIZO EDWIN",JO SE MANDA CON CC,2026-01-06,5555555,ACTIVO,PRADOS VERDES,XPONDD5305BC,AC,INT20,2025-12-29,XPONDD5305BC,8.0,0,46254,-21.87093694444443
40186,2026-01-06,EQUIPO DA?ADO,INTERNET FIBRA 75MB,TEC SOLICITA,,2026-01-07,1500374,ACTIVO,VISTA BELLA,485754434E34A78B,AC,INT30,2022-02-05,485754434E34A78B,1431.0,1,40186,-25.64383720930244
344366,2026-01-06,NO NAVEGA. LEDS FIJOS/RUIDO,BASICO TV + INTERNET FIBRA 250MB ($399),NO NAVEGA SIN INTERNET,,2026-01-08,1500374,ACTIVO,VIRREY,HWTCAFAB6ADB,AC,BASINTF250,2014-05-30,HWTCAFAB6ADB,4239.0,2,344366,-21.613150887573997
40222,2026-01-06,CAMBIO DE ACOMETIDA,INTERNET FIBRA 75MB,TEC SOLICITA OS TIT ENTERADO QUE NO TIENE COSTO,,2026-01-06,1500039,ACTIVO,PEDREGAL,48575443CA61A08B,AC,INT30,2022-01-31,48575443CA61A08B,1436.0,0,40222,-31.621662106703123
32663,2026-01-06,NO NAVEGA. LEDS PARPADEANDO/NO AMARRA,INTERNET FIBRA 75MB,LOS ROJO,JO FUERA DE LINEA,2026-01-07,1500036,ACTIVO,PRADOS VERDES,4857544370A25E8B,AC,INT30,2017-11-10,4857544370A25E8B,2979.0,1,32663,-18.842861006289358
35973,2026-01-06,NO NAVEGA. LEDS FIJOS/RUIDO,INTERNET FIBRA 60MB,,,2026-01-08,1500039,ACTIVO,PEDREGAL,XPONDD4C5F5A,AC,INT20,2019-11-05,XPONDD4C5F5A,2254.0,2,35973,-22.66376538987687
7559,2026-01-06,CAMBIO DE ACOMETIDA,BASICO TV + INTERNET FIBRA 120MB,CAMBIO DE CPMETIDA SIN COSTO TIT ENTERADO,,2026-01-06,1500039,ACTIVO,PEDREGAL,XPONDD291C60,AC,BASINT50,2014-05-14,XPONDD291C60,4255.0,0,7559,-25.644881440948488
9269,2026-01-06,EQUIPO DA?ADO,BASICO TV + INTERNET FIBRA 250MB ($399),CAMBIO DE EQUIPO SIN COSTO TIT ENETERADA,,2026-01-07,1500036,ACTIVO,MADERO,CDTCAFA3BB3A,AC,BASINTF250,2014-08-06,CDTCAFA3BB3A,4171.0,1,9269,-25.293621004566287
44218,2026-01-06,NO NAVEGA. LEDS PARPADEANDO/NO AMARRA,INTERNET FIBRA 75MB,,,2026-01-07,1500036,ACTIVO,PRADOS VERDES,48575443D0337285B,AC,INT30,2025-08-15,48575443D0337285B,144.0,1,44218,-29.964488745210797
43090,2026-01-06,NO NAVEGA. LEDS FIJOS/RUIDO,BASICO TV + INTERNET FIBRA 75MB,INTERMITENTE,,2026-01-07,1500039,ACTIVO,PERIODISMO,XPONDD3FB287,AC,BASINT30,2023-07-07,XPONDD3FB287,914.0,1,43090,-24.005182408795708
17108,2026-01-07,NO NAVEGA. LEDS PARPADEANDO/NO AMARRA,BASICO TV + INTERNET FIBRA 60MB,EQUIPO SE APAGA CADA 5 MIN,,2026-01-08,1500039,ACTIVO,PEDREGAL,XPONDD4C862,AC,BASINT20,2025-03-20,XPONDD4C862,293.0,1,17108,-23.86402530779749
30161,2026-01-07,NO NAVEGA. LEDS FIJOS/RUIDO,INTERNET FIBRA 60MB,PIDE VISITA POR FALLAS CONSTANTES,,2026-01-09,1500036,ACTIVO,PRADOS VERDES,4857544361A2686F,AC,INT20,2021-10-20,4857544361A2686F,1540.0,2,30161,-27.274597701149517
348172,2026-01-07,NO NAVEGA. LEDS PARPADEANDO/NO AMARRA,INTERNET FIBRA 75MB,MODEM APAGADO,,2026-01-08,1500036,CORTADO,PRADOS VERDES,48575443CA85EF91,CO,INT30,2021-07-31,48575443CA85EF91,1621.0,1,348172,-33.43487188697319
38462,2026-01-07,EQUIPO DA?ADO,INTERNET FIBRA 75MB,TEC SOLICITA OS TIT ENTERADO QUE NO TIENE COSTO,,2026-01-07,1500374,ACTIVO,BELO,XPONDD43A11B,AC,INT30,2021-05-27,XPONDD43A11B,1686.0,0,38462,-23.56795234838119
40341,2026-01-07,NO NAVEGA. LEDS PARPADEANDO/NO AMARRA,INTERNET FIBRA 75MB,LOS ROJO,"SD FUERA DE LINEA, REQUIERE VISITA.",2026-01-07,1500039,ACTIVO,PEDREGAL,48575443E46CA78B,AC,INT30,2022-02-17,48575443E46CA78B,1420.0,0,40341,-33.032865937072486
32663,2026-01-07,CAMBIO DE ACOMETIDA,INTERNET FIBRA 75MB,SIN COSTO CLIENTE ENTERADO PIDE CARLOS,,2026-01-07,1500036,ACTIVO,PRADOS VERDES,4857544370A25E8B,AC,INT30,2017-11-10,4857544370A25E8B,2980.0,0,32663,-18.842861006289358
29026,2026-01-07,NO NAVEGA. LEDS PARPADEANDO/NO AMARRA,BASICO TV + INTERNET FIBRA 250MB ($399),TIENE FALLA DESDE EL 31 DIC,"SD FUERA DE LINEA, REQUIERE VISITA.",2026-01-09,1500036,ACTIVO,PRADOS VERDES,XPONAF5B50C1,AC,BASINTF250,2025-10-17,XPONAF5B50C1,82.0,2,29026,-26.254927681992395
43629,2026-01-07,NO NAVEGA. LEDS PARPADEANDO/NO AMARRA,INTERNET FIBRA 60MB,EQUIPO NO ENCIENDE,"SD FUERA DE LINEA, REQUIERE VISITA.",2026-01-07,1500039,ACTIVO,PEDREGAL,OPTI37B0C8BD,AC,INT20,2023-11-04,OPTI37B0C8BD,795.0,0,43629,-32.48715914272654
348178,2026-01-07,NO NAVEGA. LEDS PARPADEANDO/NO AMARRA,INTERNET FIBRA 120MB,LOS ROJO,SD SE MANDA CON CC.,2026-01-08,1500036,ACTIVO,MADERO,OEMT3C1D2544,AC,INT50,2017-11-13,OEMT3C1D2544,2977.0,1,348178,-21.047000000000004
37624,2026-01-07,EQUIPO DA?ADO,BASICO TV + INTERNET FIBRA 60MB,SIN COSTO CLIENTE ENTERADO PIDE DAVID E,,2026-01-07,1500039,ACTIVO,PERIODISMO,XPONDD9195FE,AC,BASINT20,2020-12-18,XPONDD9195FE,1846.0,0,37624,-28.469012993503735
44207,2026-01-07,NO NAVEGA. LEDS PARPADEANDO/NO AMARRA,BASICO TV + INTERNET FIBRA 250MB ($399),CLIENTE COMENTA QUE NO TIENE BUENA SEÑAL DESDE QUE LE HICIERON LA INSTALACION,LLAMAR ANTES DE ACUDIR,2026-01-08,1500039,CORTADO,PEDREGAL,,CO,BASINTF250,2025-11-27,,41.0,1,,
11358,2026-01-07,CAMBIO DE ACOMETIDA,INTERNET FIBRA 45MB (NO VIGENTE),TECNICO DAVID E SOLICITA DESDE EL POSTE AL MODEM SIN COSTO TIT ENTERADO,,2026-01-07,1500039,ACTIVO,PERIODISMO,XPONDD5EBF78,AC,INT10,2018-05-28,XPONDD5EBF78,2781.0,0,11358,-27.671108195901912
40341,2026-01-07,CAMBIO DE ACOMETIDA,INTERNET FIBRA 75MB,TEC SOLICITA OS TIT ENTERADO QUE NO TIENE COSTO,,2026-01-07,1500039,ACTIVO,PEDREGAL,48575443E46CA78B,AC,INT30,2022-02-17,48575443E46CA78B,1420.0,0,40341,-33.032865937072486
34953,2026-01-07,NO NAVEGA. LEDS FIJOS/RUIDO,BASICO TV + INTERNET FIBRA 60MB,REQUIERE VISITA POR FAVOR,,2026-01-12,1500036,ACTIVO,PRADOS VERDES,XPONDD41DE2B,AC,BASINT20,2018-11-26,XPONDD41DE2B,2599.0,5,34953,-22.062242576628325
7053,2026-01-07,NO NAVEGA. LEDS PARPADEANDO/NO AMARRA,BASICO TV + INTERNET FIBRA 75MB,LOS ROJO,,2026-01-10,1501143,ACTIVO,VIRREY,XPONDD3D9B81,AC,BASINT30,2014-05-02,XPONDD3D9B81,4268.0,3,7053,-28.179838510848224
38246,2026-01-07,NO NAVEGA. LEDS FIJOS/RUIDO,INTERNET FIBRA 60MB,SIN SEÑAL,,2026-01-09,1500039,ACTIVO,PERIODISMO,XPONDD408AA,AC,INT20,2021-04-22,XPONDD408AA,1721.0,2,38246,-29.452238880560063
345520,2026-01-08,NO NAVEGA. LEDS PARPADEANDO/NO AMARRA,INTERNET FIBRA 75MB,LOS ROJO,SD SE MANDA CON CC.,2026-01-08,1500036,ACTIVO,MADERO,XPONDD41E913,AC,INT30,2022-03-02,XPONDD41E913,1408.0,0,345520,-23.127283105022794
10705,2026-01-08,NO NAVEGA. LEDS PARPADEANDO/NO AMARRA,INTERNET FIBRA 60MB,,"SD FUERA DE LINEA, REQUIERE VISITA.",2026-01-08,1500039,ACTIVO,PEDREGAL,XPONDD29A988,AC,INT20,2016-05-07,XPONDD29A988,3533.0,0,10705,-24.864781121751044
32663,2026-01-08,NO NAVEGA. LEDS PARPADEANDO/NO AMARRA,INTERNET FIBRA 75MB,LOS ROJO,"SD FUERA DE LINEA, REQUIERE VISITA.",2026-01-09,1500036,ACTIVO,PRADOS VERDES,4857544370A25E8B,AC,INT30,2017-11-10,4857544370A25E8B,2981.0,1,32663,-18.842861006289358
10705,2026-01-08,CAMBIO DE ACOMETIDA,INTERNET FIBRA 60MB,CLIENTE ENTERADA CAMBIO DE ACOMETIDA DAVID E,,2026-01-08,1500039,ACTIVO,PEDREGAL,XPONDD29A988,AC,INT20,2016-05-07,XPONDD29A988,3533.0,0,10705,-24.864781121751044
334738,2026-01-08,NO NAVEGA. LEDS PARPADEANDO/NO AMARRA,BASICO TV + INTERNET FIBRA 75MB,LOS ROJO,"SD FUERA DE LINEA, REQUIERE VISITA.",2026-01-09,1500039,ACTIVO,PEDREGAL,OPTI38C03E95,AC,BASINT30,2014-03-14,OPTI38C03E95,4318.0,1,334738,-25.298782489740123
45033,2026-01-08,CAMBIO DE ACOMETIDA,INTERNET FIBRA 60MB,TEC SOLICITA OS TIT ENTERADO QUE NO TIENE COSTO,,2026-01-08,1500036,ACTIVO,MADERO,XPONDD5EBAF8,AC,INT20,2025-02-06,XPONDD5EBAF8,336.0,0,45033,-28.25000913241998
46204,2026-01-08,NO NAVEGA. LEDS PARPADEANDO/NO AMARRA,BASICO TV + INTERNET FIBRA 250MB ($399),LOS ROJO PUEDE ATENDER DESPUES DE LAS 3,"SD FUERA DE LINEA, REQUIERE VISITA.",2026-01-09,1501177,ACTIVO,NINO ARTILLERO,XPONDD7EB286,AC,BASINTF250,2025-12-30,XPONDD7EB286,9.0,1,46204,-23.08882010943916
348178,2026-01-08,CAMBIO DE ACOMETIDA,INTERNET FIBRA 120MB,SIN COSTO CLIENTE ENTERADO PIDE CARLOS,,2026-01-08,1500036,ACTIVO,MADERO,OEMT3C1D2544,AC,INT50,2017-11-13,OEMT3C1D2544,2978.0,0,348178,-21.047000000000004
334162,2026-01-08,NO NAVEGA. LEDS FIJOS/RUIDO,BASICO TV + INTERNET FIBRA 60MB,FOCO ROJO,"SD FUERA DE LINEA, REQUIERE VISITA.",2026-01-10,1501143,ACTIVO,VIRREY,XPONDD3028C6,AC,BASINT20,2013-12-06,XPONDD3028C6,4416.0,2,334162,-23.126162475345236
42814,2026-01-08,NO NAVEGA. LEDS PARPADEANDO/NO AMARRA,INTERNET FIBRA 75MB,LOS ROJO,,2026-01-09,1500374,ACTIVO,VISTA BELLA,XPONDD3FD857,AC,INT30,2023-05-29,XPONDD3FD857,955.0,1,42814,-26.161777245782062
30706,2026-01-08,NO NAVEGA. LEDS PARPADEANDO/NO AMARRA,BASICO TV + INTERNET FIBRA 45MB (NO VIGENTE),LOS ROJO,,2026-01-09,1500036,ACTIVO,PRADOS VERDES,XPONDD302306,AC,BASINT10,2017-03-16,XPONDD302306,3220.0,1,30706,-25.78530459770125
44787,2026-01-08,NO NAVEGA. LEDS PARPADEANDO/NO AMARRA,INTERNET FIBRA 60MB,LOS ROJO,,2026-01-09,1500039,ACTIVO,PEDREGAL,XPONDD3E7085,AC,INT20,2024-11-05,XPONDD3E7085,429.0,1,44787,-26.60700524395804
335677,2026-01-08,NO NAVEGA. LEDS PARPADEANDO/NO AMARRA,BASICO TV + INTERNET FIBRA 60MB,LOS ROJO,,2026-01-10,1500036,ACTIVO,PRADOS VERDES,XPONDD3E6609,AC,BASINT20,2014-03-01,XPONDD3E6609,4331.0,2,335677,-21.438285440613008
33497,2026-01-08,NO NAVEGA. LEDS PARPADEANDO/NO AMARRA,BASICO TV + INTERNET FIBRA 60MB,CLIENTE COMENTA QUE LE ESTA FALLANDO SEGUIDO,,2026-01-10,1500036,ACTIVO,MADERO,XPONDD4C7052,AC,BASINT20,2018-03-03,XPONDD4C7052,2868.0,2,33497,-23.988198630136996
35040,2026-01-08,NO NAVEGA. LEDS PARPADEANDO/NO AMARRA,BASICO TV + INTERNET FIBRA 250MB ($399),AMBOS SERVICIO,,2026-01-09,1500039,ACTIVO,PERIODISMO,XPONDD91A74E,AC,BASINTF250,2020-01-20,XPONDD91A74E,2180.0,1,35040,-22.486308709530427
16345,2026-01-08,NO NAVEGA. LEDS PARPADEANDO/NO AMARRA,BASICO TV + INTERNET XTREME (NO VIGENTE),,,2026-01-09,1500036,ACTIVO,MADERO,A021B774465A,AC,BASIESEP,2020-01-16,A021B774465A,2184.0,1,,
41357,2026-01-08,NO NAVEGA. LEDS PARPADEANDO/NO AMARRA,BASICO TELECABLE (NO VIGENTE),LOS ROJO,,2026-01-09,1500374,ACTIVO,VIRREY,,,,,,,1,,
39998,2026-01-08,NO NAVEGA. LEDS PARPADEANDO/NO AMARRA,INTERNET FIBRA 75MB,LOS RJO,"SE NIEGA A RECIBIR ATENCIÓN, ÉL FUE TÉCNICO",2026-01-09,1500036,ACTIVO,PRADOS VERDES,485754431AC36D8B,AC,INT30,2022-01-07,485754431AC36D8B,1462.0,1,39998,-40.0
3783,2026-01-08,NO NAVEGA. LEDS PARPADEANDO/NO AMARRA,BASICO TV + INTERNET FIBRA 45MB (NO VIGENTE),AMBOS SERVICIOS,SIN SEÑAL. LOS ROJO,2026-01-10,1500039,ACTIVO,PEDREGAL,XPONDD2909D0,AC,BASINT10,2014-03-17,XPONDD2909D0,4315.0,2,3783,-21.437390560875507
7270,2026-01-09,NO NAVEGA. LEDS PARPADEANDO/NO AMARRA,BASICO TV + INTERNET FIBRA 60MB,LOS ROJO,,2026-01-10,1500039,ACTIVO,PERIODISMO,XPONDD91A5C6,AC,BASINT20,2021-05-27,XPONDD91A5C6,1688.0,1,7270,-27.3684770114941
44218,2026-01-09,NO NAVEGA. LEDS PARPADEANDO/NO AMARRA,INTERNET FIBRA 75MB,FOCO ROJO,,2026-01-10,1500036,ACTIVO,PRADOS VERDES,48575443D0337285B,AC,INT30,2025-08-15,48575443D0337285B,147.0,1,44218,-29.964488745210797
15629,2026-01-09,NO NAVEGA. LEDS FIJOS/RUIDO,BASICO TV + INTERNET FIBRA 45MB (NO VIGENTE),PIDE VISITA POR FALLAS CONSTANTES,,2026-01-13,1500039,ACTIVO,PEDREGAL,XPONDD52DA2C,AC,BASINT10,2015-06-01,XPONDD52DA2C,3875.0,4,15629,-28.453116735066075
30686,2026-01-09,NO NAVEGA. LEDS PARPADEANDO/NO AMARRA,INTERNET FIBRA 45MB (NO VIGENTE),LOS ROJO,JE MANDO A CC,2026-01-12,1500036,ACTIVO,MADERO,XPONDD37CE8C,AC,INT10,2017-03-17,XPONDD37CE8C,3220.0,3,30686,-22.51005821917802
30429,2026-01-09,CAMBIO DE ACOMETIDA,BASICO TV + INTERNET FIBRA 60MB,CLIENTE ENTERADA CAMBIO DE ACOMETIDA CARLOS,,2026-01-09,1500036,ACTIVO,PRADOS VERDES,BTPTDD1FFEFA,AC,BASINT20,2017-03-01,BTPTDD1FFEFA,3236.0,0,30429,-23.803535680076624
345006,2026-01-09,NO NAVEGA. LEDS FIJOS/RUIDO,BASICO TV + INTERNET FIBRA 60MB,PIDE VISITA POR FALLAS CONSTANTES,,2026-01-10,1500039,ACTIVO,PEDREGAL,XPONDD45EB3A,AC,BASINT20,2014-08-28,XPONDD45EB3A,4152.0,1,345006,-23.589516643866812
44006,2026-01-09,NO NAVEGA. LEDS PARPADEANDO/NO AMARRA,BASICO TV + INTERNET FIBRA 75MB,LOS ROJO,JE MANDO A CC,2026-01-10,1500039,ACTIVO,PEDREGAL,XPONDD4C79BA,AC,BASINT30,2024-02-20,XPONDD4C79BA,689.0,1,44006,-21.139652302781563
45981,2026-01-09,NO NAVEGA. LEDS PARPADEANDO/NO AMARRA,BASICO TV + INTERNET FIBRA 250MB ($399),LOS ROJO AMBOS SERVICIO,JE MANDO A CC,2026-01-10,1500039,CORTADO,PEDREGAL,HWTC1DD892F4,CO,BASINTF250,2025-11-13,HWTC1DD892F4,57.0,1,45981,-23.48534313725483
44554,2026-01-09,NO NAVEGA. LEDS PARPADEANDO/NO AMARRA,INTERNET FIBRA 60MB,LOS ROJO,"ER, FUERA DE LINEA",2026-01-12,1501177,ACTIVO,NINO ARTILLERO,XPONDD53062C,AC,INT20,2024-08-14,XPONDD53062C,513.0,3,44554,-21.828280893752787
351850,2026-01-09,NO NAVEGA. LEDS PARPADEANDO/NO AMARRA,BASICO TV + INTERNET FIBRA 250MB ($399),LOS ROJO,JE MANDO A CC,2026-01-10,1500039,ACTIVO,PEDREGAL,XPONDD919D9E,AC,BASINTF250,2026-01-10,XPONDD919D9E,-1.0,1,351850,-22.787404268675424
3347,2026-01-09,NO NAVEGA. LEDS PARPADEANDO/NO AMARRA,INTERNET FIBRA 60MB,,,2026-01-10,1500039,ACTIVO,PERIODISMO,XPONDD5EB998,AC,INT20,2025-05-16,XPONDD5EB998,238.0,1,3347,-23.939750124937607
29225,2026-01-09,NO NAVEGA. LEDS FIJOS/RUIDO,BASICO TV + INTERNET FIBRA 75MB,LOS ROJO,MC EN LINEA NIVEL 23 SE MANDA A CONFIRMAR CON CC,2026-01-12,1500036,ACTIVO,MADERO,XPONDD375304,AC,BASINT30,2016-11-23,XPONDD375304,3334.0,3,29225,-23.616889269406432
44026,2026-01-09,NO NAVEGA. LEDS PARPADEANDO/NO AMARRA,BASICO TV + INTERNET FIBRA 250MB ($399),LOS ROJO,,2026-01-10,1500039,ACTIVO,PERIODISMO,XPONAF19C748,AC,BASINTF250,2024-02-27,XPONAF19C748,682.0,1,44026,-26.236887806096927
5118,2026-01-10,NO NAVEGA. LEDS PARPADEANDO/NO AMARRA,BASICO TV + INTERNET FIBRA 120MB,LOS ROJO,MC FUERA DE LINEA REQUIERE VISITA,2026-01-12,1500374,ACTIVO,BELO,XPONDD3C3FF8,AC,BASINT50,2014-03-28,XPONDD3C3FF8,4306.0,2,5118,-23.49303693570446
46048,2026-01-10,NO NAVEGA. LEDS PARPADEANDO/NO AMARRA,BASICO TV + INTERNET FIBRA 250MB ($399),SIN SEÑAL EN NINGUN SERVICIO,JE FUERA DE LINEA REQUIERE VISITA,2026-01-12,1500036,ACTIVO,PRADOS VERDES,XPONDD7E9466,AC,BASINTF250,2025-11-21,XPONDD7E9466,50.0,2,46048,-22.440033524904205
46177,2026-01-10,NO NAVEGA. LEDS FIJOS/RUIDO,BASICO TV + INTERNET FIBRA 250MB ($399),NO NAVEGA  REQUIERE VISITA TECNICA  PARA MEJOR EL SERVICIO,MC POR TIPO DE FALLA SE REQUIERE VISITA,2026-01-13,1500039,ACTIVO,PERIODISMO,HWTCAFAB55F3,AC,BASINTF250,2025-12-18,HWTCAFAB55F3,23.0,3,46177,-28.843654422788635
9922,2026-01-10,NO NAVEGA. LEDS PARPADEANDO/NO AMARRA,BASICO TV + INTERNET FIBRA 60MB,PON PARPADEA,JE MANDO A CC,2026-01-13,1500039,ACTIVO,PEDREGAL,48575443B1AD3686,AC,BASINT20,2014-09-10,48575443B1AD3686,4140.0,3,9922,-24.466747606019222
40814,2026-01-10,NO NAVEGA. LEDS PARPADEANDO/NO AMARRA,INTERNET FIBRA 75MB,LOS ROJO,JE FUERA DE LINEA REQUIERE VISITA,2026-01-12,1500036,ACTIVO,PRADOS VERDES,4857544345CBD8A9,AC,INT30,2022-05-19,4857544345CBD8A9,1332.0,2,40814,-27.829702462380443
7270,2026-01-10,EQUIPO DA?ADO,BASICO TV + INTERNET FIBRA 60MB,"TECNICO DAVID SOLICITA SIN COSTO TIT ENTERADO. CAMBIO DE EQUIPO, EL NUEVO EQUIPO SERA XPONDD91A5C6",,2026-01-12,1500039,ACTIVO,PERIODISMO,XPONDD91A5C6,AC,BASINT20,2021-05-27,XPONDD91A5C6,1689.0,2,7270,-27.3684770114941
45936,2026-01-10,NO NAVEGA. LEDS PARPADEANDO/NO AMARRA,BASICO TV + INTERNET FIBRA 250MB ($399),LOS ROJO,JE MANDO A CC,2026-01-12,1500036,ACTIVO,PRADOS VERDES,XPONDD7EACAE,AC,BASINTF250,2025-11-10,XPONDD7EACAE,61.0,2,45936,-23.317125478927156
36454,2026-01-10,NO NAVEGA. LEDS PARPADEANDO/NO AMARRA,BASICO TV + INTERNET FIBRA 60MB,LOS ROJO,JE FUERA DE LINEA REQUIERE VISITA,2026-01-12,1500036,ACTIVO,MADERO,XPONDD438183,AC,BASINT20,2024-12-18,XPONDD438183,388.0,2,36454,-40.0
7565,2026-01-10,NO NAVEGA. LEDS PARPADEANDO/NO AMARRA,BASICO TV + INTERNET FIBRA 250MB ($399),LOS ROJO,MC EN LINEA NIVEL 19 SE MANDA A CONFIRMAR CON CC,2026-01-12,1500374,ACTIVO,VIRREY,XPONAF5B6A29,AC,BASINTF250,2014-05-14,XPONAF5B6A29,4259.0,2,7565,-23.070350098619404
46200,2026-01-10,NO NAVEGA. LEDS PARPADEANDO/NO AMARRA,BASICO TV + INTERNET FIBRA 250MB ($399),LOS ROJO AMBOS SERVICIOS,"ER, FUERA DE LINEA",2026-01-13,1500503,ACTIVO,SANTIAGUITO,HWTCAF3AC0D6,AC,BASINTF250,2026-01-08,HWTCAF3AC0D6,2.0,3,46200,-24.805364298724967
4133,2026-01-10,NO NAVEGA. LEDS PARPADEANDO/NO AMARRA,BASICO TV + INTERNET NAVEGA (NO VIGENTE),LOS ROJO,MC NO ESTA EN LA OLT,2026-01-13,1500039,ACTIVO,PERIODISMO,F07BCB011869,AC,BASIESE,2014-03-14,F07BCB011869,4320.0,3,,
43090,2026-01-10,NO NAVEGA. LEDS FIJOS/RUIDO,BASICO TV + INTERNET FIBRA 75MB,INTERMITENTE,MODEM PRESENTA PLAGA,2026-01-13,1500039,ACTIVO,PERIODISMO,XPONDD3FB287,AC,BASINT30,2023-07-07,XPONDD3FB287,918.0,3,43090,-24.005182408795708
41864,2026-01-11,NO NAVEGA. LEDS PARPADEANDO/NO AMARRA,INTERNET FIBRA 75MB,LOS ROJO,MC FUERA DE LINEA REQUIERE VISITA,2026-01-12,1500374,ACTIVO,VIRREY,48575443B845F99D,AC,INT30,2022-10-28,48575443B845F99D,1171.0,1,41864,-25.251105769230907
4589,2026-01-11,NO NAVEGA. LEDS PARPADEANDO/NO AMARRA,BASICO TV + INTERNET FIBRA 250MB ($399),REQUIERE VISTA,,2026-01-13,1500039,ACTIVO,PERIODISMO,HWTCAF3AC87A,AC,BASINTF250,2025-09-02,HWTCAF3AC87A,131.0,2,4589,-28.417076461769398
45710,2026-01-11,NO NAVEGA. LEDS PARPADEANDO/NO AMARRA,BASICO TV + INTERNET FIBRA 250MB ($399),LOS ROJO,,2026-01-11,1500046,ACTIVO,PEDREGAL,XPONAF5B674D,AC,BASINTF250,2025-09-24,XPONAF5B674D,109.0,0,45710,-19.61340515275877
45033,2026-01-12,NO NAVEGA. LEDS PARPADEANDO/NO AMARRA,INTERNET FIBRA 60MB,PASAR ANTES DE LAS 12 Y MEDIA LOS ROJO,,2026-01-13,1500047,ACTIVO,MADERO,XPONDD5EBAF8,AC,INT20,2025-02-06,XPONDD5EBAF8,340.0,1,45033,-28.25000913241998
37159,2026-01-12,NO NAVEGA. LEDS PARPADEANDO/NO AMARRA,INTERNET FIBRA 60MB,LOS ROJO,"SD FUERA DE LINEA, REQUIERE VISITA.",2026-01-13,1500374,ACTIVO,VIRREY,XPONDD4C5B92,AC,INT20,2024-04-17,XPONDD4C5B92,635.0,1,37159,-23.127909270216897
46097,2026-01-12,NO NAVEGA. LEDS PARPADEANDO/NO AMARRA,BASICO TV + INTERNET FIBRA 250MB ($399),"ESTAN EN EL DOM EL DIA MARTES 20 || SE HIZO VISITA Y SE CAMBIO EMPALME PERO EL CLIENTE NO TENIA LUZ, YA DEBERIA TENER SEÑAL ||","ER, FUERA DE LINEA",2026-01-23,1500503,ACTIVO,SANTIAGUITO,XPONAF411521,AC,BASINTF250,2025-11-28,XPONAF411521,45.0,11,46097,-28.41105449156409
348172,2026-01-12,NO NAVEGA. LEDS PARPADEANDO/NO AMARRA,INTERNET FIBRA 75MB,FOCO ROJO,"SD FUERA DE LINEA, REQUIERE VISITA.",2026-01-13,1500047,CORTADO,PRADOS VERDES,48575443CA85EF91,CO,INT30,2021-07-31,48575443CA85EF91,1626.0,1,348172,-33.43487188697319
346527,2026-01-12,NO NAVEGA. LEDS PARPADEANDO/NO AMARRA,INTERNET FIBRA 75MB,LOS ROJO || SE CUMPLE ORDEN || NO SE ATENDIO LA FALLA POR ESTAR ESTATUS CO,"SD FUERA DE LINEA, REQUIERE VISITA.",2026-02-12,1500926,CORTADO,PEDREGAL,4857544336B35B9A,CO,INT30,2014-09-27,4857544336B35B9A,4125.0,31,346527,-35.991104651162786
334407,2026-01-12,NO NAVEGA. LEDS FIJOS/RUIDO,BASICO TV + INTERNET FIBRA 45MB (NO VIGENTE),,JV CONFIRMAR CON CC,2026-01-17,1501451,ACTIVO,VIRREY,XPON1D4323A8,AC,BASINT10,2013-12-21,XPON1D4323A8,4405.0,5,334407,-22.01137697238651
38842,2026-01-12,NO NAVEGA. LEDS PARPADEANDO/NO AMARRA,INTERNET FIBRA 60MB,,,2026-01-13,1500374,ACTIVO,BELO,485754431F7C6D8F,AC,INT20,2021-07-23,485754431F7C6D8F,1634.0,1,38842,-23.268785909712765
39227,2026-01-12,NO NAVEGA. LEDS FIJOS/RUIDO,MOVIL,EL FOCO ESTA EN ROJO,,2026-01-13,1500039,ACTIVO,PERIODISMO,,,,,,,1,,
26924,2026-01-12,NO NAVEGA. LEDS PARPADEANDO/NO AMARRA,BASICO TV + INTERNET FIBRA 60MB,EQUIPO NO ENCIENDE,JV SE ATENDIO CON EL TECNICO,2026-01-14,1501451,ACTIVO,BELO,XPONDD52E4F4,AC,BASINT20,2016-08-04,XPONDD52E4F4,3448.0,2,26924,-29.909699498404066
46156,2026-01-12,NO NAVEGA. LEDS PARPADEANDO/NO AMARRA,BASICO TV + INTERNET FIBRA 250MB ($399),LOS ROJO,CAMBIO DE ACOMETIDA,2026-01-13,1500039,ACTIVO,PEDREGAL,HWTCAFAB35CB,AC,BASINTF250,2025-12-15,HWTCAFAB35CB,28.0,1,46156,-28.338929548563602
45256,2026-01-12,NO NAVEGA. LEDS PARPADEANDO/NO AMARRA,BASICO TV + INTERNET FIBRA 250MB ($399),LA FALLA EN SU SERVICIO ES CONSTANTE,,2026-01-15,1500374,ACTIVO,VIRREY,HWTCAF8FD229,AC,BASINTF250,2025-04-28,HWTCAF8FD229,259.0,3,45256,-23.271755424063038
45256,2026-01-12,NO NAVEGA. LEDS PARPADEANDO/NO AMARRA,BASICO TV + INTERNET FIBRA 250MB ($399),LA FALLA EN SU SERVICIO ES CONSTANTE,,2026-01-15,1500374,ACTIVO,VIRREY,HWTCAF8FD229,AC,BASINTF250,2025-04-28,HWTCAF8FD229,259.0,3,45256,-23.271755424063038
46048,2026-01-12,CAMBIO DE ACOMETIDA,BASICO TV + INTERNET FIBRA 250MB ($399),TIT ENTERADO DE CAMBIO DE ACOMETIDA SIN COSTO SOLICITA TEC CARLOS,,2026-01-12,1500036,ACTIVO,PRADOS VERDES,XPONDD7E9466,AC,BASINTF250,2025-11-21,XPONDD7E9466,52.0,0,46048,-22.440033524904205
28137,2026-01-12,NO NAVEGA. LEDS PARPADEANDO/NO AMARRA,INTERNET FIBRA 60MB,NIVEL BAJO,,2026-01-13,1500047,CORTADO,MADERO,XPONDD4C5812,CO,INT20,2024-03-13,XPONDD4C5812,670.0,1,28137,-36.980678082191744
45944,2026-01-12,EQUIPO DA?ADO,BASICO TV + INTERNET FIBRA 250MB ($399),TIT ENTERADO DE CAMBIO DE MODEM SIN COSTO SOLICITA TEC ULISES,,2026-01-14,1500374,ACTIVO,VISTA BELLA,HWTCAFAB69F7,AC,BASINTF250,2025-11-06,HWTCAFAB69F7,67.0,2,45944,-24.438376652987042
33423,2026-01-12,NO NAVEGA. LEDS PARPADEANDO/NO AMARRA,INTERNET FIBRA 60MB,FOCO ROJO,SPLITTER DAÑADO,2026-01-13,1500039,ACTIVO,PEDREGAL,XPONDD52F9A4,AC,INT20,2018-04-16,XPONDD52F9A4,2828.0,1,33423,-21.252041723666203
15629,2026-01-12,CAMBIO DE ACOMETIDA,BASICO TV + INTERNET FIBRA 45MB (NO VIGENTE),SIN COSTO TIT ENTERADO PIDE DAVID E,,2026-01-13,1500039,ACTIVO,PEDREGAL,XPONDD52DA2C,AC,BASINT10,2015-06-01,XPONDD52DA2C,3878.0,1,15629,-28.453116735066075
15629,2026-01-12,EQUIPO DA?ADO,BASICO TV + INTERNET FIBRA 45MB (NO VIGENTE),SIN COSTO TIT ENTERADO PIDE DAVID E,XPONDD52DA2C,2026-01-13,1500039,ACTIVO,PEDREGAL,XPONDD52DA2C,AC,BASINT10,2015-06-01,XPONDD52DA2C,3878.0,1,15629,-28.453116735066075
46251,2026-01-12,NO NAVEGA. LEDS PARPADEANDO/NO AMARRA,BASICO TV + INTERNET FIBRA 250MB ($399),AMBOS SERVICIOS,"ER, VARIAS DESCINEXIONES",2026-01-13,1501177,ACTIVO,NINO ARTILLERO,XPONDD919626,AC,BASINTF250,2026-01-12,XPONDD919626,0.0,1,46251,-22.551227305737072
38760,2026-01-12,MODEM DAÑADO/PERDIDO (COBRO),INTERNET FIBRA 75MB,,,2026-01-13,1500374,ACTIVO,BELO,XPONDD35456A,AC,INT30,2021-07-07,XPONDD35456A,1650.0,1,38760,-24.085941632466877
5118,2026-01-12,CAMBIO DE ACOMETIDA,BASICO TV + INTERNET FIBRA 120MB,TIT ACEPTA CAMBIO DE ACOMETIDA SIN COSTO TEC FERNANDO,,2026-01-12,1500374,ACTIVO,BELO,XPONDD3C3FF8,AC,BASINT50,2014-03-28,XPONDD3C3FF8,4308.0,0,5118,-23.49303693570446
40487,2026-01-12,MODEM DAÑADO/PERDIDO (COBRO),INTERNET FIBRA 75MB,,,2026-01-13,1500374,BAJA,BELO,,BA,INT30,2022-04-01,,1382.0,1,40487,-40.0
5118,2026-01-12,EQUIPO DA?ADO,BASICO TV + INTERNET FIBRA 120MB,TIT ACEPTA CAMBIO DE MODEM SIN COSTO TEC FERNANDO,,2026-01-12,1500374,ACTIVO,BELO,XPONDD3C3FF8,AC,BASINT50,2014-03-28,XPONDD3C3FF8,4308.0,0,5118,-23.49303693570446
46206,2026-01-12,NO NAVEGA. LEDS PARPADEANDO/NO AMARRA,INTERNET FIBRA 120MB,SE ENCUENTRA FUERA DE LINEA REQUIERE VISITA TECNICA,,2026-01-13,1500039,ACTIVO,PERIODISMO,XPONDD919FC6,AC,INT50,2026-01-10,XPONDD919FC6,2.0,1,46206,-28.15704777534628
44363,2026-01-13,NO NAVEGA. LEDS PARPADEANDO/NO AMARRA,BASICO TV + INTERNET FIBRA 250MB ($399),LOS ROJO,JE FUERA DE LINEA REQUIERE VISITA,2026-01-16,1500039,ACTIVO,PEDREGAL,CDTCAFA3B5BE,AC,BASINTF250,2024-06-14,CDTCAFA3B5BE,578.0,3,44363,-28.798280893752846
46233,2026-01-13,NO NAVEGA. LEDS FIJOS/RUIDO,BASICO TV + INTERNET FIBRA 250MB ($399),TIENE NIVEL OPTICO MUY BAJO REQUERIRIA VISITA PARA QUE LO MEJOREN,,2026-01-14,1500047,ACTIVO,MADERO,HWTCAFAB56EF,AC,BASINTF250,2025-12-18,HWTCAFAB56EF,26.0,1,46233,-30.657291095890365
44518,2026-01-13,NO NAVEGA. LEDS FIJOS/RUIDO,INTERNET FIBRA 60MB,NO SABE QUE FOQUITO LE PRENDEN,JE FUERA DE LINEA REQUIERE VISITA,2026-01-16,1500039,ACTIVO,PERIODISMO,XPONDD52FEC4,AC,INT20,2024-08-08,XPONDD52FEC4,523.0,3,44518,-29.276363068465795
38451,2026-01-13,NO NAVEGA. LEDS FIJOS/RUIDO,INTERNET FIBRA 75MB,NO TIENE INTERNET,JE MANDO A CC,2026-01-14,1500047,ACTIVO,PRADOS VERDES,48575443FAF4E091,AC,INT30,2021-05-28,48575443FAF4E091,1691.0,1,38451,-20.584073275861964
14967,2026-01-13,NO NAVEGA. LEDS PARPADEANDO/NO AMARRA,BASICO TV + INTERNET FIBRA 60MB,,,2026-01-15,1500374,ACTIVO,VIRREY,XPONDD396AD4,AC,BASINT20,2019-06-10,XPONDD396AD4,2409.0,2,14967,-24.49203648915191
34258,2026-01-13,NO NAVEGA. LEDS PARPADEANDO/NO AMARRA,BASICO TV + INTERNET FIBRA 60MB,FUERA DE LINEA,,2026-01-14,1500374,ACTIVO,VIRREY,OPTI38BFC88D,AC,BASINT20,2018-06-15,OPTI38BFC88D,2769.0,1,34258,-27.504663461538538
46156,2026-01-13,CAMBIO DE ACOMETIDA,BASICO TV + INTERNET FIBRA 250MB ($399),CLIENTE ENTERADO CAMBIO DE ACOMETIDA DAVID E,,2026-01-13,1500039,ACTIVO,PEDREGAL,HWTCAFAB35CB,AC,BASINTF250,2025-12-15,HWTCAFAB35CB,29.0,0,46156,-28.338929548563602
45318,2026-01-13,NO NAVEGA. LEDS PARPADEANDO/NO AMARRA,BASICO TV + INTERNET FIBRA 75MB,,JE MANDO A CC,2026-01-14,1500039,ACTIVO,PERIODISMO,XPONDD919FFE,AC,BASINT30,2025-06-06,XPONDD919FFE,221.0,1,45318,-25.577352573713295
3783,2026-01-13,NO NAVEGA. LEDS PARPADEANDO/NO AMARRA,BASICO TV + INTERNET FIBRA 45MB (NO VIGENTE),,JE MANDO A CC,2026-01-16,1500039,ACTIVO,PEDREGAL,XPONDD2909D0,AC,BASINT10,2014-03-17,XPONDD2909D0,4320.0,3,3783,-21.437390560875507
44950,2026-01-13,MODEM DAÑADO/PERDIDO (COBRO),BASICO TELECABLE FIBRA,"ES EQUIPO DE TV, TEC SOLICITA",HWTC1DD892E8 EQUPO QUE SE QUEDA EN EL DOMICILIO,2026-01-13,1501465,ACTIVO,PERIODISMO,HWTC1DD892E8,,,,,,0,44950,-35.084319457436905
36950,2026-01-13,NO NAVEGA. LEDS FIJOS/RUIDO,INTERNET FIBRA 75MB,PIDE VISITA POR FALLAS CONSTANTES,,2026-01-16,1500039,ACTIVO,PEDREGAL,XPONDD91A546,AC,INT30,2020-09-24,XPONDD91A546,1937.0,3,36950,-21.415308937528405
46075,2026-01-13,NO NAVEGA. LEDS PARPADEANDO/NO AMARRA,BASICO TV + INTERNET FIBRA 250MB ($399),LOS ROJO,,2026-01-14,1500374,ACTIVO,VIRREY,XPONDD7EA736,AC,BASINTF250,2025-11-26,XPONDD7EA736,48.0,1,46075,-28.029022435897318
44254,2026-01-13,NO NAVEGA. LEDS PARPADEANDO/NO AMARRA,INTERNET FIBRA 60MB,LOS ROJO,JE FUERA DE LINEA REQUIERE VISITA,2026-01-16,1500039,ACTIVO,PERIODISMO,XPONDD4CE28A,AC,INT20,2024-04-30,XPONDD4CE28A,623.0,3,44254,-33.043455772114115
39894,2026-01-13,NO NAVEGA. LEDS PARPADEANDO/NO AMARRA,INTERNET FIBRA 75MB,LOS ROJO,JE FUERA DE LINEA REQUIERE VISITA,2026-01-14,1500039,ACTIVO,PEDREGAL,HWTCAFAA1CFD,AC,INT30,2025-12-22,HWTCAFAA1CFD,22.0,1,39894,-22.10817715458269
41636,2026-01-13,NO NAVEGA. LEDS PARPADEANDO/NO AMARRA,BASICO TV + INTERNET FIBRA 75MB,LOS ROJO,COMFIRMA SEÑAL CON CC,2026-01-14,1500039,ACTIVO,PEDREGAL,XPONDD353BEA,AC,BASINT30,2022-10-05,XPONDD353BEA,1196.0,1,41636,-17.039969220246217
334407,2026-01-13,NO NAVEGA. LEDS PARPADEANDO/NO AMARRA,BASICO TV + INTERNET FIBRA 45MB (NO VIGENTE),LOS ROJO,,2026-01-20,1500374,ACTIVO,VIRREY,XPON1D4323A8,AC,BASINT10,2013-12-21,XPON1D4323A8,4406.0,7,334407,-22.01137697238651
44026,2026-01-13,NO NAVEGA. LEDS PARPADEANDO/NO AMARRA,BASICO TV + INTERNET FIBRA 250MB ($399),LOS ROJO,,2026-01-16,1500039,ACTIVO,PERIODISMO,XPONAF19C748,AC,BASINTF250,2024-02-27,XPONAF19C748,686.0,3,44026,-26.236887806096927
33951,2026-01-13,NO NAVEGA. LEDS PARPADEANDO/NO AMARRA,INTERNET FIBRA 60MB,,,2026-01-14,1500039,ACTIVO,PEDREGAL,OPTI37B0973D,AC,INT20,2024-01-08,OPTI37B0973D,736.0,1,33951,-21.170600775193776
46334,2026-01-13,NO NAVEGA. LEDS FIJOS/RUIDO,INTERNET FIBRA 120MB,LEDS VERDES INTERMITENTES,,2026-01-14,1501398,ACTIVO,MADERO,XPONDD41EE13,AC,INT50,2026-01-08,XPONDD41EE13,5.0,1,46334,-25.42924408014572
38462,2026-01-13,NO NAVEGA. LEDS PARPADEANDO/NO AMARRA,INTERNET FIBRA 75MB,LOS ROJO,,2026-01-14,1500374,ACTIVO,BELO,XPONDD43A11B,AC,INT30,2021-05-27,XPONDD43A11B,1692.0,1,38462,-23.56795234838119
1900,2026-01-14,EQUIPO DA?ADO,BASICO TV + INTERNET FIBRA 75MB,TEC SOLICITA OS TIT ENTERADO QUE NO TIENE COSTO,,2026-01-15,1500374,ACTIVO,BELO,XPONDD52E36C,AC,BASINT30,2014-02-01,XPONDD52E36C,4365.0,1,1900,-21.983904468764255
46059,2026-01-14,EQUIPO DA?ADO,BASICO TELECABLE FIBRA,SIN COSTO EQUIPO DE TV CLIENTE ENTERADO PIDE CARLOS,,2026-01-14,1500036,ACTIVO,MADERO,XPONDD37C1FC,,,,,,0,46059,-26.28712785388131
43130,2026-01-14,NO NAVEGA. LEDS PARPADEANDO/NO AMARRA,INTERNET FIBRA 120MB,FUERA DE LINEA,,2026-01-16,1500374,ACTIVO,BELO,XPONDD41EC8B,AC,INT50,2023-07-18,XPONDD41EC8B,911.0,2,43130,-24.274705654354694
348495,2026-01-14,NO NAVEGA. LEDS FIJOS/RUIDO,BASICO TV + INTERNET FIBRA 60MB,,,2026-01-15,1500047,ACTIVO,PRADOS VERDES,XPONDD3F5A47,AC,BASINT20,2023-09-13,XPONDD3F5A47,854.0,1,348495,-18.947003591954022
45601,2026-01-14,NO NAVEGA. LEDS PARPADEANDO/NO AMARRA,BASICO TV + INTERNET FIBRA 250MB ($399),,,2026-01-20,1500374,ACTIVO,VIRREY,XPONDD919A4E,AC,BASINTF250,2025-09-01,XPONDD919A4E,135.0,6,45601,-25.419609220907336
29246,2026-01-14,NO NAVEGA. LEDS FIJOS/RUIDO,BASICO TV + INTERNET FIBRA 60MB,SEÑAL INTERMITENTE PIDE VISITA,,2026-01-15,1500374,ACTIVO,VIRREY,OPTI38C03F3D,AC,BASINT20,2020-10-13,OPTI38C03F3D,1919.0,1,29246,-21.646224112426136
36950,2026-01-14,MODEM DAÑADO/PERDIDO (COBRO),INTERNET FIBRA 75MB,EQUIPO CON PLAGA SE DEJARA UNO USADO PROVICIONAL CLIENTE ENTERADO PIDE DAVID,,2026-01-16,1500039,ACTIVO,PEDREGAL,XPONDD91A546,AC,INT30,2020-09-24,XPONDD91A546,1938.0,2,36950,-21.415308937528405
45331,2026-01-14,NO NAVEGA. LEDS PARPADEANDO/NO AMARRA,BASICO TV + INTERNET FIBRA 250MB ($399),MODEM APAGADO,,2026-01-16,1500039,ACTIVO,PERIODISMO,HWTCAFAB364F,AC,BASINTF250,2025-06-09,HWTCAFAB364F,219.0,2,45331,-24.337400049975066
45331,2026-01-14,NO NAVEGA. LEDS PARPADEANDO/NO AMARRA,BASICO TV + INTERNET FIBRA 250MB ($399),MODEM APAGADO,,2026-01-16,1500039,ACTIVO,PERIODISMO,HWTCAFAB364F,AC,BASINTF250,2025-06-09,HWTCAFAB364F,219.0,2,45331,-24.337400049975066
43585,2026-01-14,NO NAVEGA. LEDS FIJOS/RUIDO,INTERNET FIBRA 75MB,PASAR DESPUES DE LAS 4 PM TIENE EL NIVEL OPTICO MUY BAJO,JV OFFLINE REQ VISITA,2026-01-20,1500374,ACTIVO,VIRREY,OPTI37B0001D,AC,INT30,2023-11-01,OPTI37B0001D,805.0,6,43585,-37.908404832347124
45046,2026-01-14,NO NAVEGA. LEDS PARPADEANDO/NO AMARRA,BASICO TV + INTERNET FIBRA 60MB,,,2026-01-15,1500374,ACTIVO,VIRREY,XPON1D42DA10,AC,BASINT20,2025-02-06,XPON1D42DA10,342.0,1,45046,-23.138337031558237
44207,2026-01-14,NO NAVEGA. LEDS PARPADEANDO/NO AMARRA,BASICO TV + INTERNET FIBRA 250MB ($399),FALLA TV IMAGEN BORRROSA ALGUNOS CANALES,,2026-01-16,5555555,CORTADO,PEDREGAL,,CO,BASINTF250,2025-11-27,,48.0,2,,
42296,2026-01-14,NO NAVEGA. LEDS PARPADEANDO/NO AMARRA,INTERNET FIBRA 60MB,LOS ROJO,ACOMETIDA,2026-01-19,1500047,ACTIVO,PRADOS VERDES,4857544357700C71,AC,INT20,2023-02-03,4857544357700C71,1076.0,5,42296,-32.7028795498084
41907,2026-01-14,NO NAVEGA. LEDS PARPADEANDO/NO AMARRA,INTERNET FIBRA 75MB,LOS ROJO,,2026-01-15,1500047,ACTIVO,MADERO,48575443481CAD93,AC,INT30,2022-11-22,48575443481CAD93,1149.0,1,41907,-20.11329109589034
45318,2026-01-14,EQUIPO DA?ADO,BASICO TV + INTERNET FIBRA 75MB,SIN COSTO TIT ENTERADO PIDE DAVID E,,2026-01-14,5555555,ACTIVO,PERIODISMO,XPONDD919FFE,AC,BASINT30,2025-06-06,XPONDD919FFE,222.0,0,45318,-25.577352573713295
2495,2026-01-14,NO NAVEGA. LEDS PARPADEANDO/NO AMARRA,BASICO TV + INTERNET FIBRA 60MB,LOS ROJO,JV SIGUE SIENDO COAXIAL,2026-01-21,1500374,ACTIVO,VIRREY,XPONDD43815B,AC,BASINT20,2014-02-13,XPONDD43815B,4353.0,7,2495,-27.478061674008757
40378,2026-01-14,NO NAVEGA. LEDS PARPADEANDO/NO AMARRA,INTERNET FIBRA 75MB,,,2026-01-15,1500047,ACTIVO,MADERO,XPONDD5CAB26,AC,INT30,2022-03-02,XPONDD5CAB26,1414.0,1,40378,-30.119389269406643
41887,2026-01-14,NO NAVEGA. LEDS PARPADEANDO/NO AMARRA,INTERNET FIBRA 75MB,,,2026-01-16,1500039,ACTIVO,PEDREGAL,XPONDD4C5CAA,AC,INT30,2023-11-15,XPONDD4C5CAA,791.0,2,41887,-23.43233470132231
32263,2026-01-15,NO NAVEGA. LEDS PARPADEANDO/NO AMARRA,BASICO TV + INTERNET FIBRA 250MB ($399),UN CAMION REVENTO LA FIBRA,JE FUERA DE LINEA REQUIERE VISITA,2026-01-19,1500039,ACTIVO,PERIODISMO,XPONAF4114FD,AC,BASINTF250,2025-11-29,XPONAF4114FD,47.0,4,32263,-26.387563718140914
37667,2026-01-15,NO NAVEGA. LEDS PARPADEANDO/NO AMARRA,INTERNET FIBRA 45MB (NO VIGENTE),LOS ROJO,JE FUERA DE LINEA REQUIERE VISITA,2026-01-23,1500046,CORTADO,PEDREGAL,485754434C6234A9,CO,INT10,2021-01-07,485754434C6234A9,1834.0,8,37667,-39.68518809849521
33845,2026-01-15,NO NAVEGA. LEDS PARPADEANDO/NO AMARRA,BASICO TV + INTERNET FIBRA 250MB ($399),LOS ROJO,JE MANDO A CC,2026-01-16,1500047,ACTIVO,MADERO,XPONDD91A41E,AC,BASINTF250,2018-06-01,XPONDD91A41E,2785.0,1,33845,-23.693304977945733
33845,2026-01-15,NO NAVEGA. LEDS PARPADEANDO/NO AMARRA,BASICO TV + INTERNET FIBRA 250MB ($399),LOS ROJO,JE MANDO A CC,2026-01-16,1500047,ACTIVO,MADERO,XPONDD91A41E,AC,BASINTF250,2018-06-01,XPONDD91A41E,2785.0,1,33845,-23.693304977945733
37965,2026-01-15,NO NAVEGA. LEDS FIJOS/RUIDO,INTERNET FIBRA 120MB,UN CONSUMO MUY BAJO E IRREGULAR,,2026-01-16,1500374,ACTIVO,VIRREY,XPONDD42BC83,AC,INT50,2021-02-25,XPONDD42BC83,1785.0,1,37965,-23.432184418146107
35914,2026-01-15,NO NAVEGA. LEDS PARPADEANDO/NO AMARRA,INTERNET FIBRA 75MB,,JE MANDO A CC,2026-01-21,1500046,ACTIVO,PEDREGAL,XPONDD91A92E,AC,INT30,2019-10-08,XPONDD91A92E,2291.0,6,35914,-23.8289238486092
10550,2026-01-15,NO NAVEGA. LEDS PARPADEANDO/NO AMARRA,INTERNET FIBRA 75MB,LOS ROJO,,2026-01-16,1500039,ACTIVO,PEDREGAL,XPONDD3C3740,AC,INT30,2014-10-02,XPONDD3C3740,4123.0,1,10550,-21.352894436844473
45351,2026-01-15,NO NAVEGA. LEDS FIJOS/RUIDO,BASICO TV + INTERNET FIBRA 250MB ($399),REQUIERE VISITA,,2026-01-16,1500374,BAJA,VIRREY,,BA,BASINTF250,2025-06-17,,212.0,1,,
41887,2026-01-15,MODEM DAÑADO/PERDIDO (COBRO),INTERNET FIBRA 75MB,ACEPTA CARGO PIDE DAVID PLAGA,,2026-01-16,1500039,ACTIVO,PEDREGAL,XPONDD4C5CAA,AC,INT30,2023-11-15,XPONDD4C5CAA,792.0,1,41887,-23.43233470132231
32960,2026-01-15,NO NAVEGA. LEDS PARPADEANDO/NO AMARRA,BASICO TV + INTERNET FIBRA 75MB,LOS ROJO,,2026-01-16,1500047,ACTIVO,MADERO,BTPTDD1FFD5A,AC,BASINT30,2017-12-12,BTPTDD1FFD5A,2956.0,1,32960,-20.396267123287746
44518,2026-01-15,CAMBIO DE ACOMETIDA,INTERNET FIBRA 60MB,TIT ENTERADO DE CAMBIO DE ACOMETIDA SIN COSTO SOLICITA TEC DAVID E,,2026-01-16,1500039,ACTIVO,PERIODISMO,XPONDD52FEC4,AC,INT20,2024-08-08,XPONDD52FEC4,525.0,1,44518,-29.276363068465795
41590,2026-01-15,NO NAVEGA. LEDS FIJOS/RUIDO,BASICO TV + INTERNET FIBRA 250MB ($399),CLIENTE COMENTA QUE NO HA TENIDO LOS MEGAS QUE SOLICITO,,2026-01-17,1500047,ACTIVO,PUNHUATO,HWTC5002682E,AC,BASINTF250,2025-04-04,HWTC5002682E,286.0,2,41590,-27.210280437756428
41590,2026-01-15,NO NAVEGA. LEDS FIJOS/RUIDO,BASICO TV + INTERNET FIBRA 250MB ($399),CLIENTE COMENTA QUE NO HA TENIDO LOS MEGAS QUE SOLICITO,,2026-01-17,1500047,ACTIVO,PUNHUATO,HWTC5002682E,AC,BASINTF250,2025-04-04,HWTC5002682E,286.0,2,41590,-27.210280437756428
28276,2026-01-15,NO NAVEGA. LEDS FIJOS/RUIDO,BASICO TV + INTERNET FIBRA 60MB,,,2026-01-19,1500039,ACTIVO,PERIODISMO,"204E7F15C7A1, XPON2EB6403",AC,BASINT20,2016-10-11,"204E7F15C7A1, XPON2EB6403",3383.0,4,28276,-25.14914855072461
38434,2026-01-15,NO NAVEGA. LEDS PARPADEANDO/NO AMARRA,BASICO TV + INTERNET FIBRA 250MB ($399),LOS ROJO. REALIZO EDWIN,JE MANDO A CC,2026-01-18,1500047,ACTIVO,PRADOS VERDES,HWTCAF3AC33A,AC,BASINTF250,2021-05-19,HWTCAF3AC33A,1702.0,3,38434,-27.827298850574618
29513,2026-01-15,NO NAVEGA. LEDS PARPADEANDO/NO AMARRA,INTERNET FIBRA 75MB,LOS ROJO,,2026-01-16,1500039,PENDIENTE DESCONEXION,PERIODISMO,,,,,,,1,29513,-27.94455897051508
29054,2026-01-15,NO NAVEGA. LEDS PARPADEANDO/NO AMARRA,INTERNET FIBRA 75MB,LOS ROJO,,2026-01-16,1500039,ACTIVO,PEDREGAL,XPONDD28C9F8,AC,INT30,2016-11-09,XPONDD28C9F8,3354.0,1,29054,-20.231282489740103
41026,2026-01-15,NO NAVEGA. LEDS PARPADEANDO/NO AMARRA,BASICO TV + INTERNET FIBRA 150MB,COMENTA QUE LA TV SE CON MUCHAS RAYAS,,2026-01-17,1500047,ACTIVO,PUNHUATO,XPONDD91A31E,AC,BASINT100,2022-06-20,XPONDD91A31E,1305.0,2,41026,-25.505759233926213
45873,2026-01-15,NO NAVEGA. LEDS PARPADEANDO/NO AMARRA,BASICO TV + INTERNET FIBRA 250MB ($399),LOS ROJO,,2026-01-16,1500039,ACTIVO,PEDREGAL,XPONDD7EAA36,AC,BASINTF250,2025-10-24,XPONDD7EAA36,83.0,1,45873,-20.63041723666209
45873,2026-01-15,NO NAVEGA. LEDS PARPADEANDO/NO AMARRA,BASICO TV + INTERNET FIBRA 250MB ($399),AMBOS SERVICIOS,,2026-01-16,1500039,ACTIVO,PEDREGAL,XPONDD7EAA36,AC,BASINTF250,2025-10-24,XPONDD7EAA36,83.0,1,45873,-20.63041723666209
348790,2026-01-15,NO NAVEGA. LEDS PARPADEANDO/NO AMARRA,BASICO TV + INTERNET FIBRA 75MB,LOS ROJO,JE MANDO A CC,2026-01-17,1500036,ACTIVO,PRADOS VERDES,BTPTDD1FFE1A,AC,BASINT30,2016-12-02,BTPTDD1FFE1A,3331.0,2,348790,-20.06354382183908
333814,2026-01-15,NO NAVEGA. LEDS PARPADEANDO/NO AMARRA,BASICO TV + INTERNET FIBRA 75MB,,,2026-01-16,1500047,ACTIVO,MADERO,XPONDD58FB70,AC,BASINT30,2013-11-27,XPONDD58FB70,4432.0,1,333814,-28.616956621004537
30035,2026-01-15,NO NAVEGA. LEDS PARPADEANDO/NO AMARRA,INTERNET FIBRA 45MB (NO VIGENTE),LOS ROJO,,2026-01-16,1500047,ACTIVO,MADERO,OPTI38C04F15,AC,INT10,2017-02-11,OPTI38C04F15,3260.0,1,30035,-30.959288645691064
43005,2026-01-15,NO NAVEGA. LEDS PARPADEANDO/NO AMARRA,BASICO TV + INTERNET FIBRA 60MB,LOS ROJO,JE MANDO A CC,2026-01-17,1500047,ACTIVO,MADERO,XPONDD3FC1A7,AC,BASINT20,2023-07-10,XPONDD3FC1A7,920.0,2,43005,-24.040154109588936
32334,2026-01-16,NO NAVEGA. LEDS PARPADEANDO/NO AMARRA,BASICO TV + INTERNET FIBRA 75MB,LOS ROJO. REALIZO EDWIN EQUIPO DAÑADO.,JE MANDO A CC,2026-01-18,1500047,ACTIVO,PRADOS VERDES,XPONDD3FB5FF,AC,BASINT30,2017-10-04,XPONDD3FB5FF,3026.0,2,32334,-31.84725981800765
44958,2026-01-16,NO NAVEGA. LEDS FIJOS/RUIDO,INTERNET FIBRA 120MB,,JE FUERA DE LINEA REQUIERE VISITA,2026-01-23,1500046,ACTIVO,PEDREGAL,XPON1D42EE2C,AC,INT50,2025-01-21,XPON1D42EE2C,360.0,7,44958,-26.946051071591455
41026,2026-01-16,EQUIPO DA?ADO,BASICO TV + INTERNET FIBRA 150MB,TIT ENTERADO DE CAMBIO DE MODEM SIN COSTO SOLICITA ING UBER,,2026-01-17,5555555,ACTIVO,PUNHUATO,XPONDD91A31E,AC,BASINT100,2022-06-20,XPONDD91A31E,1306.0,1,41026,-25.505759233926213
32649,2026-01-16,NO NAVEGA. LEDS PARPADEANDO/NO AMARRA,INTERNET FIBRA 60MB,LOS ROJO,JE MANDO A CC,2026-01-17,1500047,ACTIVO,MADERO,XPONDD3FD427,AC,INT20,2023-06-07,XPONDD3FD427,954.0,1,32649,-23.46411073059365
29513,2026-01-16,EQUIPO DA?ADO,INTERNET FIBRA 75MB,TIT ENTERADO DE CAMBIO DE MODEM SIN COSTO SOLICITA TEC DAVID E,,2026-01-16,1500039,PENDIENTE DESCONEXION,PERIODISMO,,,,,,,0,29513,-27.94455897051508
29513,2026-01-16,CAMBIO DE ACOMETIDA,INTERNET FIBRA 75MB,TIT ENTERADO DE CAMBIO DE ACOMETIDA SIN COSTO SOLICITA TEC DAVID E,,2026-01-16,1500039,PENDIENTE DESCONEXION,PERIODISMO,,,,,,,0,29513,-27.94455897051508
334030,2026-01-16,NO NAVEGA. LEDS PARPADEANDO/NO AMARRA,INTERNET FIBRA 60MB,LOS ROJO,JV OFFLINE REQ VISITA,2026-01-20,1500374,ACTIVO,VIRREY,OPTI41FCB405,AC,INT20,2024-07-08,OPTI41FCB405,557.0,4,334030,-27.292273175542327
37240,2026-01-16,NO NAVEGA. LEDS PARPADEANDO/NO AMARRA,INTERNET FIBRA 60MB,LOS ROJO. REALIZO EDWIN,JE FUERA DE LINEA REQUIERE VISITA,2026-01-17,1500047,ACTIVO,MADERO,XPONDD5CA41E,AC,INT20,2020-10-08,XPONDD5CA41E,1926.0,1,37240,-27.497723177723056
42021,2026-01-16,NO NAVEGA. LEDS PARPADEANDO/NO AMARRA,BASICO TV + INTERNET FIBRA 250MB ($399),,JE MANDO A CC,2026-01-17,1500036,ACTIVO,PRADOS VERDES,CDTCAFA3BB46,AC,BASINTF250,2022-12-02,CDTCAFA3BB46,1141.0,1,42021,-19.244843151341055
37576,2026-01-16,NO NAVEGA. LEDS PARPADEANDO/NO AMARRA,INTERNET FIBRA 60MB,LOS ROJO. REALIZO EDWIN,JE MANDO A CC,2026-01-18,1500047,ACTIVO,PRADOS VERDES,HWTC1DD876B0,AC,INT20,2025-12-04,HWTC1DD876B0,43.0,2,37576,-18.260752634099568
43130,2026-01-16,CAMBIO DE ACOMETIDA,INTERNET FIBRA 120MB,SIN COSTO TIT ENTERADO PIDE ULISES,,2026-01-16,1500374,ACTIVO,BELO,XPONDD41EC8B,AC,INT50,2023-07-18,XPONDD41EC8B,913.0,0,43130,-24.274705654354694
349106,2026-01-16,NO NAVEGA. LEDS PARPADEANDO/NO AMARRA,INTERNET FIBRA 75MB,CLIENTE COMENTA QUE SE VAN ALA SEÑAL DE INTERNET Y TELEVISION,JE NIVEL BAJO REQUIERE VISITA,2026-01-23,1500046,ACTIVO,PERIODISMO,XPONDD41D373,AC,INT30,2017-07-20,XPONDD41D373,3102.0,7,349106,-30.078005997001586
7235,2026-01-16,CAMBIO DE ACOMETIDA,BASICO TELECABLE FIBRA,SIN COSTO TIT ENTERADO PIDE DAVID E,,2026-01-16,1500039,ACTIVO,PEDREGAL,HWTC2E3E4D7D,,,,,,0,7235,-23.27574669402651
17,2026-01-16,NO NAVEGA. LEDS PARPADEANDO/NO AMARRA,BASICO TV + INTERNET FIBRA 60MB,LOS ROJO,JE FUERA DE LINEA REQUIERE VISITA,2026-01-17,1500047,ACTIVO,MADERO,XPONDD39594C,AC,BASINT20,2017-01-18,XPONDD39594C,3285.0,1,17,-29.8578447488585
42795,2026-01-16,NO NAVEGA. LEDS PARPADEANDO/NO AMARRA,INTERNET FIBRA 60MB,CABLE TROZADO. REALIZO EDWIN.,JV OFFLINE REQ VISITA,2026-01-18,1500047,ACTIVO,VIRREY,XPONDD3FCBE7,AC,INT20,2023-05-19,XPONDD3FCBE7,973.0,2,42795,-29.106659270217193
345741,2026-01-16,NO NAVEGA. LEDS PARPADEANDO/NO AMARRA,BASICO TV + INTERNET FIBRA 60MB,LOS ROJO AMBOS SERVICIOS,JE FUERA DE LINEA REQUIERE VISITA,2026-01-21,1500046,ACTIVO,PEDREGAL,XPONDD3F456F,AC,BASINT20,2015-06-12,XPONDD3F456F,3871.0,5,345741,-26.56209188326487
37644,2026-01-16,NO NAVEGA. LEDS PARPADEANDO/NO AMARRA,BASICO TV + INTERNET FIBRA 250MB ($399),LOS ROJO SIN SEÑAL EN AMBOS SERVICIOS,JE FUERA DE LINEA REQUIERE VISITA,2026-01-21,1500039,ACTIVO,PEDREGAL,XPONDD919536,AC,BASINTF250,2026-01-16,XPONDD919536,0.0,5,37644,-28.119436141304252
43044,2026-01-17,NO NAVEGA. LEDS PARPADEANDO/NO AMARRA,INTERNET FIBRA 60MB,LOS ROJO,"JE FUERA DE LINEA REQUIERE VISITA, CVAJA DAÑADA",2026-01-19,1500047,ACTIVO,PUNHUATO,XPON1D41DA44,AC,INT20,2023-07-05,XPON1D41DA44,927.0,2,43044,-25.14837437300493
41276,2026-01-17,NO NAVEGA. LEDS PARPADEANDO/NO AMARRA,BASICO TV + INTERNET FIBRA 60MB,LOS ROJO SIN SEÑAL EN AMBOS SERVICIOS,"JE FUERA DE LINEA REQUIERE VISITA, CAJA DAÑADA",2026-01-19,1500047,ACTIVO,PUNHUATO,XPONDD32F9F6,AC,BASINT20,2022-08-01,XPONDD32F9F6,1265.0,2,41276,-26.878782489739912
40668,2026-01-17,NO NAVEGA. LEDS PARPADEANDO/NO AMARRA,INTERNET FIBRA 75MB,LOS ROJO. REALIZO EDWIN,JE FUERA DE LINEA REQUIERE VISITA,2026-01-17,1500036,ACTIVO,MADERO,4857544339A19CA9,AC,INT30,2022-04-12,4857544339A19CA9,1376.0,0,40668,-23.99512100456617
38579,2026-01-17,NO NAVEGA. LEDS PARPADEANDO/NO AMARRA,BASICO TV + INTERNET FIBRA 250MB ($399),LOS ROJO,JE FUERA DE LINEA REQUIERE VISITA,2026-01-20,1500047,ACTIVO,PRADOS VERDES,HWTCAFAB568F,AC,BASINTF250,2021-06-15,HWTCAFAB568F,1677.0,3,38579,-21.81308716475097
32412,2026-01-17,NO NAVEGA. LEDS PARPADEANDO/NO AMARRA,INTERNET FIBRA 45MB (NO VIGENTE),LOS ROJO,JE FUERA DE LINEA REQUIERE VISITA,2026-01-20,1500039,ACTIVO,PEDREGAL,XPONDD5CE6C6,AC,INT10,2017-10-23,XPONDD5CE6C6,3008.0,3,32412,-31.095857273142094
45266,2026-01-17,NO NAVEGA. LEDS PARPADEANDO/NO AMARRA,BASICO TV + INTERNET FIBRA 250MB ($399),LOS ROJO  SIN SEÑAL EN AMBOS SERVICIOS,"JE FUERA DE LINEA REQUIERE VISITA, CAJA DAÑADA",2026-01-19,1500047,ACTIVO,PUNHUATO,HWTC1DD89EB8,AC,BASINTF250,2025-05-15,HWTC1DD89EB8,247.0,2,45266,-23.86134062927486
43856,2026-01-17,NO NAVEGA. LEDS PARPADEANDO/NO AMARRA,BASICO TV + INTERNET FIBRA 250MB ($399),CLIENTE COMENTA QUE NO CUENTA CON NINGUNO DE LOS DOS SERVICIOS,JV OFFLINE REQ VISITA,2026-01-20,1500374,ACTIVO,VIRREY,XPONDD7EAD46,AC,BASINTF250,2024-01-08,XPONDD7EAD46,740.0,3,43856,-27.24475221893503
39549,2026-01-17,NO NAVEGA. LEDS FIJOS/RUIDO,INTERNET FIBRA 60MB,HA FALLADO CONSTANTEMENTE APARTIR DEL MES DE DICIEMBRE.,,2026-01-20,1500047,ACTIVO,MADERO,XPONDD52D1FC,AC,INT20,2021-10-28,XPONDD52D1FC,1542.0,3,39549,-20.726969588122586
32516,2026-01-17,NO NAVEGA. LEDS PARPADEANDO/NO AMARRA,INTERNET FIBRA 60MB,LOS ROJO.  ACOMETIDA DAÑADA. REALIZO EDWIN.,JE FUERA DE LINEA REQUIERE VISITA,2026-01-18,1500047,ACTIVO,PRADOS VERDES,485754430949A686,AC,INT20,2017-10-26,485754430949A686,3005.0,1,32516,-24.252649185823742
44818,2026-01-17,NO NAVEGA. LEDS PARPADEANDO/NO AMARRA,INTERNET FIBRA 60MB,LOS ROJO,,2026-01-19,1500039,ACTIVO,PEDREGAL,XPONDD4C53CA,AC,INT20,2024-11-20,XPONDD4C53CA,423.0,2,44818,-26.077921796625578
39414,2026-01-17,NO NAVEGA. LEDS PARPADEANDO/NO AMARRA,BASICO TV + INTERNET FIBRA 250MB ($399),FUERA DE LINEA REQUIERE VISITA,,2026-01-19,1500039,ACTIVO,PEDREGAL,XPONDD919876,AC,BASINTF250,2026-01-17,XPONDD919876,0.0,2,39414,-30.213771631114177
46011,2026-01-18,NO NAVEGA. LEDS PARPADEANDO/NO AMARRA,BASICO TV + INTERNET FIBRA 250MB ($399),AMBOS SERVICION,CAJADAÑADA,2026-01-19,1500047,ACTIVO,PUNHUATO,XPONDD7EADD6,AC,BASINTF250,2025-11-14,XPONDD7EADD6,65.0,1,46011,-25.460064979480144
32334,2026-01-18,EQUIPO DA?ADO,BASICO TV + INTERNET FIBRA 75MB,TIT ENTERADO DE CAMBIO DE MODEM SIN COSTO SOLICITA TEC EDWIN,EL NUEVO EQUIPO SERA XPONDD3FB5FF,2026-01-18,1500047,ACTIVO,PRADOS VERDES,XPONDD3FB5FF,AC,BASINT30,2017-10-04,XPONDD3FB5FF,3028.0,0,32334,-31.84725981800765
36641,2026-01-18,NO NAVEGA. LEDS PARPADEANDO/NO AMARRA,BASICO TV + INTERNET FIBRA 75MB,EN NINGUN SERVICIO TIENE SEÑAL,,2026-01-20,1500374,ACTIVO,BELO,XPONDD2916F8,AC,BASINT30,2020-06-24,XPONDD2916F8,2034.0,2,36641,-23.61639192886454
336057,2026-01-19,NO NAVEGA. LEDS PARPADEANDO/NO AMARRA,BASICO TV + INTERNET 50MB (DOBLE MEGAS) (NO VIGENTE),LOS ROJO SIN SEÑAL DE AMBOS SERVICIO TIT SOLO LOS PUEDE ATENDER DE 2 A 3 30 PM EN EL DOMICILIO,,2026-01-23,1500374,ACTIVO,VIRREY,XPONDD5C1BBD,AC,BASINT50DM,2024-12-11,XPONDD5C1BBD,404.0,4,336057,-27.239757149901433
40668,2026-01-19,NO NAVEGA. LEDS PARPADEANDO/NO AMARRA,INTERNET FIBRA 75MB,LOS ROJO,,2026-01-20,1500047,ACTIVO,MADERO,4857544339A19CA9,AC,INT30,2022-04-12,4857544339A19CA9,1378.0,1,40668,-23.99512100456617
46081,2026-01-19,NO NAVEGA. LEDS PARPADEANDO/NO AMARRA,BASICO TV + INTERNET FIBRA 250MB ($399),TAMBIEN TIENE FALLA EN SU SERVICIO DE CABLE. FALLA EN AMBOS SERVICIOS.,,2026-01-20,1500374,ACTIVO,VIRREY,HWTCAFAB6AAB,AC,BASINTF250,2025-12-09,HWTCAFAB6AAB,41.0,1,46081,-28.735723619329573
26475,2026-01-19,NO NAVEGA. LEDS PARPADEANDO/NO AMARRA,BASICO TV + INTERNET FIBRA 60MB,NO PUEDE NAVEGAR,,2026-01-20,1500374,CORTESIA,BELO,4857544379CFBB9B,,,,,,1,26475,-22.114642042863625
46100,2026-01-19,NO NAVEGA. LEDS PARPADEANDO/NO AMARRA,BASICO TV + INTERNET FIBRA 250MB ($399),LOS ROJO,"ER, FUERA DE LINEA",2026-01-20,1501177,ACTIVO,NINO ARTILLERO,HWTCAFAB421F,AC,BASINTF250,2025-12-12,HWTCAFAB421F,38.0,1,46100,-26.32713406292748
46277,2026-01-19,NO NAVEGA. LEDS PARPADEANDO/NO AMARRA,BASICO TV + INTERNET FIBRA 250MB ($399),FOCO ROJO,,2026-01-22,1500374,ACTIVO,VISTA BELLA,XPONDD91A1D6,AC,BASINTF250,2026-01-16,XPONDD91A1D6,3.0,3,46277,-25.41732240437155
46260,2026-01-19,NO NAVEGA. LEDS PARPADEANDO/NO AMARRA,BASICO TV + INTERNET FIBRA 250MB ($399),SIN SEÑAL AMBOS SERVICIOS,,2026-01-22,1500374,ACTIVO,VISTA BELLA,HWTCAF3AE6FE,AC,BASINTF250,2026-01-07,HWTCAF3AE6FE,12.0,3,46260,-23.41314013840826
9487,2026-01-19,NO NAVEGA. LEDS PARPADEANDO/NO AMARRA,BASICO TV + INTERNET FIBRA 60MB,,,2026-01-20,1500374,CORTESIA,BELO,HWTC1DD40928,,,,,,1,9487,-25.127484040127754
37322,2026-01-19,NO NAVEGA. LEDS FIJOS/RUIDO,INTERNET FIBRA 60MB,ES EQUIPO DE COAXIAL PERO NO LO DETECTA VA A NECESITAR VISITA,,2026-01-23,1500046,ACTIVO,PERIODISMO,XPONDD41EB83,AC,INT20,2020-10-27,XPONDD41EB83,1910.0,4,37322,-32.708958618331685
46016,2026-01-19,NO NAVEGA. LEDS PARPADEANDO/NO AMARRA,BASICO TV + INTERNET FIBRA 250MB ($399),,,2026-01-22,1500374,ACTIVO,VISTA BELLA,XPONDD7E946E,AC,BASINTF250,2025-11-19,XPONDD7E946E,61.0,3,46016,-26.398141814865394
6073,2026-01-19,NO NAVEGA. LEDS PARPADEANDO/NO AMARRA,BASICO TV + INTERNET FIBRA 250MB ($399),LOS ROJO,,2026-01-21,1500046,ACTIVO,PEDREGAL,XPONDD9197EE,AC,BASINTF250,2014-04-07,XPONDD9197EE,4305.0,2,6073,-20.11141156462585
45262,2026-01-19,NO NAVEGA. LEDS PARPADEANDO/NO AMARRA,BASICO TV + INTERNET 50MB (DOBLE MEGAS) (NO VIGENTE),SIGUE SIN SEÑAL,,2026-01-22,1500374,ACTIVO,VISTA BELLA,HWTC1DD88754,AC,BASINT50DM,2025-04-30,HWTC1DD88754,264.0,3,45262,-24.025910852713253
334030,2026-01-19,CAMBIO DE ACOMETIDA,INTERNET FIBRA 60MB,TIT ENTERADO DE CAMBIO DE ACOMETIDA SIN COSTO SOLICITA TEC JESUS,,2026-01-20,5555555,ACTIVO,VIRREY,OPTI41FCB405,AC,INT20,2024-07-08,OPTI41FCB405,560.0,1,334030,-27.292273175542327
2630,2026-01-19,NO NAVEGA. LEDS FIJOS/RUIDO,BASICO TV + INTERNET FIBRA 250MB ($399),FOCO ROJO,,2026-01-20,1500374,ACTIVO,VIRREY,XPONAF5B70E9,AC,BASINTF250,2025-09-22,XPONAF5B70E9,119.0,1,2630,-36.67977933925048
43585,2026-01-19,CAMBIO DE ACOMETIDA,INTERNET FIBRA 75MB,TIT ACEPTA CAMBIO DE ACOMETIDA SIN COSTO TEC JESUS,,2026-01-19,1501274,ACTIVO,VIRREY,OPTI37B0001D,AC,INT30,2023-11-01,OPTI37B0001D,810.0,0,43585,-37.908404832347124
24552,2026-01-19,NO NAVEGA. LEDS PARPADEANDO/NO AMARRA,INTERNET FIBRA 75MB,LOS ROJO,,2026-01-21,1500046,ACTIVO,PEDREGAL,48575443D027CF5B,AC,INT30,2022-12-17,48575443D027CF5B,1129.0,2,24552,-26.74546853625174
38419,2026-01-19,NO NAVEGA. LEDS PARPADEANDO/NO AMARRA,INTERNET FIBRA 75MB,LOS ROJO,,2026-01-20,1500047,ACTIVO,MADERO,48575443B72AF39D,AC,INT30,2021-05-11,48575443B72AF39D,1714.0,1,38419,-24.692365296803633
46334,2026-01-19,NO NAVEGA. LEDS PARPADEANDO/NO AMARRA,INTERNET FIBRA 120MB,LOS ROJO,,2026-01-20,1500047,ACTIVO,MADERO,XPONDD41EE13,AC,INT50,2026-01-08,XPONDD41EE13,11.0,1,46334,-25.42924408014572
22190,2026-01-20,NO NAVEGA. LEDS PARPADEANDO/NO AMARRA,BASICO TV + INTERNET FIBRA 250MB ($399),LOS ROJO AMBOS SERVICIOS,,2026-01-23,1500046,ACTIVO,PERIODISMO,XPONDD91AB2E,AC,BASINTF250,2026-01-16,XPONDD91AB2E,4.0,3,22190,-31.10341091091079
16881,2026-01-20,NO NAVEGA. LEDS PARPADEANDO/NO AMARRA,BASICO TV + INTERNET FIBRA 75MB,EN EL MONITOREO SI SE VEN ALGUNAS DESCONEXIONES SE RECOMIENDA VISITA,SE RECOMIENDA CAMBIO DE MODEM,2026-01-23,1500046,ACTIVO,PERIODISMO,OEMT3C1D271C,AC,BASINT30,2015-07-27,OEMT3C1D271C,3830.0,3,16881,-25.46733383308351
37667,2026-01-20,NO NAVEGA. LEDS PARPADEANDO/NO AMARRA,INTERNET FIBRA 45MB (NO VIGENTE),CLIENTE COMENTA QUE YA TIENE VARIOS DIAS SIN SEÑAL,| SE CUMPLE ORDEN || NO SE ATENDIO LA FALLA POR ESTAR ESTATUS CO,2026-02-12,1500926,CORTADO,PEDREGAL,485754434C6234A9,CO,INT10,2021-01-07,485754434C6234A9,1839.0,23,37667,-39.68518809849521
46081,2026-01-20,CAMBIO DE ACOMETIDA,BASICO TV + INTERNET FIBRA 250MB ($399),CLIENTE ENTERADO CAMBIO DE ACOMETIDA FERNANDO,,2026-01-20,1500374,ACTIVO,VIRREY,HWTCAFAB6AAB,AC,BASINTF250,2025-12-09,HWTCAFAB6AAB,42.0,0,46081,-28.735723619329573
39323,2026-01-20,NO NAVEGA. LEDS PARPADEANDO/NO AMARRA,INTERNET FIBRA 75MB,LOS ROJO,,2026-01-21,1500047,ACTIVO,MADERO,48575443258C27A9,AC,INT30,2021-09-16,48575443258C27A9,1587.0,1,39323,-26.80806164383553
2630,2026-01-20,CAMBIO DE ACOMETIDA,BASICO TV + INTERNET FIBRA 250MB ($399),TEC SOLICITA,,2026-01-20,1500374,ACTIVO,VIRREY,XPONAF5B70E9,AC,BASINTF250,2025-09-22,XPONAF5B70E9,120.0,0,2630,-36.67977933925048
345343,2026-01-20,NO NAVEGA. LEDS PARPADEANDO/NO AMARRA,BASICO TV + INTERNET FIBRA 45MB (NO VIGENTE),LOS ROJO,,2026-01-23,1500046,ACTIVO,PERIODISMO,XPONDD3FB277,AC,BASINT10,2015-02-18,XPONDD3FB277,3989.0,3,345343,-35.38394677661183
345116,2026-01-20,NO NAVEGA. LEDS PARPADEANDO/NO AMARRA,BASICO TV + INTERNET FIBRA 60MB,FOCO ROJO DESDE LA MAÑANA,,2026-01-21,1500374,ACTIVO,BELO,XPONDD39529C,AC,BASINT20,2014-07-01,XPONDD39529C,4221.0,1,345116,-22.31234610123125
19322,2026-01-20,NO NAVEGA. LEDS PARPADEANDO/NO AMARRA,BASICO TV + INTERNET FIBRA 75MB,AMBOS SERVICIOS,,2026-01-21,1500374,ACTIVO,VIRREY,XPONDD3031D6,AC,BASINT30,2015-10-21,XPONDD3031D6,3744.0,1,19322,-29.110163954635077
43267,2026-01-20,NO NAVEGA. LEDS PARPADEANDO/NO AMARRA,INTERNET FIBRA 60MB,LOS ROJO,,2026-01-23,1500046,ACTIVO,PEDREGAL,XPONDD4398A3,AC,INT20,2023-08-24,XPONDD4398A3,880.0,3,43267,-26.639534883720877
38979,2026-01-20,NO NAVEGA. LEDS PARPADEANDO/NO AMARRA,INTERNET FIBRA 60MB,LOS ROJO,,2026-01-22,1500374,ACTIVO,VISTA BELLA,XPONDD3FD77F,AC,INT20,2023-05-19,XPONDD3FD77F,977.0,2,38979,-29.839339945280617
45752,2026-01-21,NO NAVEGA. LEDS PARPADEANDO/NO AMARRA,BASICO TV + INTERNET FIBRA 250MB ($399),SIN SEÑAL EN NINGUN SERVICIO,,2026-01-23,1500046,ACTIVO,PERIODISMO,HWTCAF3AA73E,AC,BASINTF250,2025-10-03,HWTCAF3AA73E,110.0,2,45752,-22.557968515742125
2764,2026-01-21,NO NAVEGA. LEDS FIJOS/RUIDO,BASICO TV + INTERNET FIBRA 60MB,,,2026-01-23,1500046,ACTIVO,PEDREGAL,XPONDD2C0586,AC,BASINT20,2014-02-19,XPONDD2C0586,4354.0,2,2764,-22.806613087095293
35869,2026-01-21,NO NAVEGA. LEDS FIJOS/RUIDO,INTERNET FIBRA 60MB,FOCO ROJO,,2026-01-23,1500374,ACTIVO,BELO,48575443D05F675B,AC,INT20,2019-09-17,48575443D05F675B,2318.0,2,35869,-23.54484496124029
3754,2026-01-21,NO NAVEGA. LEDS PARPADEANDO/NO AMARRA,BASICO TV + INTERNET FIBRA 60MB,AMBOS SERVICIOS,,2026-01-23,1500047,ACTIVO,PRADOS VERDES,XPONDD291B28,AC,BASINT20,2016-07-06,XPONDD291B28,3486.0,2,3754,-20.68011278735632
45349,2026-01-21,NO NAVEGA. LEDS PARPADEANDO/NO AMARRA,BASICO TV + INTERNET 50MB (DOBLE MEGAS) (NO VIGENTE),LOS ROJO PASA HOY TEC FERNANDO,,2026-01-22,1500374,ACTIVO,VIRREY,HWTC1DD89D20,AC,BASINT50DM,2025-06-11,HWTC1DD89D20,224.0,1,45349,-21.24910693114453
33959,2026-01-21,NO NAVEGA. LEDS PARPADEANDO/NO AMARRA,INTERNET FIBRA 60MB,"EN EL MONITOREO SE VEN DESCONEXIONES Y PICOS ALTOS DE CONSUMO, REQUIERE VISITA, POR FAVOR",,2026-01-26,1500374,ACTIVO,VIRREY,48575443C2F1D4A9,AC,INT20,2018-05-29,48575443C2F1D4A9,2794.0,5,33959,-23.84035256410254
35914,2026-01-21,EQUIPO DA?ADO,INTERNET FIBRA 75MB,CAMBIO DE EQUIPO SIN COSTO TIT ENTERADO,,2026-01-21,1500046,ACTIVO,PEDREGAL,XPONDD91A92E,AC,INT30,2019-10-08,XPONDD91A92E,2297.0,0,35914,-23.8289238486092
7283,2026-01-21,NO NAVEGA. LEDS PARPADEANDO/NO AMARRA,BASICO TV + INTERNET FIBRA 250MB ($399),LOS ROJO,,2026-01-22,1500036,ACTIVO,PRADOS VERDES,XPONDD919D56,AC,BASINTF250,2014-05-10,XPONDD919D56,4274.0,1,7283,-25.07377675276752
34593,2026-01-21,NO NAVEGA. LEDS PARPADEANDO/NO AMARRA,INTERNET FIBRA 75MB,LOS ROJO,,2026-01-23,1500046,ACTIVO,PERIODISMO,XPONDD5CA55E,AC,INT30,2024-11-22,XPONDD5CA55E,425.0,2,34593,-20.02003875968996
45601,2026-01-22,NO NAVEGA. LEDS FIJOS/RUIDO,BASICO TV + INTERNET FIBRA 250MB ($399),NO NAVEGA CLIENTE REQUIERE VISITA COMENTA QUE EL TECNICO LE COMENTO QUE TIENE QUE REALIZAR CAMBIO DE MODEM,,2026-01-23,1500374,ACTIVO,VIRREY,XPONDD919A4E,AC,BASINTF250,2025-09-01,XPONDD919A4E,143.0,1,45601,-25.419609220907336
24552,2026-01-22,NO NAVEGA. LEDS PARPADEANDO/NO AMARRA,INTERNET FIBRA 75MB,LOS ROJO,,2026-01-23,1500046,ACTIVO,PEDREGAL,48575443D027CF5B,AC,INT30,2022-12-17,48575443D027CF5B,1132.0,1,24552,-26.74546853625174
19624,2026-01-22,NO NAVEGA. LEDS PARPADEANDO/NO AMARRA,BASICO TV + INTERNET FIBRA 250MB ($399),"NIVEL BAJO, REQUIERE VISITA",,2026-01-22,1500047,ACTIVO,MADERO,HWTCAF8FFE8D,AC,BASINTF250,2015-11-06,HWTCAF8FFE8D,3730.0,0,19624,-29.929498858447566
46225,2026-01-22,NO NAVEGA. LEDS PARPADEANDO/NO AMARRA,BASICO TV + INTERNET FIBRA 250MB ($399),NO TIENE ALCANCE,,2026-01-23,1501177,ACTIVO,NINO ARTILLERO,XPONDD7EA3B6,AC,BASINTF250,2026-01-02,XPONDD7EA3B6,20.0,1,46225,-22.501665471066463
36720,2026-01-22,NO NAVEGA. LEDS PARPADEANDO/NO AMARRA,BASICO TV + INTERNET FIBRA 250MB ($399),SE REVENTO LA FIBRA,,2026-01-24,1500046,ACTIVO,PEDREGAL,HWTCAFAB35E3,AC,BASINTF250,2020-07-15,HWTCAFAB35E3,2017.0,2,36720,-26.914399224806203
17024,2026-01-22,NO NAVEGA. LEDS PARPADEANDO/NO AMARRA,BASICO TV + INTERNET FIBRA 250MB ($399),,,2026-01-23,1500047,ACTIVO,MADERO,XPONDD919B5E,AC,BASINTF250,2017-09-28,XPONDD919B5E,3038.0,1,17024,-24.713844748858524
17024,2026-01-22,NO NAVEGA. LEDS PARPADEANDO/NO AMARRA,BASICO TV + INTERNET FIBRA 250MB ($399),,,2026-01-23,1500047,ACTIVO,MADERO,XPONDD919B5E,AC,BASINTF250,2017-09-28,XPONDD919B5E,3038.0,1,17024,-24.713844748858524
14519,2026-01-22,NO NAVEGA. LEDS PARPADEANDO/NO AMARRA,BASICO TV + INTERNET FIBRA 75MB,,,2026-01-23,1500046,ACTIVO,PERIODISMO,XPONDD2914C8,AC,BASINT30,2015-03-10,XPONDD2914C8,3971.0,1,14519,-26.450508495752253
38979,2026-01-23,NO NAVEGA. LEDS PARPADEANDO/NO AMARRA,INTERNET FIBRA 60MB,LOS ROJO,,2026-01-23,1500374,ACTIVO,VISTA BELLA,XPONDD3FD77F,AC,INT20,2023-05-19,XPONDD3FD77F,980.0,0,38979,-29.839339945280617
46100,2026-01-23,NO NAVEGA. LEDS PARPADEANDO/NO AMARRA,BASICO TV + INTERNET FIBRA 250MB ($399),LOS ROJO SIN SEÑAL EN AMBOS SERVICIOS,"ER, FUERA DE LINEA",2026-01-24,1501177,ACTIVO,NINO ARTILLERO,HWTCAFAB421F,AC,BASINTF250,2025-12-12,HWTCAFAB421F,42.0,1,46100,-26.32713406292748
38675,2026-01-23,NO NAVEGA. LEDS PARPADEANDO/NO AMARRA,BASICO TV + INTERNET FIBRA 60MB,FOCO ROJO,,2026-01-24,1500374,ACTIVO,BELO,BTPTDD251BAF,AC,BASINT20,2021-06-14,BTPTDD251BAF,1684.0,1,38675,-25.384933880529005
38764,2026-01-23,NO NAVEGA. LEDS PARPADEANDO/NO AMARRA,BASICO TV + INTERNET FIBRA 250MB ($399),LOS ROJO,,2026-01-24,1500047,ACTIVO,PRADOS VERDES,HWTCAFAB5683,AC,BASINTF250,2025-12-19,HWTCAFAB5683,35.0,1,38764,-23.677432950191562
37954,2026-01-23,NO NAVEGA. LEDS PARPADEANDO/NO AMARRA,INTERNET FIBRA 75MB,"MANDE RESET. PERO EN EL MONITOREO SE VE EL CONSUMO ANOMALO, SE RECOMIENDA VISITA",,2026-02-01,1500285,ACTIVO,VISTA BELLA,485754432B0D3629,AC,INT30,2021-02-25,485754432B0D3629,1793.0,9,37954,-23.435201778385817
42052,2026-01-23,NO NAVEGA. LEDS FIJOS/RUIDO,BASICO TV + INTERNET FIBRA 75MB,TIT REPORTA SEÑAL INTERMITENTE SOLICITA PASEN A DOM,,2026-01-24,1500374,ACTIVO,VIRREY,XPONDD314538,AC,BASINT30,2022-12-08,XPONDD314538,1142.0,1,42052,-21.672320019723777
15895,2026-01-23,NO NAVEGA. LEDS PARPADEANDO/NO AMARRA,BASICO TV + INTERNET FIBRA 60MB,LOS ROJO,,2026-01-24,1500047,ACTIVO,PRADOS VERDES,XPONDD2C393E,AC,BASINT20,2018-06-15,XPONDD2C393E,2779.0,1,15895,-23.893610632183922
45752,2026-01-23,CAMBIO DE ACOMETIDA,BASICO TV + INTERNET FIBRA 250MB ($399),TECNICO JORGE  SOLICITA DESDE EL POSTE AL MODEM SIN COSTO TIT ENTERADO,,2026-01-23,1500046,ACTIVO,PERIODISMO,HWTCAF3AA73E,AC,BASINTF250,2025-10-03,HWTCAF3AA73E,112.0,0,45752,-22.557968515742125
43991,2026-01-23,NO NAVEGA. LEDS PARPADEANDO/NO AMARRA,INTERNET FIBRA 120MB,LOS ROJO,,2026-01-24,1500047,ACTIVO,PRADOS VERDES,XPONDD4C3FB2,AC,INT50,2024-02-13,XPONDD4C3FB2,710.0,1,43991,-30.031740900383163
45601,2026-01-23,EQUIPO DA?ADO,BASICO TV + INTERNET FIBRA 250MB ($399),TIT ENTERADO DE CAMBIO DE MODEM SIN COSTO SOLICITA TEC FERNANDO,,2026-01-23,1500374,ACTIVO,VIRREY,XPONDD919A4E,AC,BASINTF250,2025-09-01,XPONDD919A4E,144.0,0,45601,-25.419609220907336
27734,2026-01-23,NO NAVEGA. LEDS FIJOS/RUIDO,INTERNET FIBRA 60MB,FUERA DE LINEA REQUIERE VISITA POR FAVOR,JV SE ATENDIO CON EL TECNICO,2026-01-26,1501451,ACTIVO,VIRREY,XPONDD3FC4C7,AC,INT20,2016-09-03,XPONDD3FC4C7,3429.0,3,27734,-26.962095660749565
46077,2026-01-23,NO NAVEGA. LEDS PARPADEANDO/NO AMARRA,BASICO TV + INTERNET FIBRA 250MB ($399),NECESITA VISITA TECNICA POR FAVOR,,2026-01-26,1500046,ACTIVO,PEDREGAL,XPONAF41152D,AC,BASINTF250,2025-12-03,XPONAF41152D,51.0,3,46077,-23.619140446876454
37054,2026-01-23,NO NAVEGA. LEDS PARPADEANDO/NO AMARRA,BASICO TV + INTERNET FIBRA 60MB,LOS ROJO,,2026-01-24,1500046,ACTIVO,PEDREGAL,XPONDD41D37B,AC,BASINT20,2020-09-04,XPONDD41D37B,1967.0,1,37054,-28.256454628362864
20839,2026-01-23,NO NAVEGA. LEDS PARPADEANDO/NO AMARRA,BASICO TV + INTERNET FIBRA 75MB,NIVEL MUY BAJO,,2026-01-26,1500046,ACTIVO,PEDREGAL,XPONDD28D388,AC,BASINT30,2021-03-19,XPONDD28D388,1771.0,3,20839,-36.228555631555054
38979,2026-01-23,CAMBIO DE ACOMETIDA,INTERNET FIBRA 60MB,CLIENTE ENTERADO PIDE FER,,2026-01-24,1500374,ACTIVO,VISTA BELLA,XPONDD3FD77F,AC,INT20,2023-05-19,XPONDD3FD77F,980.0,1,38979,-29.839339945280617
42242,2026-01-23,NO NAVEGA. LEDS PARPADEANDO/NO AMARRA,BASICO TV + INTERNET FIBRA 250MB ($399),MODEM APAGADO SIN SEÑAL EN AMBOS SERVICIOS,,2026-01-24,1500047,ACTIVO,MADERO,XPONDD91AA6,AC,BASINTF250,2026-01-19,XPONDD91AA6,4.0,1,42242,-29.841751412429375
40446,2026-01-23,NO NAVEGA. LEDS PARPADEANDO/NO AMARRA,INTERNET FIBRA 75MB,,,2026-01-26,1500047,ACTIVO,PRADOS VERDES,485754436C9CA8A9,AC,INT30,2022-03-04,485754436C9CA8A9,1421.0,3,40446,-25.58721842225268
346183,2026-01-23,NO NAVEGA. LEDS PARPADEANDO/NO AMARRA,INTERNET FIBRA 75MB,LOS ROJO,,2026-01-26,1500047,ACTIVO,PRADOS VERDES,OPTI37B0A8C5,AC,INT30,2015-07-27,OPTI37B0A8C5,3833.0,3,346183,-25.329545019157116
44958,2026-01-23,NO NAVEGA. LEDS PARPADEANDO/NO AMARRA,INTERNET FIBRA 120MB,LOS ROJO,,2026-01-26,1500046,ACTIVO,PEDREGAL,XPON1D42EE2C,AC,INT50,2025-01-21,XPON1D42EE2C,367.0,3,44958,-26.946051071591455
32754,2026-01-23,NO NAVEGA. LEDS PARPADEANDO/NO AMARRA,BASICO TV + INTERNET FIBRA 45MB (NO VIGENTE),AMBOS SERVICO,,2026-01-24,1500046,ACTIVO,PEDREGAL,XPONDD6EFEE3,AC,BASINT10,2017-11-16,XPONDD6EFEE3,2990.0,1,32754,-27.05841313269492
36536,2026-01-23,NO NAVEGA. LEDS PARPADEANDO/NO AMARRA,BASICO TV + INTERNET FIBRA 250MB ($399),LOS ROJO,,2026-01-26,1500046,ACTIVO,PERIODISMO,XPON2E1B63AF,AC,BASINTF250,2020-05-08,XPON2E1B63AF,2086.0,3,36536,-28.206779026217237
37034,2026-01-24,NO NAVEGA. LEDS PARPADEANDO/NO AMARRA,INTERNET FIBRA 60MB,LOS ROJO,"ER, FUERA DE LINEA",2026-01-26,1500047,ACTIVO,PRADOS VERDES,XPONDD6005FC,AC,INT20,2020-09-17,XPONDD6005FC,1955.0,2,37034,-26.39157806513419
46219,2026-01-24,CAMBIO DE ACOMETIDA,BASICO TELECABLE FIBRA,TIT ENTERADO DE CAMBIO DE ACOMETIDA SIN COSTO SOLICITA TEC RAUL,,2026-01-24,1501177,ACTIVO,QUINCEO,XPONDD7EA6FE,,,,,,0,46219,-28.733195559122496
37935,2026-01-24,NO NAVEGA. LEDS PARPADEANDO/NO AMARRA,BASICO TV + INTERNET FIBRA 45MB (NO VIGENTE),CLIENTE COMENTA QUE NO TIENE SEÑAL DE TV TAMPOCO,"ER, FUERA DE LINEA",2026-01-26,1500047,ACTIVO,PRADOS VERDES,HWTCAF3AE5EA,AC,BASINT10,2021-03-11,HWTCAF3AE5EA,1780.0,2,37935,-21.957772988505734
9602,2026-01-24,NO NAVEGA. LEDS PARPADEANDO/NO AMARRA,BASICO TV + INTERNET FIBRA 250MB ($399),LOS ROJO AMBOS SERVICIOS,"ER, FUERA DE LINEA",2026-01-26,1500046,ACTIVO,PERIODISMO,XPON2E1B63C7,AC,BASINTF250,2014-08-29,XPON2E1B63C7,4166.0,2,9602,-30.756459484346273
38675,2026-01-24,CAMBIO DE ACOMETIDA,BASICO TV + INTERNET FIBRA 60MB,TEC SOLCIITA OS TIT ENTERADO QUE NO TIENE COSTO,,2026-01-24,1500374,ACTIVO,BELO,BTPTDD251BAF,AC,BASINT20,2021-06-14,BTPTDD251BAF,1685.0,0,38675,-25.384933880529005
18822,2026-01-24,EQUIPO DA?ADO,BASICO TELECABLE FIBRA,CAMBIO DE EQUIPO SIN COSTO TIT ENETERADA || EDWIN ||,,2026-01-24,5555555,ACTIVO,MADERO,BTPTDD1FFCEA,,,,,,0,18822,-37.20660502283101
591,2026-01-24,NO NAVEGA. LEDS PARPADEANDO/NO AMARRA,BASICO TV + INTERNET FIBRA 75MB,LOS ROJO AMBOS SERVICIO,JV NIVEL BAJO REQ VISITA,2026-01-26,1500047,ACTIVO,MADERO,XPONDD2C0B3E,AC,BASINT30,2013-12-11,XPONDD2C0B3E,4427.0,2,591,-28.038694063926677
1100,2026-01-24,NO NAVEGA. LEDS PARPADEANDO/NO AMARRA,BASICO TV + INTERNET FIBRA 60MB,LOS ROJO,JV REQ VISITA,2026-01-26,1501451,ACTIVO,VIRREY,OEMT3C1D2594,AC,BASINT20,2014-01-08,OEMT3C1D2594,4399.0,2,1100,-20.686787475345216
16345,2026-01-24,NO NAVEGA. LEDS PARPADEANDO/NO AMARRA,BASICO TV + INTERNET XTREME (NO VIGENTE),SIGUE FUERA DE LINEA FAVOR DE NO CERRAR LA OS,JV OFFLINE REQ VISITA,2026-01-26,1500047,ACTIVO,MADERO,A021B774465A,AC,BASIESEP,2020-01-16,A021B774465A,2200.0,2,,
32895,2026-01-24,NO NAVEGA. LEDS PARPADEANDO/NO AMARRA,INTERNET FIBRA 60MB,,JV OFFLINE REQ VISITA,2026-01-26,1500047,ACTIVO,MADERO,485754432DEAEA8B,AC,INT20,2022-02-09,485754432DEAEA8B,1445.0,2,32895,-29.574313926940675
22253,2026-01-24,NO NAVEGA. LEDS PARPADEANDO/NO AMARRA,BASICO TV + INTERNET FIBRA 250MB ($399),LOS ROJO,"ER, VARIAS DESCONEXIONES",2026-01-26,1500046,ACTIVO,PEDREGAL,HWTCAF9065DD,AC,BASINTF250,2016-01-11,HWTCAF9065DD,3666.0,2,22253,-18.708997948016393
3582,2026-01-24,NO NAVEGA. LEDS PARPADEANDO/NO AMARRA,BASICO TV + INTERNET FIBRA 250MB ($399),CAMBLE TROZADO,"ER, REQUIERE VISITA, FUERA DE LINEA",2026-01-27,1500374,ACTIVO,VIRREY,XPONDD2908A0,AC,BASINTF250,2014-03-11,XPONDD2908A0,4337.0,3,3582,-23.337747781065094
46174,2026-01-24,NO NAVEGA. LEDS PARPADEANDO/NO AMARRA,BASICO TV + INTERNET FIBRA 250MB ($399),LOS ROJO,"ER, SE MANDA CONFIRMAR",2026-01-26,1501409,ACTIVO,NINO ARTILLERO,XPONDD7EA926,AC,BASINTF250,2025-12-31,XPONDD7EA926,24.0,2,46174,-22.18350661194718
45604,2026-01-24,NO NAVEGA. LEDS PARPADEANDO/NO AMARRA,BASICO TV + INTERNET FIBRA 250MB ($399),LO ROJO,"ER, SE MANDA CONFIRMAR",2026-01-26,1501409,ACTIVO,NINO ARTILLERO,HWTCAF3AD672,AC,BASINTF250,2025-09-09,HWTCAF3AD672,137.0,2,45604,-20.818490652074768
45956,2026-01-24,NO NAVEGA. LEDS PARPADEANDO/NO AMARRA,BASICO TV + INTERNET FIBRA 250MB ($399),LOS ROJO,"ER, SE MANDA CONFIRMAR",2026-01-26,1501177,ACTIVO,RICARDO FLORES MAGON,XPONDD7EA3DE,AC,BASINTF250,2025-11-08,XPONDD7EA3DE,77.0,2,45956,-26.173238714090093
46229,2026-01-24,NO NAVEGA. LEDS PARPADEANDO/NO AMARRA,BASICO TV + INTERNET FIBRA 250MB ($399),LOS ROJO,"ER, SE MANDA CONFIRMAR",2026-01-26,1501409,ACTIVO,RICARDO FLORES MAGON,XPONDD7EA36E,AC,BASINTF250,2026-01-07,XPONDD7EA36E,17.0,2,46229,-23.9873934945309
348448,2026-01-24,NO NAVEGA. LEDS PARPADEANDO/NO AMARRA,INTERNET FIBRA 75MB,LOS ROJ A,"ER, FUERA DE LINEA",2026-01-27,1500047,ACTIVO,MADERO,XPONDD53164C,AC,INT30,2025-07-30,XPONDD53164C,178.0,3,348448,-36.03585616438358
16258,2026-01-24,NO NAVEGA. LEDS PARPADEANDO/NO AMARRA,BASICO TV + INTERNET FIBRA 120MB,LOS ROJO,"ER, FUERA DE LINEA",2026-01-26,1500047,ACTIVO,PRADOS VERDES,XPONDD3E5B79,AC,BASINT50,2015-06-30,XPONDD3E5B79,3861.0,2,16258,-24.440156848658994
26568,2026-01-25,NO NAVEGA. LEDS PARPADEANDO/NO AMARRA,INTERNET FIBRA 45MB (NO VIGENTE),SIN CONEXION,JV SE ATENDIO CON EL TECNICO,2026-01-26,1501451,ACTIVO,BELO,XPONDD3E70CD,AC,INT10,2016-07-06,XPONDD3E70CD,3490.0,1,26568,-22.014726402188742
45350,2026-01-25,NO NAVEGA. LEDS PARPADEANDO/NO AMARRA,BASICO TV + INTERNET FIBRA 250MB ($399),"TIENE EL NIVEL BAJO, REQUIERE VISITA",,2026-01-26,1500046,ACTIVO,PERIODISMO,XPONDD5EBBE0,AC,BASINTF250,2025-06-10,XPONDD5EBBE0,229.0,1,45350,-29.00701899050503
45350,2026-01-25,NO NAVEGA. LEDS PARPADEANDO/NO AMARRA,BASICO TV + INTERNET FIBRA 250MB ($399),"TIENE EL NIVEL BAJO, REQUIERE VISITA",,2026-01-26,1500046,ACTIVO,PERIODISMO,XPONDD5EBBE0,AC,BASINTF250,2025-06-10,XPONDD5EBBE0,229.0,1,45350,-29.00701899050503
45402,2026-01-26,NO NAVEGA. LEDS PARPADEANDO/NO AMARRA,INTERNET FIBRA 60MB,UN CAMION REVENTO LA FIBRA,JE VISITA PARA CHECAR EN DOMICILIO,2026-01-26,1500046,ACTIVO,PEDREGAL,XPONDD5FF3D4,AC,INT20,2025-06-25,XPONDD5FF3D4,215.0,0,,
37935,2026-01-26,CAMBIO DE ACOMETIDA,BASICO TV + INTERNET FIBRA 45MB (NO VIGENTE),SIN COSTO DEL POSTE AL MODEM CLIENTE ENTERADO PIDE DANIEL,,2026-01-27,1500047,ACTIVO,PRADOS VERDES,HWTCAF3AE5EA,AC,BASINT10,2021-03-11,HWTCAF3AE5EA,1782.0,1,37935,-21.957772988505734
38842,2026-01-26,NO NAVEGA. LEDS PARPADEANDO/NO AMARRA,INTERNET FIBRA 60MB,LOS ROJO,,2026-01-27,1500374,ACTIVO,BELO,485754431F7C6D8F,AC,INT20,2021-07-23,485754431F7C6D8F,1648.0,1,38842,-23.268785909712765
44961,2026-01-26,NO NAVEGA. LEDS PARPADEANDO/NO AMARRA,BASICO TV + INTERNET 50MB (DOBLE MEGAS) (NO VIGENTE),SIN CONEXION,,2026-01-31,1500285,ACTIVO,VIRREY,XPON1D431424,AC,BASINT50DM,2025-01-20,XPON1D431424,371.0,5,44961,-19.803722879684486
45402,2026-01-26,CAMBIO DE ACOMETIDA,INTERNET FIBRA 60MB,TIT ENTERADO DE CAMBIO DE ACOMETIDA SIN COSTO SOLICITA TEC JORGE,,2026-01-26,1500046,ACTIVO,PEDREGAL,XPONDD5FF3D4,AC,INT20,2025-06-25,XPONDD5FF3D4,215.0,0,,
38964,2026-01-26,NO NAVEGA. LEDS PARPADEANDO/NO AMARRA,INTERNET FIBRA 75MB,LOS ROJO,JE FUERA DE LINEA REQUIERE VISITA,2026-01-27,1500039,ACTIVO,PERIODISMO,485754431A51A69A,AC,INT30,2021-08-16,485754431A51A69A,1624.0,1,38964,-27.33791229385305
15936,2026-01-26,NO NAVEGA. LEDS FIJOS/RUIDO,BASICO TV + INTERNET FIBRA 250MB ($399),TIT PIDE PASE EL TEC A REVISAR EL ALCANCE DE LA VELOCIDAD NO LLEGA AL PATIO,JE VISITA PARA CHECAR EN DOMICILIO,2026-01-27,1500047,ACTIVO,MADERO,"HWTC1DD40AB0, XPONDD91A906",AC,BASINTF250,2015-06-17,"HWTC1DD40AB0, XPONDD91A906",3876.0,1,15936,-23.39978881278533
42737,2026-01-26,NO NAVEGA. LEDS FIJOS/RUIDO,INTERNET FIBRA 75MB,,,2026-01-28,1500374,ACTIVO,VIRREY,XPONDD3E6DED,AC,INT30,2023-05-05,XPONDD3E6DED,997.0,2,42737,-38.46690581854047
37962,2026-01-26,NO NAVEGA. LEDS PARPADEANDO/NO AMARRA,BASICO TV + INTERNET FIBRA 60MB,LOS ROJO,,2026-01-27,1500047,ACTIVO,PRADOS VERDES,XPONDD43931B,AC,BASINT20,2021-02-27,XPONDD43931B,1794.0,1,37962,-22.510120210728015
1100,2026-01-26,EQUIPO DA?ADO,BASICO TV + INTERNET FIBRA 60MB,CAMBIO DE EQUIPO SIN COSTO TIT ENTERADO,,2026-01-26,1500374,ACTIVO,VIRREY,OEMT3C1D2594,AC,BASINT20,2014-01-08,OEMT3C1D2594,4401.0,0,1100,-20.686787475345216
16942,2026-01-26,NO NAVEGA. LEDS PARPADEANDO/NO AMARRA,INTERNET FIBRA 60MB,LOS ROJO,,2026-01-27,1500039,ACTIVO,PEDREGAL,XPON1D41DA38,AC,INT20,2025-08-07,XPON1D41DA38,172.0,1,16942,-32.56223324213409
45821,2026-01-26,NO NAVEGA. LEDS PARPADEANDO/NO AMARRA,INTERNET FIBRA 60MB,SEÑAL MUY INTERMITENTE,"ER, SE REVISA CON EL TECNICO",2026-01-27,1500503,ACTIVO,SANTIAGUITO,XPONAF19AB04,AC,INT20,2025-10-14,XPONAF19AB04,104.0,1,45821,-22.57629274965806
32712,2026-01-26,NO NAVEGA. LEDS PARPADEANDO/NO AMARRA,INTERNET FIBRA 60MB,LOS ROJO,,2026-01-28,1500039,ACTIVO,PERIODISMO,485754432AD5999D,AC,INT20,2017-11-22,485754432AD5999D,2987.0,2,32712,-20.774264117941147
16942,2026-01-26,NO NAVEGA. LEDS FIJOS/RUIDO,INTERNET FIBRA 60MB,,,2026-01-27,1500039,ACTIVO,PEDREGAL,XPON1D41DA38,AC,INT20,2025-08-07,XPON1D41DA38,172.0,1,16942,-32.56223324213409
32334,2026-01-26,NO NAVEGA. LEDS PARPADEANDO/NO AMARRA,BASICO TV + INTERNET FIBRA 75MB,LOS ROJO,,2026-01-28,1500047,ACTIVO,PRADOS VERDES,XPONDD3FB5FF,AC,BASINT30,2017-10-04,XPONDD3FB5FF,3036.0,2,32334,-31.84725981800765
46245,2026-01-27,NO NAVEGA. LEDS PARPADEANDO/NO AMARRA,BASICO TV + INTERNET FIBRA 250MB ($399),LOS ROJO SIN SEÑAL EN AMBOS SERVICIO TIT COMENTA QUE LOS CABLES ESTAN CORTADOS,"ER, FUERA DE LINEA",2026-01-28,1501177,ACTIVO,EL REALITO,XPONDD91A1E6,AC,BASINTF250,2026-01-07,XPONDD91A1E6,20.0,1,46245,-25.9604449275362
10627,2026-01-27,NO NAVEGA. LEDS FIJOS/RUIDO,INTERNET FIBRA 75MB,TIENE NIVEL BAJO REQUIERE VISITA,,2026-01-27,1500047,ACTIVO,PRADOS VERDES,OPTI37B0A7A5,AC,INT30,2024-02-01,OPTI37B0A7A5,726.0,0,10627,-29.403819444444732
38138,2026-01-27,NO NAVEGA. LEDS PARPADEANDO/NO AMARRA,INTERNET FIBRA 75MB,COMENTA QUE LE HA FALLADO CON FRECUENCIA Y SOLO SE CONECTA UNO,JV SE ATENDIO CON EL TECNICO,2026-01-28,1501451,ACTIVO,MIL CUMBRES,XPONDD5FFE7C,AC,INT30,2021-04-14,XPONDD5FFE7C,1749.0,1,38138,-23.071153670770656
38964,2026-01-27,CAMBIO DE ACOMETIDA,INTERNET FIBRA 75MB,TIT  ENTERADO DE CAMBIO DE ACOMETIDA SIN COSTOSOLICITA TEC DAVID E,,2026-01-27,1500039,ACTIVO,PERIODISMO,485754431A51A69A,AC,INT30,2021-08-16,485754431A51A69A,1625.0,0,38964,-27.33791229385305
45594,2026-01-27,NO NAVEGA. LEDS FIJOS/RUIDO,BASICO TV + INTERNET FIBRA 250MB ($399),,,2026-01-28,1500039,ACTIVO,PEDREGAL,HWTCAF3AC32E,AC,BASINTF250,2025-09-03,HWTCAF3AC32E,146.0,1,45594,-21.383177154582768
45143,2026-01-27,NO NAVEGA. LEDS PARPADEANDO/NO AMARRA,INTERNET FIBRA 75MB,LOS ROJO,,2026-01-28,1500926,ACTIVO,PERIODISMO,XPONDD5CB59E,AC,INT30,2025-03-21,XPONDD5CB59E,312.0,1,45143,-29.910278610694753
1441,2026-01-27,NO NAVEGA. LEDS FIJOS/RUIDO,BASICO TV + INTERNET FIBRA 75MB,FUERA DE LINEA,,2026-01-27,1500047,ACTIVO,MADERO,XPONDD355062,AC,BASINT30,2021-06-15,XPONDD355062,1687.0,0,1441,-29.932993150685
44218,2026-01-27,NO NAVEGA. LEDS FIJOS/RUIDO,INTERNET FIBRA 75MB,TIENE NIVEL BAJO REQUIERE VISITA,,2026-01-27,1500047,ACTIVO,PRADOS VERDES,48575443D0337285B,AC,INT30,2025-08-15,48575443D0337285B,165.0,0,44218,-29.964488745210797
40774,2026-01-27,NO NAVEGA. LEDS PARPADEANDO/NO AMARRA,INTERNET FIBRA 75MB,LOS ROJO,,2026-01-28,1501451,PENDIENTE DESCONEXION,PERIODISMO,,,,,,,1,40774,-21.891703431372527
45646,2026-01-27,NO NAVEGA. LEDS PARPADEANDO/NO AMARRA,INTERNET FIBRA 60MB,LOS ROJO,,2026-01-28,1500926,ACTIVO,PERIODISMO,HWTCAF3AB2BA,AC,INT20,2025-09-15,HWTCAF3AB2BA,134.0,1,45646,-21.591180659670304
21614,2026-01-27,NO NAVEGA. LEDS PARPADEANDO/NO AMARRA,INTERNET FIBRA 75MB,LOS ROJO,,2026-01-29,1500926,ACTIVO,PERIODISMO,XPONDD439E13,AC,INT30,2016-01-04,XPONDD439E13,3676.0,2,21614,-26.23839580209892
14311,2026-01-27,NO NAVEGA. LEDS PARPADEANDO/NO AMARRA,BASICO TV + INTERNET FIBRA 75MB,AMBOS SERVICIOS,,2026-01-28,1500926,ACTIVO,PERIODISMO,XPONDD4C6D02,AC,BASINT30,2015-02-28,XPONDD4C6D02,3986.0,1,14311,-22.540940779610164
46092,2026-01-27,NO NAVEGA. LEDS PARPADEANDO/NO AMARRA,BASICO TV + INTERNET FIBRA 250MB ($399),LOS ROJO,,2026-01-30,1500374,ACTIVO,VISTA BELLA,HWTCAFAB40C3,AC,BASINTF250,2025-12-12,HWTCAFAB40C3,46.0,3,46092,-22.43694368445048
335990,2026-01-27,NO NAVEGA. LEDS PARPADEANDO/NO AMARRA,BASICO TV + INTERNET FIBRA 250MB ($399),LOS ROJO,,2026-01-28,1500047,ACTIVO,PRADOS VERDES,XPONDD919B8E,AC,BASINTF250,2014-03-01,XPONDD919B8E,4350.0,1,335990,-29.31449404761908
30424,2026-01-27,NO NAVEGA. LEDS PARPADEANDO/NO AMARRA,INTERNET FIBRA 120MB,LOS ROJO,,2026-01-31,1500285,ACTIVO,BELO,XPONDD3F600F,AC,INT50,2017-02-25,XPONDD3F600F,3258.0,4,30424,-20.98810601915183
20029,2026-01-28,NO NAVEGA. LEDS PARPADEANDO/NO AMARRA,BASICO TV + INTERNET FIBRA 60MB,LOS ROJO  SIN SEÑAL EN AMBOS SERVICIOS,,2026-01-30,1500047,ACTIVO,PRADOS VERDES,XPONDD3C4000,AC,BASINT20,2019-10-15,XPONDD3C4000,2297.0,2,20029,-23.16210871647509
46336,2026-01-28,NO NAVEGA. LEDS PARPADEANDO/NO AMARRA,BASICO TV + INTERNET FIBRA 250MB ($399),LOS ROJO,,2026-01-28,1500039,ACTIVO,PEDREGAL,CDTCAFA3BC12,AC,BASINTF250,2026-01-28,CDTCAFA3BC12,0.0,0,46336,-23.121608910891084
30952,2026-01-28,NO NAVEGA. LEDS PARPADEANDO/NO AMARRA,INTERNET FIBRA 60MB,LOS ROJO,,2026-01-28,1500926,ACTIVO,PERIODISMO,XPONDD4C6042,AC,INT20,2017-04-10,XPONDD4C6042,3215.0,0,30952,-26.909842578710446
13710,2026-01-28,NO NAVEGA. LEDS PARPADEANDO/NO AMARRA,INTERNET FIBRA 45MB (NO VIGENTE),LOS ROJO,,2026-01-29,1500926,ACTIVO,PERIODISMO,XPONDD45B3FA,AC,INT10,2020-10-20,XPONDD45B3FA,1926.0,1,13710,-25.071290604697605
12674,2026-01-28,NO NAVEGA. LEDS PARPADEANDO/NO AMARRA,BASICO TV + INTERNET FIBRA 250MB ($399),FOCO ROJO,,2026-01-29,1500374,ACTIVO,BELO,HWTCAFAB4363,AC,BASINTF250,2014-12-17,HWTCAFAB4363,4060.0,1,12674,-21.776048791609618
43489,2026-01-28,NO NAVEGA. LEDS PARPADEANDO/NO AMARRA,INTERNET FIBRA 60MB,LOS ROJO,,2026-01-29,1500374,ACTIVO,BELO,XPONDD45BEE2,AC,INT20,2023-09-21,XPONDD45BEE2,860.0,1,43489,-21.922503419972617
46337,2026-01-28,NO NAVEGA. LEDS PARPADEANDO/NO AMARRA,INTERNET FIBRA 60MB,LOS ROJO,CONFIRMA SEÑAL CALL CENTER,2026-01-29,1500039,ACTIVO,PEDREGAL,CDTCAFA3BBB2,AC,INT20,2026-01-28,CDTCAFA3BBB2,0.0,1,46337,-23.956936274509808
46100,2026-01-28,NO NAVEGA. LEDS PARPADEANDO/NO AMARRA,BASICO TV + INTERNET FIBRA 250MB ($399),LOS ROJO SIGUE SIN SEÑAL || SE CAMBIO ELIMINADOR ||,"ER, FUERA DE LINEA",2026-01-30,1501177,ACTIVO,NINO ARTILLERO,HWTCAFAB421F,AC,BASINTF250,2025-12-12,HWTCAFAB421F,47.0,2,46100,-26.32713406292748
344466,2026-01-28,NO NAVEGA. LEDS PARPADEANDO/NO AMARRA,BASICO TV + INTERNET FIBRA 250MB ($399),SIN SEÑAL AMBOS SERVICIOS,,2026-01-31,1500047,ACTIVO,PRADOS VERDES,XPON1D42D9BC,AC,BASINTF250,2025-02-08,XPON1D42D9BC,354.0,3,344466,-19.31655292145594
44192,2026-01-28,NO NAVEGA. LEDS PARPADEANDO/NO AMARRA,INTERNET FIBRA 75MB,FOCO ROJO,,2026-01-30,1500374,ACTIVO,VISTA BELLA,XPONDD4CE382,AC,INT30,2024-04-10,XPONDD4CE382,658.0,2,44192,-24.58630642954854
10701,2026-01-28,NO NAVEGA. LEDS PARPADEANDO/NO AMARRA,BASICO TV + INTERNET FIBRA 60MB,LOS ROJO,,2026-01-29,1500926,ACTIVO,PERIODISMO,BTPTDD28F858,AC,BASINT20,2014-10-09,BTPTDD28F858,4129.0,1,10701,-22.758419540229823
1185,2026-01-28,NO NAVEGA. LEDS PARPADEANDO/NO AMARRA,BASICO TV + INTERNET FIBRA 60MB,LOS ROJO AMBOS SERVICIOS CABLESEN EL SUELO,,2026-01-30,1500374,CORTADO,VIRREY,XPONDD4C7702,CO,BASINT20,2014-01-08,XPONDD4C7702,4403.0,2,1185,-24.241722140039638
45909,2026-01-28,NO NAVEGA. LEDS FIJOS/RUIDO,BASICO TV + INTERNET FIBRA 250MB ($399),SEÑAL INTERMITENTE,"ER, SE RECOMIENDA VISITA",2026-01-29,1501177,ACTIVO,RICARDO FLORES MAGON,XPONDD7E9DF6,AC,BASINTF250,2025-10-28,XPONDD7E9DF6,92.0,1,45909,-26.683276333789244
25207,2026-01-28,NO NAVEGA. LEDS PARPADEANDO/NO AMARRA,BASICO TV + INTERNET FIBRA 75MB,LOS ROJO AMBOS SERVCIOS,,2026-01-30,1500374,ACTIVO,VIRREY,BTPTDD251D9F,AC,BASINT30,2016-04-14,BTPTDD251D9F,3576.0,2,25207,-22.328969428007923
42737,2026-01-28,CAMBIO DE ACOMETIDA,INTERNET FIBRA 75MB,SIN COSTO TIT ENTERADO PIDE FERNANDO,,2026-01-28,1500374,ACTIVO,VIRREY,XPONDD3E6DED,AC,INT30,2023-05-05,XPONDD3E6DED,999.0,0,42737,-38.46690581854047
40774,2026-01-28,EQUIPO DA?ADO,INTERNET FIBRA 75MB,CLIENTE ENTERADO PIDE ING DANIE,,2026-01-28,1500926,PENDIENTE DESCONEXION,PERIODISMO,,,,,,,0,40774,-21.891703431372527
45496,2026-01-28,NO NAVEGA. LEDS PARPADEANDO/NO AMARRA,BASICO TV + INTERNET FIBRA 60MB,LOS ROJO,"QUIERE CAMBIO DE UBICACION DE MODEM,    NIKO, ROBERTO SANCHEZ",2026-02-07,1500926,CORTADO,PERIODISMO,HWTCAF3AD67E,CO,BASINT20,2025-08-08,HWTCAF3AD67E,173.0,10,45496,-28.176900299850086
18911,2026-01-29,NO NAVEGA. LEDS PARPADEANDO/NO AMARRA,BASICO TV + INTERNET FIBRA 250MB ($399),LOS ROJO,,2026-01-30,1500047,ACTIVO,MADERO,XPONDD7E9B4E,AC,BASINTF250,2015-10-12,XPONDD7E9B4E,3762.0,1,18911,-22.88670776255709
33769,2026-01-29,NO NAVEGA. LEDS PARPADEANDO/NO AMARRA,INTERNET FIBRA 60MB,,,2026-02-01,1500285,ACTIVO,VIRREY,485754438543408B,AC,INT20,2018-05-04,485754438543408B,2827.0,3,33769,-26.373603303747565
46225,2026-01-29,NO NAVEGA. LEDS FIJOS/RUIDO,BASICO TV + INTERNET FIBRA 250MB ($399),NO NAVEGA,"ER, EQUIPO TRABADO SE REVISA CON EL TECNICO EN EL DOMICILIO",2026-01-29,1501177,ACTIVO,NINO ARTILLERO,XPONDD7EA3B6,AC,BASINTF250,2026-01-02,XPONDD7EA3B6,27.0,0,46225,-22.501665471066463
42021,2026-01-29,NO NAVEGA. LEDS FIJOS/RUIDO,BASICO TV + INTERNET FIBRA 250MB ($399),PIDE VISITA POR FALLAS,,2026-01-30,1500047,ACTIVO,PRADOS VERDES,CDTCAFA3BB46,AC,BASINTF250,2022-12-02,CDTCAFA3BB46,1154.0,1,42021,-19.244843151341055
19624,2026-01-29,NO NAVEGA. LEDS PARPADEANDO/NO AMARRA,BASICO TV + INTERNET FIBRA 250MB ($399),TIENE MUCHA DESCONEXION,,2026-01-30,1500047,ACTIVO,MADERO,HWTCAF8FFE8D,AC,BASINTF250,2015-11-06,HWTCAF8FFE8D,3737.0,1,19624,-29.929498858447566
40324,2026-01-29,NO NAVEGA. LEDS FIJOS/RUIDO,INTERNET FIBRA 60MB,MODEM APAGADO,,2026-02-03,1500285,ACTIVO,MADERO,485754435D31A78B,AC,INT20,2022-02-15,485754435D31A78B,1444.0,5,40324,-30.25192237442923
33485,2026-01-29,NO NAVEGA. LEDS FIJOS/RUIDO,BASICO TELECABLE FIBRA,,,2026-01-31,1500047,CORTESIA,MADERO,HWTC1DD408EA,,,,,,2,33485,-20.600166666666667
42199,2026-01-29,NO NAVEGA. LEDS PARPADEANDO/NO AMARRA,BASICO TV + INTERNET FIBRA 60MB,ESTA FUERA DE LINEA REQUIERE VISITA,,2026-01-30,1500047,CORTADO,PRADOS VERDES,XPONDD3A38A0,CO,BASINT20,2023-01-16,XPONDD3A38A0,1109.0,1,42199,-35.292480842911665
45933,2026-01-29,NO NAVEGA. LEDS PARPADEANDO/NO AMARRA,BASICO TV + INTERNET FIBRA 250MB ($399),AMBOS SERVICIOS,,2026-02-01,1500039,ACTIVO,PERIODISMO,XPONDD7EA6D6,AC,BASINTF250,2025-11-04,XPONDD7EA6D6,86.0,3,45933,-28.436714142928622
17266,2026-01-29,NO NAVEGA. LEDS PARPADEANDO/NO AMARRA,INTERNET FIBRA 45MB (NO VIGENTE),LOS ROJO SE GENERA OS OTRA VEZ TECNICOCOMENTA QUE NO VA A PASAR POR QUESE LE DESCOMPUSO EL CARRO,,2026-01-30,1500047,ACTIVO,PRADOS VERDES,485754432B0D9285,AC,INT10,2015-08-13,485754432B0D9285,3822.0,1,17266,-26.27972365900384
40427,2026-01-29,NO NAVEGA. LEDS FIJOS/RUIDO,INTERNET FIBRA 75MB,,,2026-02-01,1500046,ACTIVO,PERIODISMO,XPONDD5FE514,AC,INT30,2022-11-25,XPONDD5FE514,1161.0,3,40427,-29.483857729138467
33843,2026-01-29,NO NAVEGA. LEDS PARPADEANDO/NO AMARRA,INTERNET FIBRA 75MB,LOS ROJO,,2026-02-04,1500374,ACTIVO,BELO,485754439D81ECA9,AC,INT30,2018-05-15,485754439D81ECA9,2816.0,6,33843,-25.91973438212492
43205,2026-01-29,NO NAVEGA. LEDS PARPADEANDO/NO AMARRA,BASICO TV + INTERNET FIBRA 75MB,LOS ROJO AMBOS SERVICIOS,,2026-02-04,1500046,ACTIVO,PERIODISMO,XPONDD437F0B,AC,BASINT30,2023-08-11,XPONDD437F0B,902.0,6,43205,-26.8984407796103
33252,2026-01-30,NO NAVEGA. LEDS PARPADEANDO/NO AMARRA,BASICO TV + INTERNET FIBRA 45MB (NO VIGENTE),REPORTA TIT,,2026-02-01,1500039,ACTIVO,PERIODISMO,"30469A5DF100, CDTCAFA3B59A",AC,BASINT10,2018-01-31,"30469A5DF100, CDTCAFA3B59A",2921.0,2,33252,-22.771419753086427
46387,2026-01-30,NO NAVEGA. LEDS FIJOS/RUIDO,BASICO TV + INTERNET FIBRA 250MB ($399),SIN SERV EN AMBOS SERVICIOS,,2026-01-31,1500047,BAJA,MADERO,,BA,BASINTF250,2026-01-28,,2.0,1,46387,-26.948722943722956
28347,2026-01-30,NO NAVEGA. LEDS FIJOS/RUIDO,BASICO TV + INTERNET FIBRA 60MB,NO SE PUEDE CONECTAR,,2026-02-03,1500285,ACTIVO,PEDREGAL,XPONDD291630,AC,BASINT20,2016-10-31,XPONDD291630,3378.0,4,28347,-26.43967852257174
40889,2026-01-30,NO NAVEGA. LEDS PARPADEANDO/NO AMARRA,INTERNET FIBRA 75MB,LOS ROJO,,2026-02-04,1500504,ACTIVO,PERIODISMO,OPTI38CO6FB5,AC,INT30,2022-06-02,OPTI38CO6FB5,1338.0,5,40889,-31.414523988006078
1185,2026-01-30,CAMBIO DE ACOMETIDA,BASICO TV + INTERNET FIBRA 60MB,TEC SOLICITA,,2026-01-30,1500374,CORTADO,VIRREY,XPONDD4C7702,CO,BASINT20,2014-01-08,XPONDD4C7702,4405.0,0,1185,-24.241722140039638
38962,2026-01-30,NO NAVEGA. LEDS PARPADEANDO/NO AMARRA,INTERNET FIBRA 75MB,,,2026-02-01,1500285,ACTIVO,VISTA BELLA,XPONDD290720,AC,INT30,2021-08-10,XPONDD290720,1634.0,2,38962,-25.77599521203837
45682,2026-01-30,NO NAVEGA. LEDS PARPADEANDO/NO AMARRA,BASICO TV + INTERNET FIBRA 250MB ($399),,"ER, SE RECOMIENDA VISIATA",2026-02-03,1501177,ACTIVO,NINO ARTILLERO,HWTCAF3B013E,AC,BASINTF250,2025-09-17,HWTCAF3B013E,135.0,4,45682,-20.765385316917445
344209,2026-01-30,NO NAVEGA. LEDS PARPADEANDO/NO AMARRA,INTERNET FIBRA 75MB,LOS ROJO,,2026-02-01,1500285,ACTIVO,BELO,485754437E06758B,AC,INT30,2014-04-24,485754437E06758B,4299.0,2,344209,-23.411208390332934
26568,2026-01-30,NO NAVEGA. LEDS PARPADEANDO/NO AMARRA,INTERNET FIBRA 45MB (NO VIGENTE),LOS ROJO,,2026-02-01,1500046,ACTIVO,BELO,XPONDD3E70CD,AC,INT10,2016-07-06,XPONDD3E70CD,3495.0,2,26568,-22.014726402188742
30424,2026-01-30,CAMBIO DE ACOMETIDA,INTERNET FIBRA 120MB,CLIENTE ENTERADO SI COSTO PIDE DAVID,,2026-01-31,1500285,ACTIVO,BELO,XPONDD3F600F,AC,INT50,2017-02-25,XPONDD3F600F,3261.0,1,30424,-20.98810601915183
30424,2026-01-30,EQUIPO DA?ADO,INTERNET FIBRA 120MB,CLIENTE ENTERADO SI COSTO PIDE DAVID,,2026-01-31,1500285,ACTIVO,BELO,XPONDD3F600F,AC,INT50,2017-02-25,XPONDD3F600F,3261.0,1,30424,-20.98810601915183
46341,2026-01-31,NO NAVEGA. LEDS PARPADEANDO/NO AMARRA,BASICO TV + INTERNET FIBRA 250MB ($399),LOS ROJO,,2026-02-03,1500285,ACTIVO,PRADOS VERDES,CDTCAFA3BB16,AC,BASINTF250,2026-01-30,CDTCAFA3BB16,1.0,3,46341,-30.99655092592593
41957,2026-01-31,NO NAVEGA. LEDS PARPADEANDO/NO AMARRA,INTERNET FIBRA 75MB,LOS ROJO,,2026-02-03,1500039,ACTIVO,PEDREGAL,HWTCAFAA09F5,AC,INT30,2026-01-30,HWTCAFAA09F5,1.0,3,41957,-39.99077099737533
45796,2026-01-31,NO NAVEGA. LEDS PARPADEANDO/NO AMARRA,BASICO TV + INTERNET FIBRA 250MB ($399),FUERA DE LINEA REQUIERE VISITA,,2026-02-03,1500047,ACTIVO,PUNHUATO,HWTCAF3AAF42,AC,BASINTF250,2025-10-07,HWTCAF3AAF42,116.0,3,45796,-37.096022571819404
351875,2026-01-31,NO NAVEGA. LEDS PARPADEANDO/NO AMARRA,INTERNET FIBRA 60MB,LOS ROJO,,2026-02-03,1500285,ACTIVO,MADERO,XPONDD7E96D6,AC,INT20,2025-10-29,XPONDD7E96D6,94.0,3,351875,-20.773530821917827
36885,2026-01-31,NO NAVEGA. LEDS PARPADEANDO/NO AMARRA,INTERNET FIBRA 45MB (NO VIGENTE),LOS ROJO,,2026-02-03,1500039,ACTIVO,PEDREGAL,444437322E11A5D8,AC,INT10,2020-09-17,444437322E11A5D8,1962.0,3,36885,-28.731576607387133
351880,2026-01-31,NO NAVEGA. LEDS PARPADEANDO/NO AMARRA,BASICO TV + INTERNET FIBRA 75MB,LOS ROJO,,2026-02-03,1500285,ACTIVO,PRADOS VERDES,BTPTDD2711FA,AC,BASINT30,2017-10-03,BTPTDD2711FA,3042.0,3,351880,-19.037866858237606
21900,2026-01-31,NO NAVEGA. LEDS PARPADEANDO/NO AMARRA,BASICO TV + INTERNET FIBRA 45MB (NO VIGENTE),LOS ROJO,,2026-02-03,1500285,ACTIVO,MADERO,BTPTDD271122,AC,BASINT10,2016-01-06,BTPTDD271122,3678.0,3,21900,-26.10306698950764
44818,2026-01-31,NO NAVEGA. LEDS PARPADEANDO/NO AMARRA,INTERNET FIBRA 60MB,LOS ROJO,,2026-02-10,1500039,ACTIVO,PEDREGAL,XPONDD4C53CA,AC,INT20,2024-11-20,XPONDD4C53CA,437.0,10,44818,-26.077921796625578
35280,2026-01-31,NO NAVEGA. LEDS PARPADEANDO/NO AMARRA,BASICO TV + INTERNET FIBRA 75MB,FUERA DE SERVICIO,,2026-02-03,1500039,ACTIVO,PEDREGAL,XPONDD396134,AC,BASINT30,2019-03-04,XPONDD396134,2525.0,3,35280,-23.792428180574735
46397,2026-01-31,NO NAVEGA. LEDS PARPADEANDO/NO AMARRA,BASICO TV + INTERNET FIBRA 250MB ($399),LOS ROJO,,2026-02-04,1501054,ACTIVO,GALAXIAS,CDTCAFA3B582,AC,BASINTF250,2026-01-29,CDTCAFA3B582,2.0,4,46397,-38.67409356725146
5634,2026-01-31,NO NAVEGA. LEDS FIJOS/RUIDO,BASICO TV + INTERNET FIBRA 250MB ($399),LOS ROJO SE ACABA DE INSTALAR,,2026-02-03,1500039,ACTIVO,PERIODISMO,XPONDD91A1FE,AC,BASINTF250,2014-04-24,XPONDD91A1FE,4300.0,3,5634,-38.192
42295,2026-01-31,NO NAVEGA. LEDS FIJOS/RUIDO,INTERNET FIBRA 60MB,SIN ACCESO LA RED,JV SE ATENDIO CON EL TECNICO,2026-02-01,1501451,ACTIVO,VIRREY,XPONDD45BHEA,AC,INT20,2023-02-08,XPONDD45BHEA,1088.0,1,42295,-22.58744945759368
346624,2026-01-31,NO NAVEGA. LEDS FIJOS/RUIDO,BASICO TV + INTERNET FIBRA 75MB,SIN ACCESO A LA RED,,2026-02-04,1500039,ACTIVO,PERIODISMO,48575443F429CC9F,AC,BASINT30,2014-10-07,48575443F429CC9F,4134.0,4,346624,-23.2323625687158
10369,2026-01-31,NO NAVEGA. LEDS PARPADEANDO/NO AMARRA,INTERNET FIBRA 60MB,LOS ROJO,,2026-02-04,1500039,ACTIVO,PERIODISMO,XPONAF19C7C4,AC,INT20,2025-09-26,XPONAF19C7C4,127.0,4,10369,-23.264141679160428
